Serbuk	NN
dari	IN
pohon	NN
jenis	NN
ini	PRD
menyebabkan	VB
alergi	NN
bagi	IN
banyak	ID
orang	NN
.	Z

Sebuah	DT
ledakan	NN
terdengar	VB
keras	JJ
di	IN
kompleks	NN
Gedung	NNP
Parlemen	NNP
Irak	NNP
,	Z
Kamis	NNP
(	Z
12/04/2007	SYM
)	Z
.	Z

Keindahan	NN
Gunung	NNP
Rinjani	NNP
tak	RB
tergambarkan	VB
.	Z

Sebentar	NN
lagi	RB
pesawatnya	NN
akan	MD
tinggal	VB
landas	VB
.	Z

Jakarta	NNP
-	SYM
Kementerian	NNP
Pertahanan	NNP
akan	MD
mengadakan	VB
program	NN
Bela	NNP
Negara	NNP
bagi	IN
setiap	DT
warga	NN
negara	NN
.	Z

Hentakan	VB
kombinasi	NN
berbagai	ID
alat	NN
musik	NN
dimainkan	VB
oleh	IN
para	DT
santri	NN
ponpes	NN
asuhan	NN
ulama	NN
karismatik	JJ
Maimun	NNP
Zubair	NNP
.	Z

Semuanya	NN
sudah	RB
pergi	VB
.	Z

Semua	NN
membaca	VB
.	Z

Banyak	ID
petani	NN
mati	VB
kelaparan	VB
.	Z

Bejo	NNP
merupakan	MD
tukang	NN
tambal	NN
ban	NN
pinggir	NN
jalan	NN
.	Z

Partai	NNP
Golkar	NNP
mendukung	VB
penuh	RB
interpelasi	NN
Dahlan	NNP
Iskan	NNP
.	Z

Halal	JJ
bihalal	JJ
juga	RB
diramaikan	VB
anak-anak	NN
kecil	JJ
kerabat	NN
Omay	NNP
.	Z

Hanya	RB
saja	RB
KPK	NNP
belum	RB
menentukan	VB
sikap	NN
terkait	VB
permintaan	NN
pihak	NN
Damayanti	NNP
.	Z

Sejumlah	ID
kadernya	NN
terbelit	VB
kasus	NN
hukum	NN
.	Z

Akibat	SC
insiden	NN
ini	PRD
sebuah	DT
rumah	NN
hangus	RB
terbakar	VB
.	Z

Anak-anak	NN
itu	PRD
sudah	RB
siap	VB
untuk	IN
mengikuti	VB
ujian	NN
akhir	NN
semester	NN
.	Z

Presiden	NN
menunggu	VB
DPR	NNP
.	Z

Paman	NN
memberi	VB
buku	NN
kepada	IN
saya	PRP
.	Z

Jakarta	NNP
-	SYM
Dinamika	NN
pencalonan	NN
Kapolri	NNP
kali	NN
ini	PRD
cukup	RB
mendapat	VB
sorotan	NN
.	Z

Kita	PRP
sudah	RB
jalan	VB
hampir	RB
satu	CD
jam	NN
.	Z

''	Z
Waktu	NN
itu	PRD
saya	PRP
kena	VB
di	IN
perempatan	NN
Tomang	NNP
.	Z

Baginya	PO
itu	PRD
tidak	RB
menjadi	VB
soal	NN
.	Z

Penggeledahan	NN
itu	PRD
nampaknya	VB
sudah	RB
memasuki	VB
tahap	NN
akhir	NN
.	Z

Oh	UH
,	Z
turun	VB
hujan	NN
lagi	RB
.	Z

Mereka	PRP
adalah	MD
Abu	NNP
Barro	NNP
,	Z
Abu	NNP
Hudnaefah	NNP
dan	CC
Dzawin	NNP
Nuha	NNP
.	Z

Jakarta	NNP
-	SYM
Janda	NNP
Munir	NNP
,	Z
Suciwati	NNP
,	Z
menemui	VB
Jaksa	NNP
Agung	NNP
(	Z
Jagung	NNP
)	Z
Abdul	NNP
Rahman	NNP
Saleh	NNP
di	IN
Kejagung	NNP
,	Z
Jl.	NNP
Hasanuddin	NNP
,	Z
Jakarta	NNP
Selatan	NNP
,	Z
Kamis	NNP
(	Z
02/12/2004	SYM
)	Z
.	Z

Palu	NNP
-	SYM
Profesi	NNP
wartawan	NN
kian	RB
tak	RB
aman	JJ
.	Z

''	Z
Mari	UH
kita	PRP
bangun	VB
bersama	RB
partai	NN
ini	PRD
.	Z

Pak	NNP
TP	NNP
harus	MD
sadar	JJ
ini	PRD
amanah	NN
dari	IN
Presiden	NN
.	Z

''	Z
Saya	PRP
sudah	RB
tahu	VB
warna	NN
para	DT
Kajati	NNP
.	Z

Tidak	RB
boleh	MD
semua	ID
orang	NN
masuk	VB
.	Z

Ada	VB
benarnya	NN
juga	RB
lho	UH
.	Z

Aduh	UH
,	Z
masih	RB
tidur	VB
anak	NN
ini	PRD
.	Z

Pagi-pagi	NN
kami	PRP
berangkat	VB
menuju	VB
Shenzhen	NNP
.	Z

ujar	VB
Kabareskrim	NNP
Komjen	NNP
Pol	NNP
Susno	NNP
Duadji	NNP
usai	SC
mengikuti	VB
acara	NN
rakor	NN
Polri	NNP
di	IN
Gedung	NNP
Auditorium	NN
PTIK	NNP
,	Z
Jl	NNP
Tirtayasa	NNP
,	Z
Jakarta	NNP
Selatan	NNP
,	Z
Rabu	NNP
(	Z
28/01/2009	SYM
)	Z
.	Z

155.200	CD
diantaranya	PO
adalah	MD
jamaah	NN
haji	NN
reguler	JJ
.	Z

''	Z
Orangtuanya	NN
memang	RB
sering	RB
bertengkar	VB
.	Z

Tidak	RB
apa-apa	NN
Kamu	PRP
sudah	RB
banyak	RB
membantu	VB
saya	PRP
.	Z

Anda	PRP
sekalian	ID
boleh	MD
berenang	VB
sekarang	NN
.	Z

Anda	PRP
sekalian	ID
mau	MD
membeli	VB
apa	WH
.	Z

Jakarta	NNP
-	SYM
Ketua	NNP
Mahkamah	NNP
Agung	NNP
(	Z
MA	NNP
)	Z
Harifin	NNP
Tumpa	NNP
meresmikan	VB
35	CD
gedung	NN
pengadilan	NN
baru	JJ
di	IN
seluruh	ID
Indonesia	NNP
.	Z

Dia	PRP
sudah	RB
membeli	VB
sebuah	DT
mobil	NN
.	Z

Jakarta	NNP
-	SYM
Polda	NNP
Metro	NNP
Jaya	NNP
menangkap	VB
lima	CD
pembobol	NN
toko	NN
emas	NN
Mulia	JJ
di	IN
Pasar	NNP
Sunter	NNP
,	Z
Tanjung	NNP
Priok	NNP
,	Z
Jakarta	NNP
Utara	NNP
,	Z
Rabu	NNP
(	Z
17-Nov	SYM
)	Z
lalu	JJ
.	Z

Anak-anak	NN
boleh	MD
menonton	VB
film	NN
itu	PRD
.	Z

Dalam	IN
kasus	NN
suap	NN
ini	PRD
,	Z
KPK	NNP
sudah	RB
mencegah	VB
tujuh	CD
orang	NN
.	Z

''	Z
Kami	PRP
melakukannya	VO
di	IN
tengah	NN
suramnya	NN
peta	NN
konflik	NN
di	IN
Libanon	NNP
.	Z

Partai-partai	NN
itu	PRD
di	IN
antaranya	PO
adalah	MD
Partai	NNP
Demokrasi	NNP
Indonesia	NNP
Perjuangan	NNP
(	Z
PDIP	NNP
)	Z
,	Z
Partai	NNP
Gerindra	NNP
,	Z
Partai	NNP
Nasdem	NNP
,	Z
Partai	NNP
Keadilan	NNP
Sejahtera	NNP
(	Z
PKS	NNP
)	Z
,	Z
dan	CC
Partai	NNP
Amanat	NNP
Nasional	NNP
(	Z
PAN	NNP
)	Z
.	Z

Burung	NN
itu	PRD
kembali	VB
ke	IN
alam	NN
di	IN
kawasan	NN
Taman	NNP
Nasional	NNP
Manupeu	NNP
Tanadaru	NNP
(	Z
TNMT	NNP
)	Z
.	Z

Ketiganya	CD
merupakan	MD
anggota	NN
Komisi	NNP
IX	NNP
DPR	NNP
dari	IN
Fraksi	NNP
TNI/Polri	NNP
tahun	NN
1999	CD
-	SYM
2004	CD
.	Z

Isi	NN
kamar	NN
pun	P
bermacam-macam	VB
.	Z

Buku	NN
itu	PRD
sudah	RB
dibacanya	VB
.	Z

Pak	NN
sopir	NN
ini	PRD
baik	JJ
hati	NN
bener	RB
.	Z

Maklumlah	P
mereka	PRP
teman	NN
baik	JJ
.	Z

Keledai	NN
itu	PRD
masih	RB
hidup	VB
.	Z

Pamannya	NN
pernah	RB
menghadiri	VB
jamuan	NN
negara	NN
.	Z

''	Z
Mereka	PRP
menggunakan	VB
pola	NN
lompat	VB
katak	NN
.	Z

Dalam	IN
pergaulan	NN
sehari-hari	NN
kita	PRP
harus	MD
saling	RB
menghargai	VB
.	Z

Tidak	RB
ada	VB
korban	NN
jiwa	NN
dalam	IN
kebakaran	NN
ini	PRD
.	Z

Eh	UH
,	Z
belum	RB
juga	RB
keluar	VB
dia	PRP
.	Z

Dalam	IN
kasus	NN
ini	PRD
,	Z
KPK	NNP
telah	RB
banyak	JJ
memeriksa	VB
para	DT
saksi	NN
.	Z

Diantaranya	PO
,	Z
juara	NN
I	CD
tari	NN
Saman	NNP
,	Z
Aceh	NNP
saat	SC
mengikuti	VB
kontes	NN
tari	NN
di	IN
universitasnya	NN
.	Z

Wah	UH
,	Z
sungguh	RB
cantik	JJ
gadis	NN
itu	PRD
.	Z

Perdagangan	NN
antara	IN
kedua	CD
negara	NN
pasti	MD
menguntungkan	VB
kedua	CD
pihak	NN
.	Z

Mahasiswa	NN
itu	PRD
sangat	RB
rindu	VB
kepada	IN
kakaknya	NN
.	Z

Polisi	NN
masih	RB
melakukan	VB
pemeriksaan	NN
.	Z

M	NNP
Nuh	NNP
didampingi	VB
Kasat	NNP
Reskrim	NNP
Polres	NNP
Jaksel	NNP
AKBP	NNP
Hermawan	NNP
.	Z

Fraksi-fraksi	NN
mendukung	VB
mantan	JJ
Kapolda	NNP
Sumut	NNP
itu	PRD
.	Z

Tidurnya	NN
beberapa	ID
hari	NN
ini	PRD
kurang	RB
baik	JJ
.	Z

Pada	IN
Senin	NNP
kemarin	NN
,	Z
tim	NN
Syaiful	NNP
hanya	RB
memeriksa	VB
Sekretaris	NNP
KPUD	NNP
Abdullah	NNP
Ahmad	NNP
.	Z

Dhana	NNP
juga	RB
diperiksa	VB
soal	NN
asal	NN
muasal	NN
hartanya	NN
.	Z

Lengan	NN
baju	NN
disingsingkan	VB
.	Z

Bersama	RB
481	CD
KK	NNP
lain	JJ
dalam	IN
RW	NNP
9	CD
Kelurahan	NNP
Pisangan	NNP
Timur	NNP
,	Z
mereka	PRP
digusur	VB
Pemda	NNP
Kotamadya	NNP
Jakarta	NNP
Timur	NNP
.	Z

Anggapan	NN
itu	PRD
sangat	RB
keliru	JJ
.	Z

''	Z
Tadi	NN
di	IN
sini	PRD
(	Z
aula	NN
timur	NN
)	Z
penuh	JJ
sekali	RB
.	Z

Ibu	NN
hanya	RB
dapat	MD
menamatkan	VB
pelajaran	NN
sekolah	NN
dasar	NN
.	Z

Kemenlu	NNP
juga	RB
sudah	RB
meminta	VB
klarifikasi	NN
dari	IN
Kedubes	NNP
Malaysia	NNP
di	IN
Indonesia	NNP
.	Z

Kebakaran	NN
itu	PRD
diduga	VB
akibat	SC
korsleting	JJ
listrik	NN
.	Z

Kemajuan	NN
saya	PRP
ini	PRD
tak	RB
lepas	VB
dari	IN
bantuan	NN
Saudara	NNP
.	Z

Jakarta	NNP
-	SYM
Ketua	NNP
Dewan	NNP
Pembina	NNP
Partai	NNP
Demokrat	NNP
Susilo	NNP
Bambang	NNP
Yudhyono	NNP
menetapkan	VB
target	NN
perolehan	NN
suara	NN
minimal	JJ
15	CD
persen	NN
untuk	IN
Pemilu	NNP
2014	CD
.	Z

Departemen	NN
ini	PRD
khusus	JJ
mengurus	VB
kesehatan	NN
penduduk	NN
.	Z

''	Z
Nanti	NN
dari	IN
mesin	NN
mulai	VB
dari	IN
biji-bijian	NN
.	Z

Itu	PRD
adalah	MD
resiko	NN
.	Z

Karangan	NN
bunga	NN
ini	PRD
ditujukan	VB
kepada	IN
tiga	CD
anggota	NN
polisi	NN
itu	PRD
.	Z

Klip	NN
itu	PRD
sekarang	NN
sudah	RB
dihapus	VB
.	Z

Jakarta	NNP
-	SYM
Kapolda	NNP
Kalbar	NNP
Brigjen	NNP
Arief	NNP
Sulityanto	NNP
punya	VB
kesibukan	NN
lain	JJ
.	Z

''	Z
Kita	PRP
lihat	VB
dulu	RB
sifat	NN
izin	NN
itu	PRD
.	Z

Jakarta	NNP
-	SYM
Ketua	NNP
Umum	NNP
Golkar	NNP
Aburizal	NNP
Bakrie	NNP
akan	MD
bertemu	VB
Presiden	NNP
Susilo	NNP
Bambang	NNP
Yudhoyono	NNP
(	Z
SBY	NNP
)	Z
sore	NN
nanti	NN
.	Z

Kami	PRP
semua	ID
tahu	VB
susahnya	NN
tugas	NN
itu	PRD
.	Z

''	Z
(	Z
Pelanggan	NN
)	Z
ada	VB
direktur	NN
perusahaan	NN
swasta	JJ
nasional	JJ
,	Z
ada	VB
orang	NN
Malaysia	NNP
.	Z

Saya	PRP
berganti	VB
sepatu	NN
dulu	RB
.	Z

Mereka	PRP
berasal	VB
dari	IN
Beijing	NNP
.	Z

Dalam	IN
aksinya	NN
,	Z
4	CD
kawanan	NN
perampok	NN
ini	PRD
selalu	RB
membawa	VB
senjata	NN
tajam	JJ
.	Z

Manado	NNP
-	SYM
Pencurian	NN
benda	NN
pusaka	NN
terjadi	VB
di	IN
Museum	NNP
Negeri	NNP
Provinsi	NNP
Sulawesi	NNP
Utara	NNP
(	Z
Sulut	NNP
)	Z
di	IN
Manado	NNP
.	Z

Lho	UH
Pemain	NN
bulu	NN
tangkis	NN
bisa	MD
cedera	VB
juga	RB
.	Z

Perubahan	NN
iklim	NN
merupakan	MD
tantangan	NN
bagi	IN
Maladewa	NNP
.	Z

''	Z
Hasil	NN
pemilu	NNP
legislatif	JJ
kan	P
belum	RB
kelihatan	VB
masih	RB
terlalu	RB
dinilah	NN
.	Z

Toni	NNP
adalah	MD
seorang	DT
pengusaha	NN
penyewaan	NN
kapal	NN
tongkang	NN
.	Z

Lain	JJ
kali	NN
datang	VB
lagi	RB
ya	UH
.	Z

Perusahaan	NN
ayahnya	NN
mulai	VB
berkembang	VB
tahun	NN
ini	PRD
.	Z

''	Z
Pertama	OD
tahun	NN
2014	CD
,	Z
binatang	NN
masih	RB
banyak	JJ
.	Z

Sudah	RB
minum	VB
.	Z

Kamar	NN
itu	PRD
kamar	NN
Li	NNP
Li	NNP
.	Z

Biasanya	RB
saya	PRP
pakai	VB
ukuran	NN
X	CD

Reza	NNP
juga	RB
bisa	MD
mengancam	VB
dirinya	PRF
sendiri	PRF
.	Z

Ma	NNP
Li	NNP
pun	P
bertamasya	VB
ke	IN
Gunung	NNP
Baiyun	NNP
.	Z

Plat	NN
nomor	NN
polisi	NN
mobil	NN
tersebut	PRD
tertulis	VB
'	Z
RI	NNP
1964	CD
'	Z
.	Z

Air	NN
menggenang	VB
di	IN
bagian	NN
lantai	NN
halte	NN
.	Z

Serangan	NN
ini	PRD
terjadi	VB
di	IN
sebuah	DT
gereja	NN
di	IN
kota	NNP
Saint-Etienne-du-Rouvray	NNP
di	IN
wilayah	NN
Normandy	NNP
,	Z
Prancis	NNP
utara	NNP
.	Z

''	Z
Saya	PRP
menghadap	VB
ke	IN
depan	NN
warna	NN
saya	PRP
sudah	RB
jelas	JJ
merah	JJ
.	Z

Dia	PRP
pun	P
kembali	VB
ke	IN
Moskow	NNP
pada	IN
tahun	NN
2008	CD
.	Z

Hal	NN
ini	PRD
sempat	MD
beberapa	ID
kali	NN
memicu	VB
emosi	NN
para	DT
anggota	NN
Panja	NNP
.	Z

Saat	SC
ini	PRD
barang	NN
bukti	NN
sudah	RB
diamankan	VB
.	Z

Olimpiade	NNP
Beijing	NNP
memang	RB
fantastis	JJ
.	Z

Saya	PRP
sudah	RB
harus	MD
masuk	VB
pesawat	NN
,	Z
Pak	NN
.	Z

Kita	PRP
pesan	VB
minuman	NN
saja	RB
nanti	NN
.	Z

Rumah	NN
ini	PRD
kepunyaan	NN
saya	PRP
.	Z

Apa	WH
yang	PRL
enak	JJ
di	IN
sini	PRD
.	Z

Dalam	IN
dakwaan	NN
,	Z
oditur	NN
juga	RB
menyebut	VB
beberapa	ID
barang	NN
bukti	NN
.	Z

AA	NNP
ditangkap	VB
di	IN
sebuah	DT
hotel	NN
bintang	NN
lima	CD
di	IN
wilayah	NN
Jakarta	NNP
Selatan	NNP
,	Z
Jumat	NNP
(	Z
08-May	SYM
)	Z
tadi	RB
malam	NN
.	Z

Demo	NN
sebagian	ID
besar	JJ
diikuti	VB
oleh	IN
ibu-ibu	NN
.	Z

Widjanarko	NNP
telah	RB
ditahan	VB
di	IN
LP	NNP
Cipinang	NNP
.	Z

Kampus	NN
kami	PRP
terletak	VB
di	IN
kaki	NN
gunung	NN
.	Z

Kini	RB
jenazah	NN
Ramses	NNP
disemayamkan	VB
di	IN
rumah	NN
duka	NN
RS	NNP
PGI	NNP
Cikini	NNP
.	Z

Warga	NN
Dusun	NNP
Kedayon	NNP
RT	NNP
15-Apr	CD
Desa	NNP
Sumput	NNP
,	Z
Kecamatan	NNP
Kota	NNP
,	Z
Sidoarjo	NNP
ini	PRD
tergabung	VB
dalam	IN
Kloter	NN
17	CD
embarkasi	NN
Surabaya	NNP
.	Z

''	Z
Saya	PRP
sudah	RB
laporkan	VB
situasi	NN
perbatasan	NN
ke	IN
Kodam	NNP
IX	NNP
Udayana	NNP
.	Z

Jakarta	NNP
-	SYM
Menjelang	IN
sore	NN
hari	NN
,	Z
Gubernur	NNP
DKI	NNP
Jakarta	NNP
Joko	NNP
Widodo	NNP
(	Z
Jokowi	NNP
)	Z
menyambangi	VB
warga	NN
di	IN
Rusun	NNP
Marunda	NNP
.	Z

Jakarta	NNP
-	SYM
Terjadi	VB
penembakan	NN
di	IN
Pos	NNP
Pengamanan	NNP
,	Z
Gemblegan	NNP
,	Z
Solo	NNP
.	Z

Saragih	NNP
dipanggil	VB
KPK	NNP
untuk	IN
kali	NN
pertama	OD
pada	IN
Jumat	NNP
(	Z
14/01/2011	SYM
)	Z
.	Z

Semua	ID
itu	PRD
terjadi	VB
cepat	JJ
bagai(kan)	IN
kejapan	NN
mata	NN
.	Z

Habis	SC
mandi	VB
,	Z
saya	PRP
membaca	VB
buku	NN
sebentar	RB
.	Z

Sempat	MD
terjadi	VB
kericuhan	NN
dalam	IN
aksi	NN
itu	PRD
.	Z

para	DT
tamu	NN
universitas	NN
kami	PRP
menghadiri	VB
pertemuan	NN
itu	PRD
.	Z

Panggil	VB
saya	PRP
'	Z
Xiao	NNP
Wang	NNP
'	Z
saja	RB
.	Z

Aku	PRP
sudah	RB
blusukan	VB
di	IN
kantong-kantong	NN
TKI	NNP
di	IN
sini	PRD
.	Z

Jakarta	NNP
-	SYM
Seleksi	NN
pimpinan	NN
Komisi	NNP
Yudisial	NNP
(	Z
KY	NNP
)	Z
akan	MD
ditutup	VB
pada	IN
Kamis	NNP
(	Z
21-May	SYM
)	Z
nanti	NN
.	Z

Dalam	IN
penjualan	NN
tersebut	PRD
Yayasan	NNP
Pusaka	NNP
juga	RB
mengandeng	VB
PT	NNP
Asbo	NNP
Citra	NNP
Mandiri	NNP
.	Z

Aduh	UH
Mau	MD
gimana	WH
lagi	RB
aku	PRP
juga	RB
bingung	JJ
nih	UH
.	Z

Celana	NN
jinsnya	NN
terlalu	RB
ketat	JJ
.	Z

Keempat	OD
,	Z
UE	NNP
ingin	MD
mengimbangi	VB
operasi	NN
kemanusiaan	NN
besar-besaran	JJ
oleh	IN
pasukan	NN
AS	NNP
di	IN
Aceh	NNP
pasca-tsunami	NN
.	Z

Selain	IN
rawan	JJ
telantar	VB
,	Z
calhaj	NNP
nonkouta	NN
juga	RB
tidak	RB
mendapatkan	VB
asuransi	NN
.	Z

Bella	NNP
datang	VB
sekitar	RB
pukul	NN
11.00	SYM
WIB	NNP
di	IN
Kejagung	NNP
,	Z
Jl	NNP
Sultan	NNP
Hasanuddin	NNP
,	Z
Jakarta	NNP
,	Z
Rabu	NNP
(	Z
19/11/2014	SYM
)	Z
.	Z

Ini	PRD
melebihi	VB
prediksi	NN
awal	NN
.	Z

Jakarta	NNP
-	SYM
Polemik	NNP
pemilihan	NN
kepala	NN
daerah	NN
oleh	IN
DPRD	NNP
terus	RB
bergulir	VB
.	Z

Ayah	NN
pandai	JJ
sekali	RB
menjalankan	VB
mesin	NN
macam	NN
ini	PRD
.	Z

Di	IN
Banjarmasin	NNP
,	Z
Kalla	NNP
juga	RB
berkunjung	VB
ke	IN
kediaman	NN
tokoh	NN
agama	NN
setempat	NN
KH	NNP
M.	NNP
Djazouly	NNP
Seman	NNP
.	Z

Saat	SC
ini	PRD
akan	MD
kita	PRP
kembangkan	VB
.	Z

Orang	NN
tua	JJ
gadis	NN
itu	PRD
menolak	VB
pinangan	NN
pacarnya	NN
.	Z

Maklumlah	P
dia	PRP
orang	NN
Guangdong	NNP
.	Z

Jangan-jangan	RB
elite	FW
PD	NNP
memang	RB
sengaja	VB
menyembunyikan	VB
Nazaruddin	NNP
di	IN
negeri	NN
itu	PRD
.	Z

Dia	PRP
juga	RB
telah	RB
divonis	VB
terkait	VB
kasus	NN
suap	NN
DGS	NNP
BI	NNP
.	Z

Satu	CD
di	IN
antaranya	PO
meminta	VB
suaka	NN
kepada	IN
pemerintah	NN
Kanada	NNP
.	Z

Anak-anak	NN
tersebut	PRD
diculik	VB
oleh	IN
ISIS	NNP
di	IN
Suriah	NNP
pada	IN
Mei	NNP
lalu	JJ
.	Z

Ah	UH
,	Z
jangan	RB
tanya	VB
terus	RB
.	Z

Sang	DT
murid	NN
merekam	VB
secara	IN
rahasia	NN
tindakan	NN
guru	NN
tersebut	PRD
.	Z

Kami	PRP
sudah	RB
memesan	VB
dua	CD
kamar	NN
untuk	IN
tujuh	CD
malam	NN
.	Z

Petugas	NN
pun	P
lalu	SC
menutup	VB
palang	NN
pintu	NN
kereta	NN
.	Z

Mereka	PRP
adalah	MD
Benhard	NNP
Wilhem	NNP
Lapian	NNP
,	Z
Mas	NN
Isman	NNP
,	Z
I	NNP
Gusti	NNP
Ngurah	NNP
Made	NNP
Agung	NNP
,	Z
Ki	NNP
Bagus	NNP
Hadikusumo	NNP
,	Z
serta	CC
Komisaris	NN
Jenderal	NNP
Purn	NNP
Dr.	NNP
H	NNP
Moehammad	NNP
Jasin	NNP
.	Z

Pemerintah	NN
kita	PRP
sudah	RB
menyadari	VB
pentingnya	NN
pelestarian	NN
sumber-sumber	NN
alam	NN
.	Z

Saya	PRP
tinggal	VB
di	IN
kamar	NN
Wisma	NNP
Dosen	NNP
Tamu	NNP
.	Z

Kopor	NN
ini	PRD
kepunyaan	NN
Ibu	NN
.	Z

Harga	NN
itu	PRD
tentu	RB
meroket	VB
seiring	NN
perjalanan	NN
waktu	NN
.	Z

Ya	UH
Ada	VB
apa	WH
?	Z

Buku	NN
itu	PRD
buku	NN
baru	JJ
.	Z

Murid-murid	NN
itu	PRD
selalu	RB
berkejar-kejaran	VB
di	IN
jalan	NN
.	Z

Yasonna	NNP
hanya	RB
menjalankan	VB
putusan	NN
Mahkamah	NNP
Partai	NNP
Golkar	NNP
.	Z

Kamar	NN
kami	PRP
selantai	NN
.	Z

Beratus-ratus	ID
orang	NN
datang	VB
ke	IN
tempat	NN
ini	PRD
setiap	DT
sore	NN
.	Z

Kita	PRP
sama-sama	RB
mahasiswa	NN
jurusan	NN
bahasa	NN
Indonesia	NNP
.	Z

Keluarga	NN
ini	PRD
pun	P
hanya	RB
bisa	MD
mengenang	VB
perjuangan	NN
Margonda	NNP
dari	IN
cerita	NN
.	Z

Mereka	PRP
bermain	VB
tembak-tembakan	NN
di	IN
rumah	NN
GA	NNP
di	IN
Jl	NNP
Kasuari	NNP
,	Z
Kecamatan	NNP
Palu	NNP
Selatan	NNP
,	Z
Palu	NNP
.	Z

Ada	VB
1.100	CD
orang	NN
.	Z

Pos	NN
darurat	NN
seperti	IN
pos	NN
kesehatan	NN
.	Z

Bapak	NN
nggak	RB
boleh	MD
di	IN
sini	PRD
'	Z
.	Z

Itu	PRD
tergantung	VB
dari	IN
manusianya	NN
.	Z

Semangka	NN
itu	PRD
manis	JJ
rasanya	NN
.	Z

Berita-berita	NN
tentang	IN
kedatangan	NN
tamu	NN
negara	NN
telah	RB
memenuhi	VB
halaman	NN
surat	NN
kabar	NN
.	Z

Bahasa	NNP
Tionghoa	NNP
berkembang	VB
pesat	JJ
beberapa	ID
tahun	NN
ini	PRD
.	Z

Beberapa	ID
binatang	NN
juga	RB
tampak	VB
kotor	JJ
.	Z

Selain	IN
/	SYM
kecuali	IN
saya	PRP
,	Z
mereka	PRP
juga	RB
pernah	RB
bertamasya	VB
ke	IN
Pulau	NNP
Bali	NNP
.	Z

Jakarta	NNP
-	SYM
Gempa	NN
5,3	CD
skala	NNP
richter	NNP
(	Z
SR	NNP
)	Z
mengguncang	VB
wilayah	NN
Saumlaki	NNP
,	Z
Maluku	NNP
.	Z

''	Z
Kami	PRP
masih	RB
cek	VB
satu	CD
per	CD
satu	CD
.	Z

Para	DT
penumpang	NN
mobil	NN
tidak	RB
sempat	MD
melarikan	VB
diri	PRF
.	Z

Mongolia	NNP
hanya	RB
memiliki	VB
satu	CD
pilihan	NN
di	IN
antara	IN
berbagai	ID
permintaan	NN
lain	JJ
dari	IN
Amerika	NNP
Serikat	NNP
.	Z

Jakarta	NNP
-	SYM
TNI	NNP
AD	NNP
berduka	VB
.	Z

Mahasiswa	NN
semuanya	RB
tinggal	VB
di	IN
asrama	NN
.	Z

Ricky	NNP
sendiri	PRF
merupakan	MD
napi	NN
kasus	NN
sabu	NN
.	Z

Hem	UH
,	Z
kamu	PRP
berani	JJ
membantah	VB
aku	PRP
.	Z

''	Z
Sopir	NN
tronton	NN
sudah	RB
diamankan	VB
.	Z

Lalu	NN
lintas	NN
Monas-HI	NNP
pun	P
macet	JJ
total	JJ
.	Z

Kanci	NN
juga	RB
masih	RB
aman	JJ
.	Z

Pesawat	NN
itu	PRD
jatuh	VB
,	Z
Minggu	NNP
(	Z
14/04/2013	SYM
)	Z
.	Z

Penanggulangan	NN
masalah	NN
narkoba	NN
harus	MD
menggunakan	VB
paradigma	NN
baru	JJ
.	Z

Kami	PRP
juga	RB
menempatkan	VB
Prajurit	NN
kami	PRP
di	IN
Afganistan	NNP
.	Z

Ahmad	NNP
Basarah	NNP
(	Z
berpeci	VB
)	Z

Pisau	NN
itu	PRD
jatuh	VB
di	IN
depan	NN
istanaku	NN
.	Z

Penyerahan	NN
gelar	NN
itu	PRD
akan	MD
diserahkan	VB
langsung	RB
oleh	IN
Presiden	NNP
Filipina	NNP
Benigno	NNP
S.	NNP
Aquino	NNP
III	CD
pada	IN
jamuan	NN
santap	VB
malam	NN
kenegaraan	NN
.	Z

Keberadaan	NN
Nunun	NNP
juga	RB
tidak	RB
diketahui	VB
.	Z

Kamu	PRP
harus	MD
membuat	VB
kalimat	NN
sepandaimu	NN
.	Z

Cuma	RB
dua	CD
orang	NN
saja	RB
pergi	VB
ke	IN
sana	PRD
.	Z

Kasus	NN
alkes	NNP
Wali	NN
Kota	NN
Tangsel	NNP
juga	RB
bagian	NN
dari	IN
keluarga	NN
Atut	NNP
.	Z

Kenapa	WH
keluar	VB
uang	NN
miliaran	ID
dollar	NN
?	Z

Inilah	PRD
kamar	NN
khusus	JJ
untuk	IN
tamu	NN
.	Z

Komnas	NNP
HAM	NNP
merekomendasikan	VB
penolakan	NN
hukuman	NN
mati	VB
.	Z

Saya	PRP
biasanya	RB
pakai	VB
ukuran	NN
M	SYM

Sejumlah	ID
buku	NN
milk	FW
Fethullah	NNP
Gulen	NNP
disita	VB
dalam	IN
penggerebekan	NN
polisi	NN
di	IN
Gaziemir	NNP
.	Z

Arus	NN
lalu	NN
lintas	NN
pun	P
tersendat	VB
akibat	SC
peristiwa	NN
itu	PRD
.	Z

Perhiasan	NN
senilai	NN
Rp	NNP
60	CD
juta	CD
itu	PRD
pun	P
raib	VB
.	Z

Olahragawan	NN
negeri	NN
kami	PRP
unggul	JJ
dalam	IN
beberapa	ID
cabang	NN
olahraga	NN
.	Z

Kami	PRP
hidup	VB
di	IN
kota	NN
besar	JJ
.	Z

Resep	NN
ini	PRD
diserahkan	VB
Lu	NNP
Li	NNP
ke	IN
apotek	NN
.	Z

Dalam	IN
perkara	NN
ini	PRD
,	Z
polisi	NN
menetapkan	VB
21	CD
orang	NN
tersangka	NN
.	Z

Kali	NN
ini	PRD
Fauzi	NNP
mengunjungi	VB
Kantor	NN
Dinas	NNP
Pemadam	NNP
Kebakaran	NNP
DKI	NNP
.	Z

Pelaku	NN
ditangkap	VB
Senin	NNP
(	Z
01/02/2010	SYM
)	Z
.	Z

Dosen	NN
kami	PRP
pandai	JJ
mendekati	VB
siswanya	NN
.	Z

Kemungkinan	NN
sekali	RB
Ibu	NN
juga	RB
menderita	VB
anemia	NN
.	Z

48,4	CD
persen	NN
tidak	RB
tahu	VB
/	SYM
tidak	RB
jawab	VB
/	SYM
rahasia	NN
.	Z

G	NNP
akhirnya	RB
diserahkan	VB
di	IN
Polsek	NNP
Sinjunjung	NNP
bersama	RB
adiknya	NN
.	Z

Tidak	RB
ada	VB
hubungan	NN
sama	JJ
sekali	RB
,	Z
''	Z
tandasnya	SP
.	Z

Kami	PRP
sudah	RB
pesan	VB
tempat	NN
di	IN
Restoran	NNP
Guangzhou	NNP
untuk	IN
merayakan	VB
kerjasama	NN
kita	PRP
.	Z

Peran	NN
ulama	NN
sangat	RB
penting	JJ
.	Z

Pelantikan	NN
akan	MD
digelar	VB
di	IN
Istana	NNP
Negara	NNP
,	Z
Jakarta	NNP
pukul	NN
10.00	SYM
WIB	NNP
.	Z

Jumlah	NN
Pemilih	NN
Berkurang	VB
.	Z

Perdamaian	NN
di	IN
Irak	NNP
sangat	RB
bergantung	VB
pada	IN
tekad	NN
dari	IN
dalam	IN
negeri	NN
,	Z
kerja	NN
sama	NN
internasional	JJ
.	Z

Adiknya	NN
duduk	VB
saja	RB
pagi	NN
ini	PRD
.	Z

PDIP	NNP
,	Z
PKB	NNP
,	Z
Hanura	NNP
,	Z
dan	CC
NasDem	NNP
,	Z
walk	FW
out	FW
.	Z

Sekarang	NN
sayur-sayur	NN
ini	PRD
mau	MD
diapakan	VB
.	Z

Pengundian	NN
akan	MD
dilakukan	VB
pukul	NN
14.00	SYM
WIB	NNP
.	Z

Mungkin	RB
dia	PRP
belum	RB
banyak	JJ
pengalaman	NN
di	IN
pertandingan	NN
tingkat	NN
dunia	NN
.	Z

Jadwal	NN
selengkapnya	JJ
diurus	VB
Sekretariat	NNP
Dewan	NNP
(	Z
setwan	NNP
)	Z
DPRD	NNP
Jateng	NNP
.	Z

Tingginya	JJ
gunung	NN
itu	PRD
tidak	RB
dapat	MD
diukur	VB
.	Z

Dia	PRP
berjalan	VB
kaki	NN
secepat	JJ
mungkin	RB
.	Z

Jakarta	NNP
-	SYM
Para	DT
pemudik	NN
bertindak	VB
sangat	RB
antisipatif	JJ
.	Z

Jakarta	NNP
-	SYM
Bayu	NNP
seorang	DT
tersangka	VB
penyerangan	NN
di	IN
Solo	NNP
,	Z
memberikan	VB
pengakuan	NN
di	IN
melalui	IN
video	NN
.	Z

Tugas	NN
militer	JJ
Harry	NNP
di	IN
Afghanistan	NNP
berakhir	VB
pada	IN
21	CD
Januari	NNP
waktu	NN
setempat	NN
.	Z

Mereka	PRP
berasal	VB
dari	IN
19	CD
SKPD	NNP
di	IN
DKI	NNP
Jakarta	NNP
.	Z

Ruhut	NNP
menyampaikan	VB
hal	NN
serupa	NN
.	Z

''	Z
4	CD
Kendaraan	NN
itu	PRD
rusak	JJ
berat	JJ
.	Z

Setiap	DT
satu	CD
jenis	NN
tes	NN
membutuhkan	VB
biaya	NN
Rp	NNP
30	CD
ribu	CD
.	Z

Mereka	PRP
langsung	RB
disambut	VB
para	DT
tokoh	NN
ulama	NN
PKB	NNP
.	Z

Jakarta	NNP
-	SYM
Bupati	NNP
Supriori	NNP
Papua	NNP
Barat	NNP
Jules	NNP
Fitzgerald	NNP
Warikar	NNP
diancam	VB
hukuman	NN
penjara	NN
20	CD
tahun	NN
.	Z

Kapan	WH
habis	VB
waktu	NN
berlakunya	NN
.	Z

Melihatnya	VO
saja	RB
pun	P
kami	PRP
tak	RB
pernah	RB
.	Z

Pada	IN
Selasa	NNP
kemarin	NN
,	Z
Nazaruddin	NNP
akan	MD
melakukan	VB
'	Z
perlawanan	NN
'	Z
lewat	IN
blognya	NN
.	Z

Buku	NN
ini	PRD
sangat	RB
berarti	VB
bagi	IN
saya	PRP
.	Z

''	Z
Kami	PRP
tak	RB
punya	VB
uang	NN
sebanyak	ID
itu	PRD
.	Z

Keotentikan	NN
statemen	NN
ini	PRD
tidak	RB
bisa	MD
diverifikasi	VB
secara	IN
independen	JJ
.	Z

Kita	PRP
maafkan	VB
saja	RB
.	Z

Politikus	NN
Partai	NNP
Demokrat	NNP
Ruhut	NNP
Sitompul	NNP
pun	P
ikut	VB
interupsi	NN
.	Z

''	Z
Sekarang	NN
saatnya	NN
membersihkan	VB
mereka	PRP
dari	IN
semua	ID
struktur	NN
.	Z

Sebagian	ID
publik	NN
juga	RB
asyik	JJ
memperbincangkan	VB
peristiwa	NN
tersebut	PRD
.	Z

Cobalah	P
beberapa	ID
saati	NN
lagi	RB
.	Z

Ketua	NNP
Komnas	NNP
HAM	NNP
Disoraki	NNP

Buku	NN
tebal-tebal	JJ
pun	P
dibaca	VB
oleh	IN
anak	NN
itu	PRD
juga	RB
.	Z

Jakarta	NNP
-	SYM
Para	DT
perwira	NN
senior	JJ
Angkatan	NNP
Darat	NNP
(	Z
AD	NNP
)	Z
dari	IN
30	CD
negara	NN
se-Asia	NNP
Pasifik	NNP
berkumpul	VB
di	IN
Jakarta	NNP
.	Z

Orang	NN
itu	PRD
paman	NN
saya	PRP
.	Z

Kedua	CD
tanggul	NN
ini	PRD
terpisah	VB
sekitar	RB
1	CD
km	NN
.	Z

Saya	PRP
masih	RB
lajang	JJ
,	Z
Bu	NN
,	Z
pacar	NN
pun	P
belum	RB
punya	VB
.	Z

Ketua	NN
kelas	NN
kami	PRP
sudah	RB
memberitahukan	VB
hal	NN
ini	PRD
kepada	IN
kami	PRP
.	Z

Pemeran	NN
tokoh	NN
utama	JJ
film	NN
itu	PRD
berganti-ganti	VB
.	Z

Satu	CD
per	CD
satu	CD
kami	PRP
naik	VB
ke	IN
dalam	IN
bus	NN
.	Z

Jakarta	NNP
-	SYM
Elektabilitas	NN
Walikota	NN
Surabaya	NNP
Tri	NNP
Rismaharini	NNP
(	Z
Risma	NNP
)	Z
dalam	IN
beberapa	ID
survei	NN
jelang	VB
Pilgub	NNP
DKI	NNP
2017	CD
makin	RB
meningkat	VB
.	Z

Penyebabnya	RB
satu	CD
mobil	NN
Toyota	NNP
Kijang	NNP
terbakar	VB
.	Z

Kali	NNP
Sunter	NNP
menjadi	VB
penyumbang	NN
utama	JJ
banjir	NN
di	IN
Kelapa	NNP
Gading	NNP
.	Z

Tentara	NN
Jepang	NNP
sudah	RB
menguasai	VB
kota	NNP
Nanjing	NNP
.	Z

Hal	NN
ini	PRD
diamini	VB
Muhaimin	NNP
.	Z

Ketua	NNP
PN	NNP
Denpasar	NNP
Nengah	NNP
Suryada	NNP
mendapat	VB
kiriman	NN
surat	NN
.	Z

Jadi	SC
tidak	RB
sembarangan	JJ
orang	NN
dapat	MD
remisi	NN
.	Z

SBY-Kalla	NNP
tiba	VB
di	IN
bandara	NN
Patimura	NNP
,	Z
Papua	NNP
pukul	NN
17.00	SYM
WIT	NNP
.	Z

Tidak	RB
ada	VB
,	Z
semuanya	RB
barang-barang	NN
keperluan	NN
sehari-hari	NN
.	Z

''	Z
Awalnya	RB
cetak	VB
biasa	JJ
,	Z
cetak-cetak	VB
nota	NN
.	Z

Di	IN
kota	NN
ini	PRD
juga	RB
terdapat	VB
banyak	ID
pendatang	NN
baru	JJ
.	Z

Dia	PRP
merasa	VB
dirinya	PRF
masih	RB
kurang	RB
.	Z

Jakarta	NNP
-	SYM
Tapak	NNP
Suci	NNP
Putera	NNP
Muhammadiyah	NNP
menggelar	VB
acara	NN
jalan	NN
sehat	JJ
bersama	RB
di	IN
kawasan	NN
car	FW
free	FW
day	FW
Monas	NNP
.	Z

Sudah	RB
memesan	VB
tempatnya	NN
.	Z

Ia	PRP
dapat	MD
berenang	VB
satu	CD
jam	NN
.	Z

Maklum	VB
mereka	PRP
berdua	CD
sama-sama	RB
beragama	VB
Katolik	NNP
.	Z

Semua	ID
usahanya	NN
sia-sia	JJ
belaka	RB
.	Z

Tanki	NNP
nomor	NN
24	CD
Depo	NNP
Plumpang	NNP
terbakar	VB
pada	IN
Minggu	NNP
18	CD
Januari	NNP
2009	CD
.	Z

Kami	PRP
akan	MD
beri	VB
kabar	NN
secepatnya	RB
.	Z

10.	Z
S.	NNP
Sudjojono	NNP
,	Z
Di	IN
Depan	NN
Kelambu	NNP
Terbuka	VB
,	Z
1939	CD

70	CD
persennya	NN
pasien	NN
miskin	JJ
.	Z

15.	Z
Sudjono	NNP
Abdullah	NNP
,	Z
Diponegoro	NNP
,	Z
1947	CD

Pengendara	NN
sepeda	NN
motor	NN
menjadi	VB
korban	NN
akibat	SC
perang	NN
batu	NN
.	Z

Kedua	CD
kapal	NN
ini	PRD
berada	VB
di	IN
dalam	IN
sektor	NN
5	CD
Selat	NNP
Karimata	NNP
.	Z

Kamu	PRP
akan	MD
lebih	RB
humanis	JJ
.	Z

Saksi	NN
fakta	NN
tersebut	PRD
merupakan	MD
karyawan	NN
bagian	NN
hukum	NN
PT	NNP
CPI	NNP
,	Z
Gunawan	NNP
Sjamsudin	NNP
.	Z

Di	IN
sisi	NN
lain	JJ
,	Z
Hagus	NNP
menangkis	VB
alasan	NN
Gingseng	NNP
.	Z

Situasi	NN
ekonomi	NN
keluarga	NN
kita	PRP
tidak	RB
mengizinkannya	VO
.	Z

Korsel	NNP
memiliki	VB
angka	NN
bunuh	VB
diri	NN
tertinggi	JJS
di	IN
kalangan	NN
negara-negara	NN
anggota	NN
Organisation	NNP
for	NNP
Economic	NNP
Cooperation	NNP
and	FW
Development	NNP
.	Z

Telinganya	NN
pun	P
hampir	RB
putus	VB
.	Z

Pembobolan	NN
toko	NN
emas	NN
Mulia	JJ
di	IN
Pasar	NNP
Sunter	NNP
,	Z
Tanjung	NNP
Priok	NNP
,	Z
Jakarta	NNP
Utara	NNP
,	Z
terjadi	VB
para	DT
Rabu	NNP
(	Z
17-Nov	SYM
)	Z
dini	NN
hari	NN
lalu	SC
.	Z

Puluhan	ID
orang	NN
pun	P
sempat	MD
melakukan	VB
perlawanan	NN
.	Z

Kamar	NN
itu	PRD
penuh	JJ
dengan	IN
tamu	NN
.	Z

Teman	NN
sekelas	NN
saya	PRP
itu	PRD
suka	VB
menyindir	VB
orang	NN
.	Z

Pekalongan	NNP
-	SYM
Pengadilan	NNP
Negeri	NNP
(	Z
PN	NNP
)	Z
Pekalongan	NNP
menjatuhkan	VB
vonis	NN
3	CD
bulan	NN
penjara	NN
potong	VB
masa	NN
tahanan	NN
kepada	IN
Waliyah	NNP
(	Z
57	CD
)	Z
.	Z

Tindak	NN
tanduk	NN
orang	NN
itu	PRD
diawasi	VB
polisi	NN
.	Z

Mereka	PRP
adalah	MD
warga	NN
RT	NNP
2	CD
,	Z
3	CD
,	Z
4	CD
,	Z
5	CD
RW	NNP
11	CD
Meruya	NNP
Utara	NNP
.	Z

Satu	CD
per	CD
satu	CD
ciri-ciri	NN
korban	NN
mulai	VB
terkuak	VB
.	Z

Jaraknya	NN
memang	RB
cukup	RB
jauh	JJ
dari	IN
Masjid	NNP
Nabawi	NNP
.	Z

Sayur-sayuran	NN
semacam	RB
itu	PRD
perlu	MD
diairi	VB
dua	CD
kali	NN
tiap	DT
hari	NN
.	Z

Bagasinya	NN
diambil	VB
di	IN
mana	WH
.	Z

Bisa	MD
minta	VB
beberapa	ID
gantungan	NN
pakaian	NN
.	Z

Dia	PRP
bukan	RB
polisi	NN
kaya	JJ
raya	JJ
.	Z

Buku	NN
baru	JJ
itu	PRD
buku	NN
tata	NN
bahasa	NN
Ma	NNP
Li	NNP
.	Z

Suara	NN
ledakan	NN
sendiri	PRF
terdengar	VB
cukup	RB
keras	JJ
pada	IN
jarak	NN
4	CD
kilometer	NN
dari	IN
lokasi	NN
kejadian	NN
.	Z

Kasus	NN
ini	PRD
baru	RB
pertama	OD
kali	NN
terjadi	VB
.	Z

Coba	VB
perutnya	NN
dikembungkan	VB
.	Z

Dia	PRP
mengemukakan	VB
usul	NN
tentang	IN
penyelesaian	NN
hal	NN
itu	PRD
dalam	IN
rapat	NN
kemarin	NN
.	Z

Sekitar	IN
100-an	ID
foto-foto	NN
itu	PRD
ditunjukkan	VB
kerabat	NN
keluarga	NN
Kerajaan	NNP
Kelantan	NNP
M	NNP
Iqbal	NNP
Ismail	NNP
Fahmi	NNP
dalam	IN
jumpa	VB
pers	NN
di	IN
Izzi	NNP
Pizza	NNP
,	Z
Blok	NNP
M	NNP
,	Z
Jakarta	NNP
Selatan	NNP
,	Z
Kamis	NNP
(	Z
23/4/2009	SYM
)	Z
malam	NN
.	Z

Dia	PRP
Sekjen	NNP
Deplu	NNP
tahun	NN
2003	CD
-	SYM
2004	CD
dan	CC
mantan	JJ
Dubes	NNP
RI	NNP
untuk	IN
Amerika	NNP
Serikat	NNP
.	Z

Anggota	NN
DPR	NNP
banyak	JJ
mendapat	VB
temuan	NN
dari	IN
aspirasi	NN
masyarakat	NN
di	IN
dapil	NN
masing-masing	PRP
,	Z
terutama	RB
saat	SC
reses	NN
.	Z

Jakarta	NNP
-	SYM
Hakim	NN
PN	NNP
Jaksel	NNP
memvonis	VB
denda	NN
Rp	NNP
150	CD
ribu	CD
subsider	NN
4	CD
hari	NN
kurungan	NN
penjara	NN
bagi	IN
para	DT
pembuang	NN
sampah	NN
sembarangan	JJ
.	Z

Adiknya	NN
juga	RB
mahasiswa	NN
jurusan	NN
bahasa	NN
Inggris	NNP
.	Z

Tingginya	JJ
bisa	MD
mencapai	VB
3	CD
centimeter	NN
di	IN
atas	IN
mata	NN
kaki	NN
.	Z

Mereka	PRP
jaga	VB
malam	NN
di	IN
sana	PRD
secara	IN
bergantian	VB
.	Z

Ilham	NNP
mengabulkan	VB
permintaan	NN
Hengky	NNP
tersebut	PRD
.	Z

Sekali	NN
pun	P
adiknya	NN
tak	RB
pernah	RB
pergi	VB
ke	IN
Beijing	NNP
.	Z

Hasil	NN
pertemuan	NN
tersebut	PRD
menemukan	VB
sebuah	DT
rumusan	NN
dalam	IN
penyelesaian	NN
masalah	NN
narkotika	NN
di	IN
Asia	NNP
.	Z

Organisasi	NN
sayap	NN
Partai	NNP
Kebangkitan	NNP
Bangsa	NNP
(	Z
PKB	NNP
)	Z
ini	PRD
juga	RB
akan	MD
turut	NN
andil	NN
dalam	IN
pilgub	NNP
2018	CD
.	Z

''	Z
Saya	PRP
bukan	RB
pengedar	NN
ganja	NN
.	Z

Kami	PRP
akan	MD
bertamasya	VB
ke	IN
Indonesia	NNP
untuk	IN
kedua	OD
kali	NN
.	Z

Di	IN
dalam	IN
kamar	NN
saya	PRP
ada	VB
dua	CD
kursi	NN
.	Z

Bajunya	NN
kotor	JJ
kena	VB
tinta	NN
.	Z

Coba	VB
saya	PRP
cek	VB
dulu	RB
ya	UH
.	Z

Dalam	IN
perhitungan	NN
KPK	NNP
,	Z
biaya	NN
keseluruhan	NN
pembangunan	NN
gedung	NN
nilainya	NN
mencapai	VB
Rp	NNP
225,712	CD
miliar	CD
.	Z

Jawablah	VB
pertanyaan	NN
saya	PRP
ini	PRD
.	Z

Dalam	IN
PBI	NNP
tahun	NN
2004	CD
diatur	VB
rasio	NN
kecukupan	NN
modal	NN
(	Z
CAR	NNP
)	Z
minimal	JJ
3	CD
persen	NN
.	Z

Sekolah	NN
gratis	JJ
bagi	IN
siapa	WH
pun	P
itu	PRD
kini	NN
memiliki	VB
58	CD
siswa	NN
kelas	NN
VII-IX	SYM
.	Z

Pukulannya	NN
tidak	RB
kena	VB
.	Z

Luka	NN
sayatan	NN
di	IN
wajahnya	NN
diduga	VB
luka	NN
bekas	NN
bacokan	NN
.	Z

Tidak	RB
ada	VB
masalah	NN
nyata	JJ
di	IN
dalam	IN
negeri	NN
.	Z

Mulai	IN
hari	NN
ini	PRD
saya	PRP
akan	MD
bangun	VB
pagi-pagi	RB
.	Z

''	Z
Mereka	PRP
manusia	NN
biasa	JJ
.	Z

Kita	PRP
harus	MD
selalu	RB
awas	JJ
terhadap	IN
gerak-gerik	NN
musuh	NN
kita	PRP
.	Z

Arsyad	NNP
harus	MD
memasang	VB
cincin	NN
kateter	NN
di	IN
jantungnya	NN
.	Z

Ratusan	ID
orang	NN
berkerumun	VB
di	IN
lokasi	NN
kejadian	NN
.	Z

Dia	PRP
dituduh	VB
menghina	VB
seorang	DT
gadis	NN
.	Z

Sebanyak	JJ
2500	CD
dari	IN
meereka	X
bermukim	VB
distrik	NN
Nasr	NNP
,	Z
Kairo	NNP
.	Z

Jakarta	NNP
-	SYM
Kasus	NN
pencurian	NN
di	IN
pusat	NN
perbelanjaan	NN
kembali	RB
terjadi	VB
.	Z

Petang	NN
ini	PRD
jenasah	X
diterbangkan	VB
ke	IN
tanah	NN
kelahiran	NN
di	IN
Sanglah	NNP
Denpasar	NNP
.	Z
''	Z

Kami	PRP
akan	MD
menyiapkan	VB
presentasi	NN
untuk	IN
itu	PRD
.	Z

Mereka	PRP
mencurahkan	VB
perhatiannya	NN
pada	IN
hal	NN
itu	PRD
.	Z

Paman	NN
membacakan	VB
surat	NN
itu	PRD
untuk	IN
kami	PRP
.	Z

Dari	IN
mana	WH
Anda	PRP
datang	VB
.	Z

Toni	NNP
akan	MD
menyerahkan	VB
rumah	NN
itu	PRD
pada	IN
adiknya	NN
.	Z

''	Z
Surat	NN
edaran	NN
itu	PRD
tidak	RB
dikenal	VB
dalam	IN
ranah	NN
hukum	NN
.	Z

Mereka	PRP
tidak	RB
pernah	RB
menggunakan	VB
penutup	NN
wajah	NN
.	Z

Kapan	WH
pembuktian	NN
itu	PRD
dilakukan	VB
?	Z

Surat	NN
kabar	NN
terjual	VB
oleh	IN
kakaknya	NN
.	Z

Jakarta	NNP
-	SYM
Isu	NN
reshuffle	FW
kabinet	NN
gencar	JJ
dibicarakan	VB
.	Z

Universitas	NN
mereka	PRP
agak	RB
besar	JJ
.	Z

Di	IN
sini	PRD
tampak	VB
timbunan	NN
buah	NN
mentimun	NN
.	Z

Pemanggilan	NN
harus	MD
benar-benar	RB
serius	JJ
.	Z

Perkembangan	NN
kasus	NN
ini	PRD
juga	RB
menambah	VB
tersangka	VB
baru	JJ
dari	IN
pihak	NN
perbankan	NN
.	Z

Pagi-pagi	NN
mereka	PRP
sudah	RB
bangun	VB
.	Z

Jadi	SC
hakim	NN
kita	PRP
punya	VB
tempat	NN
steril	JJ
.	Z

Ma	NNP
Li	NNP
dan	CC
Hai	NNP
Di	NNP
seasrama	NN
.	Z

Guangzhou	NNP
terletak	VB
di	IN
bagian	NN
delta	NN
Sungai	NNP
Mutiara	NNP
di	IN
tepi	NN
Laut	NNP
Tiongkok	NNP
Selatan	NNP
.	Z

Bapak	NN
beli	VB
asuransi	NN
penerbangan	NN
tidak	RB
.	Z

Di	IN
sepanjang	NN
Jl	NNP
HR	NNP
Rasuna	NNP
Said	NNP
,	Z
bendera	NN
merah	JJ
putih	NN
juga	RB
terpasang	VB
setengah	ID
tiang	NN
.	Z

Ada	VB
warna	NN
apa	WH
saja	RB
.	Z

Asrama	NN
kami	PRP
lantainya	NNP
bersih	JJ
.	Z

Kapan	WH
ibu	NN
Anda	PRP
pulang	VB
.	Z

Jakarta	NNP
-	SYM
Kejaksaan	NNP
Agung	NNP
(	Z
Kejagung	NNP
)	Z
tengah	RB
mengusut	VB
kasus	NN
dugaan	NN
korupsi	NN
pembangunan	NN
Pembangkit	NNP
Listrik	NNP
Tenaga	NNP
Uap	NNP
(	Z
PLTU	NNP
)	Z
di	IN
Sampit	NNP
,	Z
Kalimantan	NNP
Tengah	NNP
.	Z

Jakarta	NNP
-	SYM
Kapolda	NNP
Sulselbar	NNP
Irjen	NNP
Anton	NNP
Setiadi	NNP
sudah	RB
mendapat	VB
laporan	NN
soal	NN
penangkapan	NN
Guru	NNP
Besar	NNP
Hukum	NNP
Unhas	NNP
Prof	NNP
Musakkir	NNP
di	IN
sebuah	DT
hotel	NN
bersama	VB
seorang	DT
mahasiswi	NN
.	Z

Ma	NNP
Li	NNP
masih	RB
mandi	VB
.	Z

''	Z
Tiga	CD
setengah	ID
buku	NN
dibuat	VB
saat	SC
saya	PRP
di	IN
penjara	NN
.	Z

Itu	PRD
menggambarkan	VB
ketidakmampuan	NN
pimpinan	NN
Polri	NNP
di	IN
Sumut	NNP
.	Z

Hem	UH
,	Z
bukakan	VB
pintu	NN
tak	RB
mau	MD
.	Z

Dari	IN
para	DT
pelaku	NN
,	Z
polisi	NN
menyita	VB
sejumlah	ID
barang	NN
bukti	NN
alat	NN
kejahatan	NN
.	Z

Kelima	CD
tersangka	NN
itu	PRD
saat	SC
ini	PRD
masih	RB
menjalani	VB
pemeriksaan	NN
intensif	JJ
di	IN
Mapolda	NNP
Metro	NNP
Jaya	NNP
.	Z

Jakarta	NNP
-	SYM
Ervan	NNP
Adi	NNP
Nugroho	NNP
,	Z
direktur	NN
PT	NNP
Paramount	NNP
Enterprise	NNP
International	NNP
pagi	NN
ini	PRD
mendatangi	VB
gedung	NN
Komisi	NNP
Pemberantasan	NNP
Korupsi	NNP
(	Z
KPK	NNP
)	Z
.	Z

''	Z
Saudara-saudara	NN
mari	UH
pulang	VB
.	Z

''	Z
Saya	PRP
akan	MD
tunggu	VB
prosesnya	NN
.	Z

Di	IN
dalam	IN
rahim	NN
Ibu	NN
terlihat	VB
sebuah	DT
tumor	NN
kecil	JJ
.	Z

Aksi	NN
ini	PRD
melibatkan	VB
puluhan	ID
orang	NN
tua	JJ
korban	NN
vaksin	NN
palsu	JJ
.	Z

Beberapa	ID
penginapan	NN
terlihat	VB
sepi	JJ
pengunjung	NN
.	Z

Anak	NN
kecil	JJ
tidak	RB
terhitung	VB
.	Z

Mereka	PRP
turun-temurun	VB
tinggal	VB
di	IN
sini	PRD
.	Z

Saya	PRP
bisa	MD
ancam	VB
saya	PRP
sendiri	PRF
via	IN
SMS	NNP
.	Z

Kerjakanlah	NN
PR	NN
ini	PRD
dengan	IN
sebaik-baiknya	RB
.	Z

Anda	PRP
melihat	VB
Ma	NNP
Li	NNP
di	IN
rumahnya	NN
.	Z

Kuasa	NN
perusahaan	NN
itu	PRD
jarang	JJ
menampakkan	VB
batang	NN
hidungnya	NN
.	Z

Hasil	NN
pertandingan	NN
kesebelasan	NN
sepak	NN
bola	NN
kami	PRP
agak	RB
mengecewakan	VB
.	Z

Mereka	PRP
berjalan	VB
menuju	VB
ke	IN
arah	NN
itu	PRD
.	Z

Ketua	NNP
Komisi	NNP
A	NNP
DPRD	NNP
Bagus	NNP
Santoso	NNP
mengungkapkan	VB
hal	NN
itu	PRD
dalam	IN
perbincangan	NN
detikcom	NNP
,	Z
Jumat	NNP
(	Z
29/07/2011	SYM
)	Z
di	IN
Pekanbaru	NNP
.	Z

Ini	PRD
diproses	VB
oleh	IN
reskrim	NN
saya	PRP
.	Z

Suasana	NN
memanas	VB
saat	SC
pemilihan	NN
pimpinan	NN
DPR	NNP
.	Z

Pohon	NN
tumbang	VB
di	IN
Semarang	NNP
(	Z
Angling	NNP
/	SYM
detikcom	NNP
)	Z

Anaknya	NN
dipukul	VB
oleh	IN
anak	NN
berandalan	VB
.	Z

Di	IN
bawah	NN
pemerintahan	NN
Soeharto	NNP
,	Z
Golkar	NNP
menjadi	VB
alat	NN
kekuasaan	NN
pemerintah	NN
pada	IN
waktu	NN
itu	PRD
.	Z

Keterangan	NN
dari	IN
warga	NN
,	Z
hanya	RB
bisa	MD
didapat	VB
dari	IN
ketua	NN
RW	NNP
setempat	NN
.	Z

Tiba-tiba	RB
saja	RB
mereka	PRP
mengubah	VB
rencana	NN
itu	PRD
.	Z

Kepolisian	NN
Malaysia	NNP
masih	RB
menyelidiki	VB
insiden	NN
ini	PRD
.	Z

Sebuah	DT
beko	NN
terpanggir	VB
di	IN
pinggir	NN
setu	NN
.	Z

Menurutnya	PO
,	Z
saat	NN
ini	PRD
juga	RB
masih	RB
banyak	ID
pekerja	NN
di	IN
kantor	NN
Depkeu	NNP
.	Z

Coba	VB
tebak	VB
.	Z

Pengunjung	NN
bubar	VB
.	Z

Pemerintah	NN
harus	MD
berani	JJ
mengambil	VB
resiko	NN
tidak	RB
populer	JJ
.	Z

Lama-lama	RB
api	NN
makin	RB
membesar	VB
.	Z

Modelnya	NN
memang	RB
sangat	RB
menarik	VB
.	Z

Setiap	DT
pagi	NN
kami	PRP
berolahraga	VB
bersama-sama	VB
.	Z

''	Z
Ada	VB
perubahan	NN
jalan	NN
tol	NN
.	Z

Saldo	NN
terakhirnya	RB
per	RB
Januari	NNP
2014	CD
adalah	MD
Rp	NNP
3,244	CD
miliar	CD
.	Z

Anak	NN
kecil	JJ
itu	PRD
tidak	RB
berani	JJ
menyeberang	VB
.	Z

Angkanya	NN
saling	RB
menyusul	VB
di	IN
dua	CD
set	NN
pertama	OD
.	Z

Saya	PRP
mau	MD
menjadi	VB
guru	NN
.	Z

Saat	SC
itu	PRD
,	Z
Gus	NNP
Solah	NNP
menjadi	VB
cawapres	NNP
.	Z

Pembeli	NN
tak	RB
usah	VB
terlalu	RB
banyak	RB
membuang	VB
waktu	NN
.	Z

''	Z
Soal	SC
mencari	VB
pintu	NN
lain	JJ
itu	PRD
hak	NN
dia	PRP
kepada	IN
Allah	NNP
,	Z
''	Z
imbuhnypa	X
.	Z

Bagaimana	WH
dengan	IN
PDIP	NNP
?	Z

Ratusan	ID
ribu	CD
di	IN
antaranya	PO
mulai	VB
berani	JJ
kembali	VB
ke	IN
rumah	NN
masing-masing	PRP
pada	IN
Senin	NNP
(	Z
08-Dec	SYM
)	Z
.	Z

Adiknya	NN
setinggi	JJ
adik	NN
saya	PRP
.	Z

Nama-nama	NN
mereka	PRP
tertulis	VB
semua	ID
di	IN
buku	NN
.	Z

Tugas	NN
berat	JJ
itu	PRD
diserahkan	VB
kepada	IN
kelas	NN
kami	PRP
.	Z

Mantan	JJ
anggota	NN
komisi	NN
IX	CD
itu	PRD
pun	P
mengaku	VB
lelah	JJ
.	Z

Polisi	NN
juga	RB
menangkap	VB
3	CD
orang	NN
lainnya	JJ
terkait	VB
pembobolan	NN
rekening	NN
di	IN
Bali	NNP
.	Z

Pergilah	VB
sekarang	NN
juga	RB
.	Z

Mereka	PRP
baru	RB
memasuki	VB
ruang	NN
kelas	NN
.	Z

Ketiga	JJ
,	Z
hubungan	NN
antar	IN
umat	NN
beragama	VB
sebanyak	ID
29	CD
kasus	NN
.	Z

Atas	IN
keputusan	NN
majelis	NN
hakim	NN
tersebut	PRD
ketiga	OD
terdakwa	NN
menyatakan	VB
banding	NN
.	Z

Jakarta	NNP
-	SYM
Anggota	NN
Panja	NNP
RUU	NNP
Pilkada	NNP
Fraksi	NNP
PAN	NNP
,	Z
Yandri	NNP
Susanto	NNP
,	Z
mengkritik	VB
PDIP	NNP
.	Z

Ahok	NNP
menggeleng	VB
.	Z

Hal	NN
itu	PRD
masih	RB
teringat	VB
olehmu	PO
.	Z

Hasil	NN
rekapitulasi	NN
tersebut	PRD
diserahkan	VB
Ketua	NNP
KIP	NNP
NAD	NNP
Muhammad	NNP
Jafar	NNP
kepada	IN
Wakil	NNP
Ketua	NNP
DPRD	NNP
	NNP
,	Z
Zainal	NNP
Abidin	NNP
.	Z

Mas	NN
,	Z
tolong	VB
dihitung	VB
.	Z

''	Z
Saya	PRP
tidak	RB
terlalu	RB
memusingkan	VB
nomor	NN
urut	JJ
.	Z

Pemain	NN
negara	NN
kita	PRP
,	Z
TJH	NNP
,	Z
melawan	VB
Susi	NNP
Susanti	NNP
.	Z

Gulen	NNP
sendiri	PRF
telah	RB
membantah	VB
seluruh	ID
tudingan	NN
terhadap	IN
dirinya	PRF
.	Z

Pemilu	NNP
ini	PRD
kan	P
tinggal	VB
sebentar	RB
lagi	RB
.	Z

Nurdin	NNP
mengatakan	VB
hal	NN
tersebut	PRD
di	IN
Gedung	NNP
Olahraga	NN
Siranindi	NNP
Palu	NNP
,	Z
saat	SC
deklarasi	NN
pasangan	NN
Calon	NN
Gubernur	NNP
Sulteng	NNP
Aminuddin	NNP
Ponulele-Calon	NNP
Wakil	NNP
Gubernur	NNP
Luciana	NNP
Baculu	NNP
.	Z

Di	IN
kampus	NN
ini	PRD
kan	P
dinding	NN
pun	P
punya	VB
telinga	NN
.	Z

Baju	NN
ditarik	VB
ke	IN
atas	IN
.	Z

Terus	RB
,	Z
bagaimana	WH
Kira-kira	RB
berapa	WH
jauh	JJ
dari	IN
halte	NN
Taman	NNP
Yuexiu	NNP
ke	IN
Hotel	NNP
Dongfang	NNP
.	Z

4.	Z
Dullah	NNP
,	Z
Persiapan	NNP
Gerilya	NNP
,	Z
1949	CD

Air	NN
liurku	NN
hampir	RB
menetes	VB
.	Z

Di	IN
hadapan	NN
Ketua	NNP
Majelis	NNP
Hakim	NNP
Fetriyanti	NNP
Cut	NNP
memberikan	VB
keterangannya	NN
.	Z

Suasana	NN
halaman	NN
Kemenkum	NNP
HAM	NNP
meriah	VB
!	Z

Betapa	UH
gembiranya	JJ
dapat	MD
bertamasya	VB
ke	IN
sana	PRD
.	Z

Orang	NN
tuanya	JJ
cukup	RB
mampu	MD
.	Z

Jakarta	NNP
-	SYM
Pemprov	NN
DKI	NNP
Jakarta	NNP
berencana	VB
memindahkan	VB
event	FW
Pekan	NNP
Raya	NNP
Jakarta	NNP
(	Z
PRJ	NNP
)	Z
dari	IN
arena	NN
Jakarta	NNP
International	NNP
Expo	NNP
di	IN
Kemayoran	NN
ke	IN
kawasan	NN
Monas	NNP
.	Z

Alhasil	SC
kondisi	NN
ini	PRD
membuat	VB
tokoh	NN
nasional	JJ
resah	JJ
.	Z

Sudah	RB
lama	JJ
tidak	RB
terdengar	VB
kabarnya	NN
.	Z

Terus	RB
dapat	VB
informasi	NN
beasiswa	NN
ini	PRD
dari	IN
mana	WH
?	Z
''	Z
tanya	VB
M.	NNP
Nuh	NNP
lagi	RB
.	Z
''	Z
3,5	CD
,	Z
Pak	NN
.	Z

Dia	PRP
sudah	RB
minum	VB
air	NN
pagi	NN
ini	PRD
.	Z

Hai	UH
,	Z
aku	PRP
terlambat	VB
lagi	RB
.	Z

Ikan-ikan	NN
itu	PRD
diduga	VB
keracunan	VB
bom	NN
ikan	NN
nelayan	NN
setempat	NN
.	Z

Jakarta	NNP
-	SYM
KPK	NNP
kali	NN
ini	PRD
menjadwalkan	VB
pemeriksaan	NN
terhadap	IN
tersangka	NN
kasus	NN
suap	NN
di	IN
lingkungan	NN
SKK	NNP
Migas	NNP
,	Z
Artha	NNP
Meris	NNP
Simbolon	NNP
.	Z

Kami	PRP
membersihkan	VB
asrama	NN
kami	PRP
tiga	CD
kali	NN
dalam	IN
satu	CD
minggu	NN
.	Z

Jasad	NNP
Fredy	NNP
ditemukan	VB
warga	NN
Bekasi	NNP
Utara	NNP
,	Z
Jumat	NNP
(	Z
24-Apr	SYM
)	Z
pukul	NN
01.30	SYM
WIB	NNP
.	Z

Dia	PRP
mengambil	VB
hal	NN
positif	JJ
terhadap	IN
hal	NN
ini	PRD
.	Z

Ya	UH
,	Z
dia	PRP
sudah	RB
datang	VB
.	Z

Orang	NN
tua	JJ
masih	RB
ada	VB
.	Z

Ruang	NN
kelas	NN
kami	PRP
sangat	RB
bersih	JJ
.	Z

Rupanya	RB
kedua	CD
negara	NN
itu	PRD
sudah	RB
saling	RB
mendekati	VB
.	Z

Jakarta	NNP
-	SYM
Polisi	NN
masih	RB
mengintesifkan	VB
upaya	NN
pengungkapan	NN
identitas	NN
korban	NN
.	Z

Tantowi	NNP
sendiri	PRF
akan	MD
berkunjung	VB
ke	IN
Polandia	NNP
.	Z

Vivek	NNP
lahir	VB
di	IN
sini	PRD
.	Z

Murid-murid	NN
kelas	NN
kami	PRP
mendapat	VB
perhatian	NN
penuh	JJ
dari	IN
guru	NN
.	Z

Tidak	RB
ada	VB
pertimbangan	NN
kenyamanan	NN
lagi	RB
.	Z

Adik	NN
pun	P
merangkul	VB
kakak	NN
.	Z

Mega	NNP
hanya	RB
akan	MD
menyerahkan	VB
nama	NN
seorang	DT
pengganti	NN
Taufiq	NNP
Kiemas	NNP
.	Z

Tidak	RB
ada	VB
apa-apa	NN
.	Z

Kami	PRP
berdua	CD
memang	RB
ditakdirkan	VB
untuk	IN
bersama	RB
.	Z

Mereka	PRP
semuanya	RB
bisa	MD
bernyanyi	VB
.	Z

Kami	PRP
punya	VB
kuang	NN
lebih	NN
orang	NN
buruh	NN
.	Z

Pencopotan	VB
Soemarmo	NNP
sekaligus	RB
pengangkatan	NN
Harini	NNP
dihadiri	VB
Wakil	NNP
Walikota	NNP
,	Z
Machfud	NNP
Ali	NNP
.	Z

Dia	PRP
pergi	VB
juga	RB
.	Z

Saat	SC
ini	PRD
,	Z
pedagang	NN
tengah	RB
menunggu	VB
kepastian	NN
mengenai	IN
nasib	NN
mereka	PRP
.	Z

Jakarta	NNP
-	SYM
Ramadan	NN
bulan	NN
penuh	JJ
berkah	NN
.	Z

Minimal	JJ
H-4	NNP
sudah	RB
bisa	MD
dilalui	VB
oleh	IN
pemudik	NN
.	Z

Dalam	IN
putusannya	NN
,	Z
Mahkamah	NNP
Partai	NNP
Golkar	NNP
menyebut	VB
Munas	NNP
Ancol	NNP
lebih	RB
demokratis	JJ
.	Z

Kementerian	NNP
Perhubungan	NNP
akan	MD
memperketat	VB
pemeriksaan	NN
narkotika	NN
kepada	IN
para	DT
pilot	NN
.	Z

Jakarta	NNP
-	SYM
Nasib	NN
naas	JJ
menimpa	VB
dua	CD
pemotor	NN
di	IN
Jakarta	NNP
Utara	NNP
.	Z

Kami	PRP
dapat	MD
memaklumi	VB
kesulitan	NN
pihak	NN
Anda	PRP
.	Z

Air	NN
sungai	NN
ditepuk-tepuk	VB
untuk	IN
mengarahkan	VB
ketiga	CD
lumba-lumba	NN
itu	PRD
ke	IN
hilir	NN
.	Z

Dia	PRP
hampir	RB
setiap	DT
hari	NN
kena	VB
maki	VB
waktu	NN
kecil	JJ
.	Z

Apalagi	CC
bangunan	NN
di	IN
lokasi	NN
THR	NNP
itu	PRD
kini	RB
menjadi	VB
'	Z
pusat	NN
'	Z
kos-kosan	NN
.	Z

Ada	VB
uang	NN
pas	JJ
tidak	RB
.	Z

Kerjanya	NN
mereka	PRP
ini	PRD
apa	WH
sih	UH
,	Z
ngoceh	VB
melulu	RB
.	Z

Bripka	NNP
Guntur	NNP
pun	P
kini	RB
diperiksa	VB
Polres	NNP
Palu	NNP
atas	IN
dugaan	NN
kelalaian	NN
.	Z

Kondisinya	NN
tidak	RB
kinclong	VB
lagi	RB
.	Z

Sekitar	IN
200	CD
penggemar	NN
mobil	NN
kuno	JJ
mengikuti	VB
aksi	NN
ini	PRD
.	Z

Cara	NN
belajar	VB
mereka	PRP
berbeda-beda	VB
.	Z

Kereta	NN
api	NN
berjalan	VB
menurut	VB
rel	NN
.	Z

Kita	PRP
selalu	RB
dianggap	VB
remeh	JJ
.	Z

Situ	PRD
saja	RB
,	Z
dekat	JJ
jendela	NN
.	Z

Phelps	NNP
mencetak	VB
tujuh	CD
rekor	NN
dunia	NN
di	IN
kolam	NN
renang	NN
.	Z

Keamanan	NN
di	IN
sejumlah	ID
titik	NN
pun	P
diperketat	VB
.	Z

Polri	NNP
menunggu	VB
hasil	NN
Kemenlu	NNP
.	Z

Kami	PRP
sanggup	MD
tampung	VB
10	CD
ribu	CD
penumpang	NN
.	Z

Total	NN
sembilan	CD
orang	NN
ditangkap	VB
saat	SC
itu	PRD
.	Z

Adik	NN
sudah	RB
pergi	VB
ke	IN
Shanghai	NNP
.	Z

Ini	PRD
tanda	NN
terimanya	NN
.	Z

Koswara	NNP
tertembak	VB
di	IN
bagian	NN
paha	NN
atas	NN
.	Z

Kotak	NN
itu	PRD
lalu	SC
diturunkan	VB
dua	CD
anggota	NN
linmas	NN
.	Z

''	Z
Kemasan	NN
nasi	NN
bungkus	NN
itu	PRD
menyediakan	VB
lauk	NN
ikan	NN
tongkol	NN
.	Z

Untuk	IN
bertamasya	VB
.	Z

Terlebih	RB
lagi	RB
,	Z
balum	X
banyak	ID
pohon	NN
di	IN
jalan	NN
tol	NN
baru	JJ
ini	PRD
.	Z

Delegasi	NN
Indonesia	NNP
dipimpim	VB
oleh	IN
Menhan	NNP
Juwono	NNP
Sudarsono	NNP
.	Z

Ada	VB
berapa	WH
Karsih	NNP
?	Z

Bersatulah	VB
rakyat	NN
negeri	NN
kita	PRP
.	Z

Aneka	ID
perasaan	NN
itu	PRD
bisa	MD
dibaca	VB
lewat	IN
detikForum	NNP
.	Z

Konvoi	NN
telah	RB
dimulai	VB
pukul	NN
09.45	SYM
WIB	NNP
.	Z

Dia	PRP
pun	P
dibawa	VB
ke	IN
RS	NNP
Pertamina	NNP
.	Z

Pukul	NN
03.19	SYM
WIB	NNP
,	Z
pemotor	NN
mengalami	VB
kecelakaan	NN
di	IN
Bunderan	NNP
HI	NNP
,	Z
Jl	NNP
MH	NNP
Thamrin	NNP
.	Z

UGD	NNP
penuh	JJ
,	Z
dalamnya	NN
lebih	RB
penuh	JJ
.	Z

Serangan	NN
mortir	NN
itu	PRD
terjadi	VB
pada	IN
sekitar	RB
pukul	NN
07.40	SYM
waktu	NN
setempat	NN
.	Z

Terus	RB
sekarang	NN
kamu	PRP
mau	MD
gimana	WH
sama	IN
Rangga	NNP
.	Z

Harder	NNP
dihukum	VB
lima	CD
tahun	NN
penjara	NN
.	Z

Masalah	NN
Aceh	NNP
selalu	RB
diabaikan	VB
oleh	IN
pemerintah	NN
Indonesia	NNP
pada	IN
masa	NN
Orde	NNP
Lama	NNP
.	Z

Di	IN
survei	NN
internal	JJ
Golkar	NNP
,	Z
Jokowi	NNP
juga	RB
cukup	RB
'	Z
mengancam	VB
'	Z
.	Z

Lafal	NN
Allah	NNP
dalam	IN
tulisan	NN
Arab	NNP
itu	PRD
memang	RB
sangat	RB
jelas	JJ
terlihat	VB
.	Z

''	Z
Akibatnya	RB
harga	NN
besi	NN
tua	JJ
itu	PRD
menjadi	VB
rendah	JJ
.	Z

Penangkapan	NN
dilakukan	VB
pada	IN
Jumat	NNP
(	Z
14/11/2014	SYM
)	Z
dini	NN
hari	NN
.	Z

Kalah	VB
kok	RB
dikatakan	VB
canggih	JJ
.	Z

Kami	PRP
akan	MD
segera	RB
menyusun	VB
surat	NN
perjanjian	NN
.	Z

OP	NNP
dilakukan	VB
di	IN
20	CD
titik	NN
di	IN
Jateng	NNP
.	Z

Saya	PRP
bereskan	VB
tagihannya	NN
.	Z

Dia	PRP
bukan	RB
adik	NN
saya	PRP
.	Z

Tembok	NNP
Besar	NNP
sungguh	RB
tak	RB
ternilai	VB
bagi	IN
tanah	NN
air	NN
kita	PRP
.	Z

Pada	IN
pukul	NN
kami	PRP
mulai	VB
kuliah	VB
.	Z

Rencananya	NN
,	Z
para	DT
anggota	NN
tersebut	PRD
akan	MD
dilatih	VB
di	IN
Kali	NNP
Sunter	NNP
,	Z
Jakarta	NNP
Utara	NNP
.	Z

Sebagian	NN
kendaraan	NN
juga	RB
diparkir	VB
di	IN
belakang	NN
gedung	NN
kementerian	NN
itu	PRD
.	Z

Bisa	MD
duduk	VB
dekat	JJ
jendela	NN
.	Z

Kalian	PRP
kebanyakan	ID
malas-malas	JJ
.	Z

11	CD
tahun	NN
2002	CD
diberhentikan	VB
untuk	IN
dibina	VB
.	Z

Insiden	NN
ini	PRD
menuai	VB
sindiran	NN
dari	IN
para	DT
pengguna	NN
media	NN
sosial	NN
setempat	NN
,	Z
Sina	NNP
Weibo	NNP
.	Z

Sekarang	NN
tinggal	VB
kontrol	NN
masyarakatnya	NN
lebih	RB
ketat	JJ
.	Z

Nindu	NNP
kembali	VB
mengulang	VB
jawabannya	NN
.	Z

Adiknya	NN
ingin	MD
menjadi	VB
dokter	NN
.	Z

Dia	PRP
datang	VB
bersama	RB
3	CD
stafnya	NN
.	Z

Jakarta	NNP
-	SYM
Ryan	NNP
tampaknya	RB
berdarah	VB
dingin	JJ
.	Z

Jakarta	NNP
-	SYM
Petugas	NNP
Dinas	NNP
Perhubungan	NNP
membersihkan	VB
ranjau	NN
paku	NN
di	IN
kawasan	NN
Roxy	NNP
,	Z
Jakarta	NNP
Pusat	NNP
.	Z

Biasanya	RB
mentok	VB
pada	IN
hotel	NN
bintang	NN
empat	CD
.	Z

Akibatnya	RB
,	Z
anak	NN
malang	JJ
tersebut	PRD
mengalami	VB
beberapa	ID
penyakit	NN
kelamin	NN
.	Z

Dia	PRP
tahun	NN
lebih	RB
muda	JJ
dari	IN
saya	PRP
.	Z

Kita	PRP
berangkat	VB
,	Z
ya	UH
.	Z

Nanti	NN
sore	NN
akan	MD
diadakan	VB
rapat	NN
Senat	NNP
Mahasiswa	NNP
seluruh	ID
universitas	NN
.	Z

Kita	PRP
masih	RB
menghargai	VB
pembicaraan	NN
teman-teman	NN
mitra	NN
koalisi	NN
terutama	RB
Foke-Demokrat	NNP
.	Z

Mereka	PRP
membawa	VB
keranda	NN
mayat	NN
.	Z

Sebuah	DT
kontainer	NN
asal	NN
dari	IN
Shenzen	NNP
,	Z
China	NNP
,	Z
tujuan	NN
Indonesia	NNP
tiba	VB
8	CD
Mei	NNP
2012	CD
.	Z

Yogyakarta	NNP
-	SYM
Yogyakarta	NNP
hari	NN
ini	PRD
bakal	RB
dikepung	VB
aksi	NN
demo	NN
menolak	VB
kenaikan	NN
harga	NN
bahan	NN
bakar	VB
minyak	NN
(	Z
BBM	NNP
)	Z
.	Z

Memang	RB
dia	PRP
ruangannya	NN
terpisah	VB
.	Z

Sidoarjo	NNP
-	SYM
Suasana	NN
duka	JJ
menyelimuti	VB
rumah	NN
pilot	NN
AdamAir	NNP
Kapten	NNP
Pilot	NNP
Refri	NNP
Agus	NNP
Widodo	NNP
.	Z

Bella	NNP
sudah	RB
membayar	VB
tunai	NN
biaya	NN
sewa	VB
apartemen	NN
itu	PRD
.	Z

''	Z
Bapak	NN
mengalah	VB
sama	IN
Wiranto	NNP
?	Z
''	Z

Boleh	MD
saya	PRP
tahu	VB
harga	NN
CIF	NNP

Mas	NN
suka	VB
baju	NN
ini	PRD
enggak	RB
.	Z

Aduh	UH
,	Z
gobloknya	NN
bukan	RB
main	VB
.	Z

Orang	NN
itu	PRD
pamannya	NN
.	Z

Seorang	DT
pemuda	NN
baru	RB
masuk	VB
ke	IN
kamar	NN
.	Z

Datangnya	NN
agak	RB
di	IN
luar	NN
dugaan	NN
saya	PRP
.	Z

Ini	PRD
peringatan	NN
keras	JJ
buat	IN
para	DT
perokok	NN
.	Z

Kemarin	NN
kakaknya	NN
dimarahi	VB
habis-habisan	RB
oleh	IN
ibunya	NN
.	Z

Angin	NN
ini	PRD
mengandung	VB
banyak	ID
air	NN
.	Z

Hakim	NN
memberikan	VB
kesempatan	NN
kepada	IN
tim	NN
kuasa	NN
hukum	NN
terdakwa	NN
Yayan	NNP
.	Z

Dia	PRP
yakin	VB
kondisi	NN
di	IN
Papua	NNP
sudah	RB
jauh	RB
lebih	RB
baik	JJ
di	IN
banding	NN
dahulu	NN
.	Z

Tembakan	NN
jauhnya	JJ
meleset	VB
.	Z

Apakah	WH
Anda	PRP
dapat	MD
menyelesaikan	VB
latihan	NN
ini	PRD
.	Z

Tuduhan	NN
ini	PRD
berulang	VB
kali	NN
dibantah	VB
negara	NN
republik	NN
Islam	NNP
itu	PRD
.	Z

Gelas	NN
itu	PRD
sudah	RB
penuh	JJ
dengan	IN
air	NN
.	Z

Mereka	PRP
mencopoti	VB
segala	ID
macam	NN
atribut	NN
kampanye	NN
di	IN
Jalan	NNP
Brawijaya	NNP
,	Z
Jakarta	NNP
Selatan	NNP
.	Z

Tolong	VB
ya	UH
.	Z

Syukur	UH
,	Z
regu	NN
kami	PRP
bisa	MD
unggul	JJ
dalam	IN
pertandingan	NN
itu	PRD
.	Z

Kesepian	NN
malam	NN
semacam	RB
itu	PRD
menakutkan	VB
.	Z

Pasta	NN
gigi	NN
terletak	VB
di	IN
dalam	IN
cangkir	NN
.	Z

Siapa	WH
lagi	RB
berulah	VB
?	Z

Mereka	PRP
bergambar	VB
di	IN
halaman	NN
depan	NN
rumah	NN
Pak	NNP
Li	NNP
.	Z

Surabaya	NNP
-	SYM
Wali	NN
Kota	NNP
Surabaya	NNP
Tri	NNP
Rismaharini	NNP
tidak	RB
permasalahkan	NN
PNS	NNP
mengantar	VB
anak	NN
ke	IN
sekolah	NN
di	IN
hari	NN
pertama	OD
.	Z

''	Z
Kecurangan	NN
pemilu	NNP
justru	RB
akan	MD
meningkat	VB
.	Z

Saya	PRP
akan	MD
pulang	VB
/	SYM
kembali	VB
ke	IN
asrama	NN
saya	PRP
.	Z

Kita	PRP
jalan	VB
bersama-sama	VB
,	Z
ya	RB
.	Z

Saya	PRP
tinggal	VB
di	IN
asrama	NN
.	Z

Hai	NNP
Di	NNP
membeli	VB
topi	NN
di	IN
toko	NN
itu	PRD
.	Z

Kehadirannya	NN
pada	IN
malam	NN
gembira	JJ
itu	PRD
sekali-kali	RB
bukan	RB
atas	IN
kemauannya	NN
.	Z

Menlu	NNP
Marty	NNP
Natalegawa	NNP
menampik	VB
.	Z

Gawangnya	NN
kebobolan	VB
tiga	CD
gol	NN
.	Z

Akhirnya	RB
dia	PRP
pandai	JJ
juga	RB
menulis	VB
.	Z

Pelurunya	NN
menembus	VB
pantat	NN
.	Z

Saya	PRP
lihat-lihat	VB
dulu	RB
.	Z

Mereka	PRP
hanya	RB
akan	MD
muncul	VB
di	IN
tempat	NN
tertentu	JJ
.	Z

''	Z
Saat	NN
ini	PRD
kita	PRP
masih	RB
amati	JJ
.	Z

Dia	PRP
kerap	RB
blusukan	VB
ke	IN
sekolah-sekolah	NN
di	IN
Kalimantan	NNP
Barat	NNP
.	Z

Saya	PRP
enggak	RB
bisa	MD
terima	VB
.	Z

Apel	NN
itu	PRD
dipetik	VB
oleh	IN
Li	NNP
Li	NNP
.	Z

Artis	NN
cantik	JJ
melaporkan	VB
kasus	NN
dugaan	NN
pelecehan	NN
seksual	JJ
pada	IN
Minggu	NNP
(	Z
01-Apr	SYM
)	Z
malam	NN
ke	IN
Polres	NNP
Jakarta	NNP
Timur	NNP
.	Z

Bagaimana	WH
kalau	SC
Sabtu	NNP
.	Z

Anda	PRP
sudah	RB
mempelajari	VB
proposal	NN
kami	PRP
.	Z

Samuel	NNP
Pang	NNP
adalah	MD
adik	NN
kelas	NN
Felix	NNP
.	Z

Luka	NN
sayatan	NN
besar	JJ
tampak	VB
di	IN
wajahnya	NN
.	Z

Jakarta	NNP
-	SYM
Perpanjangan	NN
cuti	VB
bersama	RB
lebaran	NN
2007	CD
ditanggapi	VB
beragam	VB
.	Z

Jakarta	NNP
-	SYM
Reshuffle	FW
Kabinet	NNP
Indonesia	NNP
Bersatu	VB
dianggap	VB
tidak	RB
relevan	JJ
.	Z

Hal	NN
ini	PRD
dijelaskan	VB
Wakil	NNP
Ketua	NNP
Komite	NNP
Etik	NNP
Munaslub	NNP
Lawrence	NNP
TP	NNP
Siburian	NNP
di	IN
Bali	NNP
Nusa	NNP
Dua	NNP
Convention	NNP
Center	NNP
,	Z
Jumat	NNP
(	Z
13/05/2016	SYM
)	Z
malam	NN
.	Z

Ketiganya	CD
berasal	VB
dari	IN
Desa	NNP
Kebakalan	NNP
,	Z
Kecamatan	NNP
Mandiraya	NNP
,	Z
Banjarnegara	NNP
,	Z
Jawa	NNP
Tengah	NNP
.	Z

Angkutan	NN
diparkir	VB
di	IN
kawasan	NN
terminal	NN
Pangkerang	NNP
.	Z

Urusan	NN
rumah	NN
tangga	NN
ditangani	VB
oleh	IN
isterinya	NN
sendiri	PRF
.	Z

Rencana	NN
reshuffle	FW
sempat	MD
dihembuskan	VB
Presiden	NNP
SBY	NNP
Minggu	NNP
15	CD
April	NNP
.	Z

Novel-novel	NN
Nh	NNP
Dini	NNP
hampir	RB
semua	ID
menggambarkan	VB
kehidupan	NN
kaum	NN
wanita	NN
Nh	NNP
.	Z

Dalyono	NNP
diperiksa	VB
subdit	NNP
Jatanras	NNP
Ditreskrimum	NNP
Polda	NNP
Metro	NNP
Jaya	NNP
pada	IN
Kamis	NNP
(	Z
07-Nov	SYM
)	Z
malam	NN
.	Z

Limbah	NN
kota	NN
berbahaya	VB
bagi	IN
kesehatan	NN
penduduk	NN
kota	NN
.	Z

''	Z
Prosedurnya	NN
harus	MD
ada	VB
permintaan	NN
(	Z
pembatalan	NN
keppres	NNP
)	Z
resmi	JJ
dari	IN
Ketua	NNP
DPR	NNP
melalui	IN
Setneg	NNP
.	Z

Ketiga	CD
jenazah	NN
terakhir	JJS
baru	RB
saja	RB
diberi	VB
label	NN
di	IN
RSUD	NNP
Imanuddin	NNP
,	Z
Pangkalan	NNP
Bun	NNP
,	Z
Kalimantan	NNP
Tengah	NNP
.	Z

Saat	SC
ini	PRD
,	Z
Robert	NNP
telah	RB
divonis	VB
4	CD
tahun	NN
penjara	NN
oleh	IN
Pengadilan	NNP
Negeri	NNP
Jakarta	NNP
Pusat	NNP
.	Z

Akhir	NN
tahun	NN
boleh	MD
.	Z

Jaksa	NN
Cirus	NNP
lantas	RB
menimpali	VB
balik	VB
.	Z

Kondisi	NN
itu	PRD
membuat	VB
situasi	NN
lebih	RB
sulit	JJ
lagi	RB
.	Z

Kabut	NN
asap	NN
sudah	RB
lebih	RB
dari	IN
1	CD
bulan	NN
ini	PRD
menyelimuti	VB
sejumlah	ID
wilayah	NN
di	IN
Malaysia	NNP
.	Z

Pertemuan	NN
tersebut	PRD
untuk	IN
membahas	VB
pengerahan	NN
tentara	NN
AS	NNP
.	Z

Saya	PRP
sendiri	PRF
masih	RB
belum	RB
membaca	VB
.	Z

''	Z
Sosok	NN
Bu	NNP
Mif	NNP
membuat	VB
saya	PRP
bangga	JJ
.	Z

Selain	IN
di	IN
Tendean	NNP
,	Z
Satpol	NNP
PP	NNP
juga	RB
telah	RB
mulai	VB
mencopoti	VB
atribut	NN
kampanye	NN
di	IN
kawasan	NN
Dharmawangsa	NNP
.	Z

Identitasnya	NN
juga	RB
berubah	VB
.	Z

Pukul	NN
setengah	ID
delapan	CD
kami	PRP
sudah	RB
berada	VB
dalam	IN
ruang	NN
kelas	NN
.	Z

Dia	PRP
membeli	VB
sebuah	DT
tas	NN
untuk	IN
temannya	NN
.	Z

Berita	NN
ini	PRD
masih	RB
akan	MD
dilengkapi	VB

Siapa	WH
yang	PRL
mengurus	VB
pabrik	NN
ini	PRD
.	Z

Bandung	NNP
-	SYM
Gubernur	NNP
DKI	NNP
Jakarta	NNP
Joko	NNP
Widodo	NNP
(	Z
Jokowi	NNP
)	Z
urung	VB
memberikan	VB
kuliah	NN
umum	JJ
di	IN
Kampus	NNP
ITB	NNP
.	Z

Perubahan	NN
arti	NN
kata	NN
itu	PRD
sudah	RB
dijelaskan	VB
oleh	IN
guru	NN
.	Z

Penangguhan	NN
penahanan	NN
para	DT
terdakwa	NN
sangat	RB
melukai	VB
perasaan	NN
keluarga	NN
korban	NN
.	Z

Mohon	VB
dimatikan	VB
HP	NNP

Pada	IN
perhitungan	NN
pertama	OD
Amien-Siswono	NNP
meraih	VB
105	CD
suara	NN
.	Z

Itu	PRD
hanya	RB
keterlambatan	NN
dari	IN
tahun	NN
ke	IN
tahun	NN
.	Z

Ngomongnya	NN
jangan	RB
sembarangan	JJ
.	Z

Mereka	PRP
suka	VB
berolahraga	VB
setiap	DT
hari	NN
.	Z

Keluarga	NN
Paniyah	NNP
ikut	VB
angkat	VB
bicara	VB
.	Z

Terdapat	VB
dua	CD
nama	NN
penerima	NN
polis	NN
asuransi	NN
tersebut	PRD
.	Z

Mereka	PRP
masih	RB
belum	RB
masuk	VB
.	Z

Selain	IN
di	IN
kawasan	NN
gerbang	NN
tol	NN
Pondok	NNP
Pinang	NNP
,	Z
penilangan	NN
juga	RB
dilakukan	VB
di	IN
kawasan	NN
sekitar	RB
Stasiun	NNP
Pal	NNP
Merah	NNP
,	Z
Jakbar	NNP
.	Z

Ketepatan	NN
pengambilan	NN
kesimpulan	NN
bergantung	VB
pada	IN
tiga	CD
unsur	NN
kebenaran	NN
.	Z

Ini	PRD
kata	NN
saya	PRP
terlalu	RB
jadul	X
,	Z
enggak	RB
ada	VB
perubahan	NN
.	Z

Kairo	NNP
-	SYM
Empat	CD
warga	NN
Palestina	NNP
dilaporkan	VB
diculik	VB
di	IN
wilayah	NN
Semenanjung	NNP
Peninsula	NNP
,	Z
Mesir	NNP
.	Z

Mudah-mudahan	RB
kenaikannya	NN
tidak	RB
terlalu	RB
tinggi	JJ
.	Z

Penyebab	NN
kecelakaan	NN
pun	P
belum	RB
diketahui	VB
.	Z

Jakarta	NNP
-	SYM
Polda	NNP
Metro	NNP
Jaya	NNP
melakukan	VB
tindakan	NN
tegas	JJ
bagi	IN
para	DT
pelanggar	NN
lalu	NN
lintas	NN
.	Z

Kendaraan	NN
barracuda	NN
juga	RB
disiagakan	VB
.	Z

Kota	NN
ini	PRD
telah	RB
terbentuk	VB
jauh	JJ
pada	IN
zaman	NN
Dinasti	NNP
Zhou	NNP
.	Z

Puan	NNP
sedikit	RB
membocorkan	VB
figur	NN
pengganti	NN
Taufiq	NNP
Kiemas	NNP
.	Z

Dia	PRP
dilatih	VB
oleh	IN
Abu	NNP
Ibban	NNP
asal	NN
Tunisia	NNP
.	Z

Kekacauan	NN
terus	RB
terjadi	VB
di	IN
jalan-jalan	NN
ibukota	NN
Haiti	NNP
,	Z
Port-au-Prince	NNP
pada	IN
Minggu	NNP
,	Z
17	CD
Januari	NNP
waktu	NN
setempat	NN
.	Z

Aksi	NN
geng	NN
motor	NN
di	IN
Bandung	NNP
memang	RB
sudah	RB
cukup	RB
meresahkan	VB
warga	NN
Bandung	NNP
.	Z

Ia	PRP
meninggal	VB
dunia	NN
pukul	NN
12.00	SYM
WIB	NNP
,	Z
Kamis	NNP
(	Z
03/02/2005	SYM
)	Z
.	Z

Anak	NN
itu	PRD
tidak	RB
menghiraukan	VB
nasihat	NN
orang	NN
tuanya	JJ
.	Z

Jakarta	NNP
-	SYM
Sekitar	IN
20	CD
mahasiswa	NN
Universitas	NNP
Nasional	NNP
(	Z
Unas	NNP
)	Z
mendatangi	VB
Kantor	NN
Ikatan	NNP
Dokter	NNP
Indonesia	NNP
(	Z
IDI	NNP
)	Z
.	Z

dalam	IN
rangka	NN
memperingati	VB
hari	NN
sumpah	NN
pemuda	NN
.	Z

Pasukan	VB
oranya	X
disebar	VB
ke	IN
setiap	DT
kelurahan	NN
.	Z

Wanita	NN
cantik	JJ
ini	PRD
dketahui	VB
baru	RB
pulang	VB
dugem	VB
dari	IN
klub	NN
malam	NN
Stadium	NN
.	Z

Dia	PRP
lahir	VB
di	IN
Shanghai	NNP
.	Z

Menurut	IN
Sapto	NNP
,	Z
masih	RB
dalam	IN
penyelidikan	NN
penyebab	NN
lori	NN
jalan	VB
sendiri	PRF
.	Z

Jakarta	NNP
-	SYM
Kemacetan	NN
sore	NN
ini	PRD
tidak	RB
hanya	RB
terjadi	VB
di	IN
jalur	NN
arteri	NN
saja	RB
.	Z

Jembatan	NN
sepanjang	NN
20	CD
meter	NN
itu	PRD
dibangun	VB
ala	IN
kadarnya	NN
oleh	IN
warga	NN
.	Z

Ada	VB
ikan	NN
tidak	RB
.	Z

Aksi	NN
ini	PRD
dilakukan	VB
sekitar	RB
pukul	NN
16.00	SYM
Wita	NNP
,	Z
Jumat	NNP
(	Z
10/11/2006	SYM
)	Z
.	Z

Jangan	RB
coba-coba	VB
main	VB
api	NN
.	Z

Saya	PRP
guru	NN
besar	JJ
di	IN
bidang	NN
ilmu	NN
politik	NN
ekonomi	NN
di	IN
Universitas	NNP
Nasional	NNP
.	Z

Pabrik	NN
itu	PRD
banyak	ID
menyerap	VB
tenaga	NN
buruh	NN
.	Z

Di	IN
TPS	NNP
132	CD
ini	PRD
sempat	MD
terjadi	VB
pengulangan	NN
perhitungan	NN
suara	NN
.	Z

Saat	SC
ini	PRD
polisi	NN
masih	RB
menyelidiki	VB
peristiwa	NN
ini	PRD
.	Z

Sejumlah	ID
calon	NN
presiden	NN
mulai	VB
bermunculan	VB
.	Z

Rupanya	RB
Mubarok	NNP
tak	RB
ingin	MD
serius	JJ
menghadapi	VB
konvensi	NN
capres	NNP
PD	NNP
.	Z

Susno	NNP
dituduh	VB
terlibat	VB
dalam	IN
kasus	NN
suap	NN
terkait	VB
penanganan	NN
kasus	NN
PT	NNP
Salmah	NNP
Arowana	NNP
Lestari	NNP
(	Z
SAL	NNP
)	Z
.	Z

Li	NNP
Li	NNP
akan	MD
mengembalikan	VB
buku	NN
itu	PRD
pada	IN
akhir	NN
bulan	NN
ini	PRD
.	Z

Seprai	NN
di	IN
kamar	NN
saya	PRP
kotor	JJ
Perlu	MD
diganti	VB
.	Z

Saya	PRP
ketuk	VB
pintu	NN
masih	RB
dibukakan	VB
.	Z

Beberapa	ID
saksi	NN
dari	IN
pegawai	NN
showroom	FW
masih	RB
diperiksa	VB
.	Z

Kita	PRP
tunggu	VB
hasil	NN
pemeriksaan	NN
dulu	RB
.	Z

Dia	PRP
ada	VB
di	IN
rumah	NN
.	Z

Gerakan	NN
ini	PRD
juga	RB
mendapatkan	VB
dukungan	NN
dari	IN
kelompok	NN
katolik	NN
.	Z

Novanto	NNP
hari	NN
ini	PRD
ngantor	VB
ke	IN
DPR	NNP
menggunakan	VB
mobil	NN
Jaguar	NNP
XJL	NNP
.	Z

Asrama	NN
kami	PRP
tidak	RB
bersih	JJ
,	Z
tidak	RB
teratur	VB
juga	RB
.	Z

Jakarta	NNP
-	SYM
Kejaksaan	NNP
Agung	NNP
(	Z
Kejagung	NNP
)	Z
telah	RB
menyatakan	VB
lengkap	JJ
(	Z
P	NNP
21	CD
)	Z
4	CD
berkas	NN
kasus	NN
pembunuhan	NN
Direktur	NNP
PT	NNP
PRB	NNP
Nasrudin	NNP
Zulkarnaen	NNP
.	Z

Mentimun	NN
itu	PRD
murah	JJ
harganya	NN
.	Z

Ia	PRP
meninggal	VB
dunia	NN
di	IN
usia	NN
70	CD
tahun	NN
.	Z

Dia	PRP
tinggal	VB
di	IN
sini	PRD
baru	RB
dua	CD
tiga	CD
tahun	NN
.	Z

Jakarta	NNP
-	SYM
Kedatangan	NN
jenzah	NN
Amanda	NNP
(	Z
4	CD
)	Z
di	IN
rumah	NN
duka	NN
disambut	VB
isak	NN
tangis	VB
keluarga	NN
.	Z

Saluran	NN
air	NN
dibersihkan	VB
.	Z

Sisanya	NN
disimpan	VB
saja	RB
ya	UH
.	Z

Mendingan	NN
saya	PRP
titip	VB
saja	RB
sama	IN
teman	NN
.	Z

Pekanbaru	NNP
-	SYM
Aktivitas	NNP
ilegal	JJ
logging	FW
ternyata	VB
masih	RB
marak	JJ
di	IN
Riau	NNP
.	Z

Polisi	NN
masih	RB
melakukan	VB
identifikasi	NN
.	Z

Kamulah	PRP
yang	PRL
terpintar	JJS
di	IN
antara	IN
teman-teman	NN
sekelasmu	NN
.	Z

Hal	NN
senada	JJ
dikemukakan	VB
Wakil	NN
Ketua	NNP
DPR	NNP
Muhaimin	NNP
Iskandar	NNP
.	Z

Jakarta	NNP
-	SYM
Komisi	NNP
Pemilihan	NNP
Umum	NNP
(	Z
KPU	NNP
)	Z
telah	RB
menetapkan	VB
hasil	NN
akhir	NN
penghitungan	NN
suara	NN
pilpres	NNP
putaran	NN
pertama	OD
secara	IN
manual	JJ
.	Z

Berapa	WH
tahun	NN
Anda	PRP
sekalian	ID
tinggal	VB
di	IN
Guangzhou	NNP
.	Z

Pada	IN
Jumat	NNP
(	Z
27-Dec	SYM
)	Z
lalu	JJ
,	Z
seorang	CD
penebar	NN
ranjau	NN
paku	NN
bernama	VB
Ali	NNP
Usman	NNP
alias	NN
Bejo	NNP
dihajar	VB
massa	NN
di	IN
flyover	FW
Roxy	NNP
.	Z

Bagasinya	NN
sudah	RB
penuh	RB
.	Z

Rumah	NNP
Tri	NNP
Yulianto	NNP
berada	VB
di	IN
Jl	NNP
Wijaya	NNP
Kusuma	NNP
,	Z
blok	NNP
L	NNP
9	CD
,	Z
Duren	NNP
Sawit	NNP
,	Z
Jaktim	NNP
.	Z

Pihaknya	NN
masih	RB
mengecek	VB
satu	CD
per	CD
satu	CD
perhitungan	NN
suara	NN
.	Z

Pejabat-pejabat	NN
dari	IN
Beijing	NNP
akan	MD
meninjau	VB
Taman	NNP
Iptek	NNP
kota	NNP
Guangzhou	NNP
.	Z

''	Z
Mekanisme	NN
itu	PRD
urusan	NN
orang	NN
hukum	NN
.	Z

Kerugian	NN
ditaksir	VB
Rp	NNP
12	CD
juta	CD
.	Z

Kecelakaan	NN
lalu	NN
lintas	NN
itu	PRD
disaksikan	VB
oleh	IN
banyak	ID
orang	NN
.	Z

Dalam	IN
setiap	DT
teleponnya	NN
,	Z
biasanya	RB
Polly	NNP
mengambil	VB
topik	NN
pembicaraan	NN
keimanan	NN
.	Z

Kini	RB
ketiga	CD
mayat	NN
bandit	NN
itu	PRD
terbaring	VB
kaku	JJ
di	IN
RSUD	NNP
Pekanbaru	NNP
.	Z

Tas	NN
itu	PRD
dibeli	VB
oleh	IN
Ma	NNP
Li	NNP
.	Z

Kami	PRP
sangat	RB
menghargai	VB
ketulusan	NN
kerja	NN
sama	NN
pihak	NN
Anda	PRP
.	Z

setiap	DT
agama	NN
mempunyai	VB
pantangan	NN
masing-masing	PRP
.	Z

Jakarta	NNP
-	SYM
KPK	NNP
kembali	RB
memeriksa	VB
tersangka	NN
kasus	NN
suap	NN
,	Z
Bupati	NNP
Buol	NNP
Amran	NNP
Batalipu	NNP
.	Z

Di	IN
HP-nya	NNP
itu	PRD
ada	VB
foto	NN
pelanggan	NN
.	Z

Sehari	NN
pun	P
saya	PRP
tidak	RB
mau	MD
tinggal	VB
di	IN
sini	PRD
lagi	RB
.	Z

Jakarta	NNP
-	SYM
Partai	NNP
Demokrat	NNP
menggelar	VB
Rapat	NNP
Pimpinan	NNP
Nasional	NNP
(	Z
Rapimnas	NNP
)	Z
.	Z

3.	Z
Wiranto-Sholah	NNP
:	Z
26.286.788	CD
(	Z
22,154	CD
%	SYM
)	Z

Hal	NN
ini	PRD
berdampak	VB
sangat	RB
besar	JJ
bagi	IN
keluarga	NN
korban	NN
.	Z

Washington	NNP
,	Z
-	SYM
Paus	NNP
baru	JJ
telah	RB
terpilih	VB
.	Z

Itu	PRD
tergantung	VB
.	Z

Rombongan	NN
ini	PRD
tidak	RB
bisa	MD
langsung	RB
naik	VB
ke	IN
atas	IN
.	Z

Di	IN
situ	PRD
tuh	UH
Nggantung	VB
di	IN
dinding	NN
dekat	JJ
kompor	NN
gas	NN
.	Z

Saya	PRP
pelajar	NN
.	Z

Saya	PRP
akan	MD
serahkan	VB
ke	IN
Dinas	NN
Penerangan	NN
TNI	NNP
AU	NNP
.	Z

Hampir	RB
50	CD
juta	CD
orang	NN
tidak	RB
menggunakan	VB
haknya	NN
.	Z

Kakak	NN
sering	RB
mengirim	VB
buku	NN
kepada	IN
saya	PRP
.	Z

Ada	VB
rasa	NN
damai	JJ
dan	CC
tenang	JJ
di	IN
sana	PRD
.	Z

Artis	NN
itu	PRD
juga	RB
diberi	VB
minuman	NN
air	NN
.	Z

Bagian	NN
depan	NN
TransJakarta	NNP
memang	RB
dibuat	VB
khusus	JJ
untuk	IN
para	DT
wanita	NN
.	Z

3	CD
Purnawirawan	NN
itu	PRD
adalah	MD
Sulistiyadi	NNP
,	Z
Suyitno	NNP
dan	CC
Darsup	NNP
Yusuf	NNP
.	Z

Aksi	NN
demonstrasi	NN
AMMPEL	NNP
Sumut	NNP
hanya	RB
berlangsung	VB
sekitar	RB
tiga	CD
puluh	CD
menit	NN
.	Z

Akibat	SC
dari	IN
kecelakaan	NN
tersebut	PRD
3	CD
orang	NN
penumpang	NN
Ford	NNP
Fiesta	NNP
tewas	VB
dalam	IN
kejadian	NN
tersebut	PRD
.	Z

Saya	PRP
mengajar	VB
bahasa	NN
Indonesia	NNP
di	IN
sekolah	NN
itu	PRD
.	Z

Matanya	NN
terlihat	VB
berkaca-kaca	VB
.	Z

Menteri	NNP
Pertahanan	NNP
Suriah	NNP
,	Z
Daoud	NNP
Rajiha	NNP
,	Z
tewas	VB
dalam	IN
serangan	NN
bom	NN
bunuh	VB
diri	NN
di	IN
kantor	NN
pusat	NN
Biro	NNP
Keamanan	NNP
Nasional	NNP
di	IN
ibukota	NN
Damaskus	NNP
,	Z
hari	NN
Rabu	NNP
(	Z
18-Jul	SYM
)	Z
.	Z

Dia	PRP
berbelanja	VB
sesuka	VB
hatinya	NN
.	Z

Semua	ID
infotainment	NN
edisi	NN
pagi	NN
memberitakan	VB
perkembangan	NN
gegeran	NN
itu	PRD
.	Z

Pengemasan	NN
dalam	IN
kardus	NN
cukup	RB
kuat	JJ
untuk	IN
bantingan	NN
keras	JJ
.	Z

Masa	RB
mereka	PRP
belum	RB
berangkat	VB
.	Z

Kondisi	NN
ketiganya	CD
membaik	VB
.	Z

Jakarta	NNP
-	SYM
DPP	NNP
PPP	NNP
hasil	NN
Muktamar	NN
VII	CD
Bandung	NNP
menggelar	VB
Muktamar	NN
ke	IN
VIII	CD
di	IN
Pondok	NNP
Gede	NNP
,	Z
Jakarta	NNP
Timur	NNP
.	Z

''	Z
Ramses	NNP
baru	RB
3	CD
tahun	NN
bergabung	VB
bersama	RB
kami	PRP
.	Z

Kecelakaan	NN
terjadi	VB
di	IN
samping	NN
gerbang	NN
Tol	NNP
Slipi	NNP
1	CD
arah	NN
ke	IN
Grogol	NNP
.	Z

Pekerjaan	NN
ini	PRD
ditugaskan	VB
kepada	IN
regu	NN
kami	PRP
.	Z

Pelaut	NN
Angkatan	NNP
Laut	NNP
India	NNP
berbaris	VB
dalam	IN
barisan	NN
kehormatan	NN
di	IN
kapal	NN
induk	NN
INS	NNP
Viraat	NNP
di	IN
Mumbai	NNP
,	Z
India	NNP
pada	IN
April	NNP
2015	CD
.	Z

Bisa	MD
juga	RB
PAN	NNP
merapat	VB
ke	IN
PDIP	NNP
.	Z

''	Z
Dalam	IN
politik	NN
kan	P
kita	PRP
juga	RB
menentukan	VB
pilihan-pilihan	NN
.	Z

Cewek	NN
itu	PRD
kayaknya	IN
campuran	NN
Jawa-Prancis	NNP
.	Z

Foto	NN
diambil	VB
pada	IN
29	CD
Januari	NNP
2008	CD
lalu	JJ
di	IN
kantor	NN
KBRI	NNP
Riyadh	NNP
.	Z

Li	NNP
Li	NNP
akan	MD
memperdengarkan	VB
lagu	NN
pop	NN
di	IN
aula	NN
itu	PRD
.	Z

Regu	NN
A	NNP
minta	VB
time-out	FW
.	Z

Tas	NN
Ibu	NN
boleh	MD
taruh	VB
di	IN
bawah	NN
kursi	NN
.	Z

Kaburnya	NN
Gunawan	NNP
kini	RB
masih	RB
diselidiki	VB
.	Z

Film	NN
ini	PRD
akan	MD
dipertunjukkan	VB
nanti	NN
malam	NN
.	Z

Kakak	NN
perempuanku	NN
pun	P
sudah	RB
belajar	VB
di	IN
perguruan	NN
tinggi	JJ
.	Z

Ada	VB
apa	WH
di	IN
atas	IN
meja	NN
.	Z

Jakarta	NNP
-	SYM
Gunung	NNP
Merapi	NNP
kembali	RB
meletus	VB
pada	IN
hari	NN
ini	PRD
.	Z

Bandung	NNP
-	SYM
Pengajian	NN
Alquran	NNP
Suci	NNP
memang	RB
asing	JJ
di	IN
telinga	NN
.	Z

Ma	NNP
Li	NNP
tidak	RB
mengikuti	VB
kuliah	NN
hari	NN
ini	PRD
.	Z

Dia	PRP
belum	RB
bisa	MD
berkomentar	VB
lebih	RB
jauh	JJ
.	Z

Sepuluh	CD
tokoh	NN
akan	MD
membawa	VB
penonton	NN
ke	IN
dunia	NN
musik	NN
mereka	DT
masing-masing	PRP
.	Z

Bagi	IN
Akbar	NNP
,	Z
dalam	IN
dunia	NN
politik	NN
semua	ID
bisa	MD
terjadi	VB
.	Z

Silakan	VB
saja	RB
kita	PRP
lihat	VB
nanti	NN
fakta	NN
hukumnya	NN
.	Z

Kenaikan	NN
tajam	JJ
kasus	NN
penyakit	NN
ini	PRD
juga	RB
terjadi	VB
di	IN
Tajikistan	NNP
.	Z

Kami	PRP
sangat	RB
ingin	MD
membantu	VB
,	Z
cuma	RB
.	Z

Bukunya	NN
ada	VB
pada	IN
saya	PRP
.	Z

Hal	NN
ini	PRD
membutuhkan	VB
perhatian	NN
khusus	JJ
dari	IN
guru	NN
kelas	NN
,	Z
Cheung	NNP
Choi	NNP
Wan	NNP
.	Z

Dalam	IN
hal	NN
ini	PRD
amal	NN
publik	NN
dikurangi	VB
dosa	NN
publik	NN
.	Z

Kabul	NNP
,	Z
-	SYM
Pangeran	NNP
Harry	NNP
dari	IN
Inggris	NNP
telah	RB
menyelesaikan	VB
tugas	NN
militernya	NN
di	IN
Afghanistan	NNP
.	Z

Warga	NN
pun	P
heboh	JJ
mendatangi	VB
rumah	NN
sederhananya	JJ
.	Z

Ia	PRP
bangun	VB
pukul	NN
tujuh	CD
tadi	RB
pagi	NN
.	Z

Selain	IN
Khairiansyah	NNP
,	Z
tiga	CD
tersangka	NN
lainnya	JJ
adalah	MD
Mukron	NNP
As'ad	NNP
,	Z
Harijanto	NNP
,	Z
dan	CC
Tuhari	NNP
Sawanto	NNP
.	Z

Pak	NNP
Li	NNP
punya	VB
koneksi	NN
luas	JJ
di	IN
dunia	NN
bisnis	NN
.	Z

Pasalnya	RB
,	Z
surat	NN
edaran	NN
tersebut	PRD
tidak	RB
dikenal	VB
dalam	IN
ranah	NN
hukum	NN
.	Z

Gusnar	NNP
bersama	RB
rombongan	NN
sudah	RB
7	CD
hari	NN
berada	VB
di	IN
Madinah	NNP
.	Z

Para	DT
jago	NN
renang	NN
kami	PRP
akan	MD
diperkenalkan	VB
satu	CD
per	CD
satu	CD
.	Z

Kita	PRP
konsisten	JJ
saja	RB
.	Z

Kedua	CD
kakak	NN
beradik	VB
itu	PRD
duduk	VB
setara	NN
.	Z

Saya	PRP
berasal	VB
dari	IN
keluarga	NN
miskin	JJ
.	Z

Cinta	JJ
itu	PRD
buta	JJ
.	Z

Itu	PRD
lebih	RB
murah	JJ
lagi	RB
,	Z
Barang	NN
obralan	NN
ganti	VB
musim	NN
.	Z

12	CD
Orang	NN
tersebut	PRD
merupakan	MD
warga	NN
Portugal	NNP
.	Z

Mereka	PRP
juga	RB
harus	MD
dites	VB
apakah	WH
memiliki	VB
komitmen	NN
antikorupsi	NN
.	Z

Bantulah	VB
dia	PRP
sedapat-dapatnya	RB
.	Z

Kedua	CD
sahabat	NN
itu	PRD
cerita-menceritakan	VB
pengalaman	NN
masing-masing	PRP
tiga	CD
tahun	NN
ini	PRD
.	Z

Hubungan	NN
mereka	PRP
berdua	CD
sudah	RB
putus	VB
.	Z

Di	IN
luar	NN
negeri	NN
ini	PRD
kriminal	JJ
lho	UH
.	Z

Jakarta	NNP
-	SYM
Pembunuh	NN
sadis	JJ
wanita	NN
hamil	VB
7	CD
bulan	NN
,	Z
Mia	NNP
Peragawati	NNP
(	Z
21	CD
)	Z
,	Z
sudah	RB
ditangkap	VB
.	Z

Menurut	IN
Sugiarso	NNP
,	Z
total	NN
ada	VB
20	CD
perkara	NN
pelanggaran	NN
Perda	NNP
nomor	NN
3	CD
Tahun	NNP
2013	CD
tentang	IN
Pengelolaan	NN
Sampah	NN
.	Z

Anda	PRP
menyapu	VB
,	Z
ya	UH
.	Z

Alamat	NN
saya	PRP
terlewat	VB
.	Z

Apakah	WH
kamarnya	NN
cukup	RB
tenang	JJ
.	Z

Buku	NN
di	IN
kamar	NN
saya	PRP
kepunyaan	NN
saya	PRP
.	Z

Banyak	ID
tamu	NN
menghadiri	VB
pesta	NN
malam	NN
ini	PRD
.	Z

Jakarta	NNP
-	SYM
Ketua	NNP
Umum	NNP
PD	NNP
Anas	NNP
Urbaningrum	NNP
tengah	RB
menjadi	VB
sorotan	NN
publik	NN
.	Z

Tiongkok	NNP
termasuk	VB
negara	NN
dunia	NN
ketiga	OD
.	Z

Kamu	PRP
berani	JJ
membantah	VB
fakta	NN
.	Z

Wartawan	NN
juga	RB
berjaga	VB
di	IN
pintu	NN
belakang	NN
.	Z

Jakarta	NNP
-	SYM
Ketegangan	NN
sempat	MD
terjadi	VB
saat	SC
sesi	NN
pertanyaan	NN
anggota	NN
Komisi	NNP
I	CD
DPR	NNP
ke	IN
calon	NN
Panglima	NNP
TNI	NNP
Marsekal	NNP
TNI	NNP
Djoko	NNP
Soeyanto	NNP
.	Z

Korban	NN
mengalami	VB
luka-luka	NN
.	Z

''	Z
Kami	PRP
tidak	RB
ada	VB
tekan-menekan	NN
.	Z

Terburu-buru	RB
dia	PRP
segera	RB
masuk	VB
kendaraanya	NN
,	Z
Daihatsu	NNP
Xenia	NNP
hitam	JJ
B	NNP
7731	CD
.	Z

''	Z
Ayo	UH
dong	UH
,	Z
PD	NNP
dukung	VB
KPK	NNP
tuntaskan	VB
pemberantasan	NN
korupsi	NN
.	Z

Jakarta	NNP
-	SYM
Fenomena	NN
politik	NN
dinasti	NN
masih	RB
terjadi	VB
di	IN
Indonesia	NNP
.	Z

Mereka	PRP
berdua	CD
bergiliran	VB
menjenguknya	VO
.	Z

Fenomena	NN
ini	PRD
akan	MD
memperlebar	VB
indikasi	NN
penyalahgunaan	NN
kekuasaan	NN
.	Z

Rekonstruksi	NN
berakhir	VB
sekitar	RB
pukul	NN
14.00	SYM
WIB	NNP
.	Z

Itu	PRD
bagi	IN
saya	PRP
menghina	VB
agama	NN
.	Z

Ya	UH
ampun	UH
!	Z
Ini	PRD
jalan	NN
satu	CD
arah	NN
,	Z
tidak	RB
boleh	MD
mutar	VB
di	IN
sini	PRD
.	Z

Koin-koin	NN
gopek	NN
itu	PRD
dimasukkan	VB
ke	IN
dalam	IN
kantong	NN
plastik	NN
sebanyak	ID
5	CD
buah	NN
.	Z

Efisiensi	NN
pekerjaannya	NN
sangat	RB
tinggi	JJ
.	Z

Kualitas	NN
produk	NN
kami	PRP
bisa	MD
diandalkan	VB
.	Z

Gempa	NN
terjadi	VB
di	IN
187	CD
kilometer	NN
dari	IN
dasar	NN
laut	NN
.	Z

Sekitar	IN
300	CD
orang	NN
lainnya	JJ
luka-luka	NN
dalam	IN
peristiwa	NN
berdarah	VB
itu	PRD
.	Z

Bersama	RB
calon	NN
Wakil	NNP
Gubernur	NNP
Sumut	NNP
Jumiran	NNP
Abdi	NNP
ikut	VB
senam	NN
bersama	RB
warga	NN
.	Z

Celana	NN
dibuka	VB
sedikit	RB
.	Z

Utangnya	NN
belum	RB
beres	JJ
.	Z

Ya	UH
,	Z
mari	UH
.	Z

Boleh	MD
saya	PRP
minta	VB
kuncinya	NN
.	Z

Sebagian	ID
gedung	NN
mengalami	VB
kerusakan	NN
akibat	SC
serangan	NN
itu	PRD
.	Z

Berdasar	VB
data	NN
kepolisian	NN
Malaysia	NNP
,	Z
kebanyakan	NN
korban	NN
masih	RB
berusia	VB
16	CD
tahun	NN
ke	IN
bawah	NN
.	Z

Keberadaan	NN
parkir	VB
liar	JJ
sebetulnya	RB
membuat	VB
rugi	NN
pengguna	NN
lalu	NN
lintas	NN
lainnya	JJ
.	Z

Kerasan	JJ
tidak	RB
tinggal	VB
di	IN
Indonesia	NNP
.	Z

Wah	UH
,	Z
hebat	JJ
sekali	RB
anak	NN
ini	PRD
.	Z

Polisi	NN
membubarkan	VB
massa	NN
.	Z

Ia	PRP
sekali-kali	RB
tidak	RB
memikirkan	VB
keluarganya	NN
.	Z

7.	Z
Partai	NNP
Gerakan	NNP
Indonesia	NNP
Raya	NNP
(	Z
Gerindra	NNP
)	Z

Jakarta	NNP
-	SYM
Cawagub	NNP
Jabar	NNP
Deddy	NNP
Mizwar	NNP
(	Z
57	CD
)	Z
melaporkan	VB
harta	NN
kekayaannya	NN
ke	IN
KPK	NNP
.	Z

Jakarta	NNP
-	SYM
Pengusaha	NN
Prajogo	NNP
Pengestu	NNP
pukul	NN
14.00	SYM
WIB	NNP
mendatangi	VB
Mabes	NNP
Polri	NNP
.	Z

Datanglah	P
sewaktu-waktu	RB
.	Z

Kelima	CD
orang	NN
itu	PRD
adalah	MD
Akbar	NNP
Tandjung	NNP
,	Z
Ketua	NNP
DPR	NNP
Agung	NNP
Laksono	NNP
,	Z
Ketua	NNP
PAN	NNP
Soetrisno	NNP
Bachir	NNP
,	Z
Rizal	NNP
Ramli	NNP
,	Z
dan	CC
Rizal	NNP
Malarangeng	NNP
.	Z

Salat	NN
lima	CD
waktu	NN
juga	RB
wajib	VB
bagi	IN
penganut	NN
Islam	NNP
.	Z

Jakarta	NNP
-	SYM
Tol	NNP
Cikampek	NNP
dari	IN
arah	NN
Jakarta	NNP
padat	JJ
.	Z

Walhasil	NNP
,	Z
Suryada	NNP
pun	P
tak	RB
berani	JJ
memasuki	VB
ruang	NN
kerjanya	NN
.	Z

Amat	RB
panas	JJ
hari	NN
ini	PRD
.	Z

Saya	PRP
sudah	RB
siap	VB
balik	VB
ke	IN
Yogyakarta	NNP
minggu	NN
depan	JJ
.	Z

''	Z
Kita	PRP
ingin	RB
mendengar	VB
keterangan	NN
dari	IN
kedua	CD
belah	NN
pihak	NN
.	Z

Saya	PRP
belum	RB
membalas	VB
surat	NN
ibu	NN
.	Z

Saya	PRP
tak	RB
tahu	VB
kenapa	WH
.	Z

''	Z
Lima	CD
indikator	NN
itu	PRD
sebaiknya	RB
diperiksa	VB
.	Z

Kehidupan	NN
kami	PRP
semakin	RB
baik	JJ
.	Z

''	Z
Kecelakaan	NN
terjadi	VB
pukul	NN
07.00	SYM
WIB	NNP
.	Z

Gatot	NNP
Brajamusti	NNP
Diperiksa	VB
Resmob	NNP
Polda	NNP
/	SYM
Foto	NN
:	Z
Rachman	NNP
Haryanto	NNP

Perang	NN
saudara	NN
itu	PRD
sudah	RB
berlangsung	VB
tahun	NN
.	Z

Ini	PRD
hanya	RB
transit	NN
biasa	JJ
.	Z

Dari	IN
Tugu	NNP
Tani	NNP
,	Z
dia	PRP
berjalan	VB
kaki	NN
sekitar	RB
1,5	CD
km	NN
ke	IN
kantor	NN
KPAI	NNP
.	Z

Dia	PRP
nggak	RB
pantas	JJ
buat	IN
kamu	PRP
.	Z

Berangkatlah	VB
sekarang	NN
juga	RB
.	Z

Kalian	PRP
tidak	RB
suka	VB
belajar	VB
bahasa	NN
Indonesia	NNP
.	Z

Sekarang	NN
masa-masa	NN
sulit	JJ
itu	PRD
sudah	RB
berakhir	VB
.	Z

Bungkusan	NN
ini	PRD
perlu	MD
diperiksa	VB
dulu	RB
.	Z

Kairo	NNP
-	SYM
KBRI	NNP
Kairo	NNP
selalu	RB
siap	VB
tanggap	VB
bagi	IN
perlindungan	NN
warga	NN
negaranya	NN
.	Z

Kalau	SC
tanggal	NN
Oktober	NNP
,	Z
bagaimana	WH
.	Z

Pemilik	NN
kamar	NN
diketahui	VB
atas	IN
nama	NN
Josep	NNP
WN	NN
Australia	NNP
.	Z

Anda	PRP
sekalian	ID
harus	MD
membuat	VB
latihan	NN
setiap	DT
hari	NN
.	Z

Lantai	NN
kamar	NN
ini	PRD
mudah	JJ
menyerap	VB
air	NN
.	Z

Komisi	NNP
I	CD
DPR	NNP
akan	MD
melawat	VB
ke	IN
4	CD
negara	NN
pada	IN
pertengahan	NN
April	NNP
2012	CD
.	Z

Ia	PRP
juara	NN
dalam	IN
nomor	NN
estafet	NN
50	CD
m	NN
gaya	NN
bebas	JJ
putra	NN
.	Z

Yulvie	NNP
seperti	IN
mengintegorasi	VB
saya	PRP
.	Z

Apalagi	CC
pembuluh	NN
darah	NN
di	IN
tubuh	NN
anda	PRP
menjadi	VB
kaku	JJ
.	Z

Kasus	NN
tertinggi	JJS
yakni	IN
penyesatan	NN
agama	NN
43	CD
tindakan	NN
.	Z

Sepasang	DT
suami	NN
istri	NN
itu	PRD
saling	RB
menghormati	VB
.	Z

Pipit	NN
sama	IN
pipit	NN
,	Z
enggang	NN
sama	IN
enggang	NN
.	Z

Jalan	VB
sih	UH
boleh	MD
,	Z
cuma	RB
agak	RB
sakit	JJ
.	Z

Ini	PRD
merupakan	MD
gangguan	NN
baginya	PO
.	Z

Secara	IN
periodik	NN
internal	JJ
Golkar	NNP
terus	RB
melakukan	VB
survei	NN
politik	NN
.	Z

Mereka	PRP
mengambil	VB
air	NN
di	IN
tempat	NN
itu	PRD
.	Z

Saya	PRP
mau	MD
ke	IN
rumahmu	NN
.	Z

Kejadian	NN
tersebut	PRD
berlangsung	VB
pada	IN
Selasa	NNP
(	Z
13-Mar	SYM
)	Z
kemarin	NN
,	Z
sekitar	RB
pukul	NN
14.30	SYM
WIB	NNP
di	IN
perumahan	NN
Permata	NNP
Regency	NNP
,	Z
Srengseng	NNP
Jakbar	NNP
.	Z

Kami	PRP
menaikkan	VB
bendera	NN
tinggi-tinggi	JJ
.	Z

Langkah	NN
ini	PRD
juga	RB
dilakukan	VB
PKS	NNP
.	Z

Pohon-pohon	NN
itu	PRD
mulai	VB
menghijau	VB
pada	IN
musim	NN
semi	NN
.	Z

Saya	PRP
mau	MD
pergi	VB
ke	IN
kota	NN
nanti	NN
sore	NN
.	Z

Personel	NN
FPU	NNP
2	CD
didampingi	VB
sekitar	RB
10	CD
police	FW
advisor	FW
.	Z

Minggu	NNP
(	Z
18/02/2007	SYM
)	Z
Masehi	NNP
,	Z
kalender	NN
China	NNP
memasuki	VB
1	CD
Cia	NNP
Gwee	NNP
2558	CD
Tahun	NN
Babi	NNP
Api	NNP
.	Z

Dia	PRP
pun	P
pindah	VB
ruang	NN
kerja	NN
.	Z

Nanti	NN
saya	PRP
cek	VB
semua	ID
.	Z

Poster	NN
itu	PRD
bertuliskan	VB
kalimat	NN
''	Z
Korupsi	NN
pemadam	NN
kebakaran	NN
''	Z
di	IN
bagian	NN
bawahnya	NN
.	Z

Di	IN
sebelah	NN
kiri	NN
Gus	NNP
Dur	NNP
,	Z
duduk	VB
putri	NN
keduanya	NN
,	Z
Yenny	NNP
Wahid	NNP
.	Z

Sekarang	NN
,	Z
bolehkah	P
saya	PRP
melihat	VB
kartu	NN
kredit	NN
Anda	PRP
.	Z

Kebijakannya	NN
itu	PRD
merugikan	VB
negara	NN
sedikitnya	RB
Rp	NNP
346	CD
miliar	CD
.	Z

Guangzhou	NNP
terletak	VB
di	IN
Tiongkok	NNP
Selatan	NNP
.	Z

Pesan	NN
singkat	JJ
melalui	IN
fasilitas	NN
short	FW
message	FW
service	FW
itu	PRD
berasal	VB
dari	IN
nomor	NN
handphone	FW
081341262XXX	SYM
.	Z

Puluhan	ID
juta	CD
obat	NN
ilegal	JJ
ditemukan	VB
petugas	NN
.	Z

Rekor	NN
fantastis	JJ
juga	RB
dibuat	VB
oleh	IN
Usain	NNP
Bolt	NNP
,	Z
pelari	NN
Jamaika	NNP
.	Z

Surat	NN
itu	PRD
ditujukan	VB
langsung	RB
kepada	IN
Suryada	NNP
.	Z

Mereka	PRP
membaca	VB
surat	NN
kabar	NN
itu	PRD
satu	CD
per	CD
satu	CD
.	Z

Korea	NNP
merupakan	MD
sebuah	DT
negara	NN
maju	JJ
.	Z

Belajarlah	VB
dengan	IN
baik-baik	JJ
.	Z

Jakarta	NNP
-	SYM
Terdakwa	NN
pembobolan	NN
Bank	NNP
BNI	NNP
Adrian	NNP
Waworuntu	NNP
dituntut	VB
penjara	NN
seumur	NN
hidup	VB
oleh	IN
jaksa	NN
penuntut	NN
umum	JJ
(	Z
JPU	NNP
)	Z
.	Z

Mereka	PRP
mencari	VB
titik	NN
keramaian	NN
.	Z

Dalam	IN
pengakuannya	NN
,	Z
dia	PRP
meminta	VB
maaf	NN
kepada	IN
korban	NN
.	Z

Senjata	NN
makan	VB
tuan	NN
.	Z

Sudah	RB
mendekati	VB
tengah	NN
hari	NN
.	Z

Tolong	VB
bonnya	NN
.	Z

Dari	IN
sini	PRD
aku	PRP
mau	MD
terus	RB
saja	RB
ke	IN
asrama	NN
.	Z

Biasanya	RB
,	Z
tanggal	NN
mudik	VB
favorit	JJ
adalah	MD
H-3	NNP
lebaran	NN
.	Z

Jakarta	NNP
-	SYM
Komisi	NNP
Yudisial	NNP
(	Z
KY	NNP
)	Z
meloloskan	VB
5	CD
calon	NN
hakim	NN
agung	JJ
ke	IN
seleksi	NN
tingkat	NN
DPR	NNP
.	Z

''	Z
Saya	PRP
kepikiran	NN
alih	VB
profesi	NN
jadi	VB
sopir	NN
di	IN
Arab	NNP
Saudi	NNP
saja	RB
.	Z

Penggrebekan	NN
pada	IN
Kamis	NNP
kemarin	NN
sudah	RB
lama	JJ
direncanakan	VB
Polri	NNP
.	Z

Sungguh	RB
bersih	JJ
kamar	NN
kalian	PRP
.	Z

Jaksa	NN
menuntut	VB
Novi	NNP
7	CD
bulan	NN
penjara	NN
.	Z

Saya	PRP
mau	MD
membaca	VB
sebentar	RB
lagi	RB
.	Z

Jakarta	NNP
-	SYM
Kejaksaan	NNP
Agung	NNP
(	Z
Kejagung	NNP
)	Z
menjadwalkan	VB
pemeriksaan	NN
terhadap	IN
empat	CD
pejabat	NN
Bank	NNP
Indonesia	NNP
(	Z
BI	NNP
)	Z
.	Z

Seorang	CD
teman	NN
saya	PRP
sudah	RB
pergi	VB
ke	IN
Indonesia	NNP
.	Z

Letusan	NN
Gunung	NNP
Merapi	NNP
tahun	NN
tidak	RB
membahayakan	VB
daerah	NN
sekitarnya	NN
.	Z

Sewa	VB
rumahnya	NN
dapat	MD
dibayar	VB
berangsur	VB
.	Z

Negara	NN
saya	PRP
belum	RB
siap	VB
menghadapi	VB
terorisme	NN
.	Z

Peristiwa	NN
ini	PRD
terjadi	VB
dekat	JJ
pintu	NN
tol	NN
Cengkareng	NNP
.	Z

Di	IN
sini	PRD
Anda	PRP
dapat	MD
menemukan	VB
kewarganegaraan	NN
dari	IN
seluruh	ID
dunia	NN
.	Z

Lalu	RB
bagaimana	WH
pentingnya	NN
dokumen	NN
itu	PRD
?	Z

Kasus	NN
itu	PRD
pun	P
segera	RB
melangkah	VB
ke	IN
tahap	NN
penyidikan	NN
.	Z

Kulit	NN
tangannya	NN
melepuh	VB
.	Z

Saya	PRP
belum	RB
pernah	RB
memasuki	VB
kamar	NN
itu	PRD
.	Z

Ini	PRD
buat	IN
kamu	PRP
.	Z

Ketiga	OD
,	Z
pembatasan	NN
kebebasan	NN
berekspresi	VB
sebanyak	ID
27	CD
tindakan	NN
.	Z

Pulangnya	NN
dibolehkan	VB
oleh	IN
gurunya	NN
.	Z

Helikopter	NN
juga	RB
disiapkan	VB
di	IN
titik-titik	NN
tertentu	JJ
.	Z

Polisi	NN
terus	RB
mengejar	VB
massa	NN
John	NNP
Kei	NNP
.	Z

Badrodin	NNP
tak	RB
mau	MD
berandai-andai	VB
soal	NN
kemungkinan	NN
putusan	NN
ringan	JJ
terhadap	IN
pelaku	NN
.	Z

Udah	RB
ah	UH
jangan	RB
ngebahas	VB
dia	PRP
lagi	RB
,	Z
males	JJ
aku	PRP
.	Z

Partai	NN
tersebut	PRD
beranggotakan	VB
orang-orang	NN
Sunni	NNP
.	Z

Jakarta	NNP
-	SYM
Pesta	NN
Budaya	NN
Melayu	NNP
Sumatra	NNP
Utara	NNP
Waktu	NN
:	Z

Dia	PRP
belum	RB
sanggup	MD
membayar	VB
sewaannya	NN
.	Z

Tulisanmu	NN
jel�k	JJ
benar	RB
.	Z

Penelitian	NN
terhadap	IN
251	CD
perusahaan	NN
itu	PRD
didasarkan	VB
data	NN
antara	IN
Oktober	NNP
2003	CD
-	SYM
Oktober	NNP
2004	CD
.	Z

Iya	UH
kan	P
dulunya	NN
teriak-teriak	VB
katakan	VB
tidak	RB
pada	IN
korupsi	NN
.	Z

Ibu	NN
dengarkan	VB
saja	RB
pengumuman	NN
bis	NN
.	Z

Sulit	JJ
untuk	IN
melindungi	VB
satu	CD
negara	NN
saja	RB
.	Z

Insiden	NN
nahas	JJ
itu	PRD
terjadi	VB
sekitar	RB
pukul	NN
07.15	SYM
WITA	NNP
,	Z
Rabu	NNP
(	Z
31/10/2012	SYM
)	Z
.	Z

Jakarta	NNP
-	SYM
Yuddy	NNP
Chrisnandi	NNP
telah	RB
memindahkan	VB
semua	ID
barang	NN
pribadinya	NN
dari	IN
kantor	NN
Kementerian	NNP
PAN	NNP
RB	NNP
ke	IN
rumah	NN
pribadinya	NN
.	Z

Tidak	RB
ada	VB
sambal	NN
kacang	NN
,	Z
tidak	RB
ada	VB
gado-gado	NN
.	Z

Kami	PRP
tidak	RB
pergi	VB
.	Z

Jakarta	NNP
-	SYM
Kemacetan	NN
terjadi	VB
di	IN
ruas	NN
Slipi	NNP
arah	NN
Semanggi	NNP
.	Z

Pihak	NN
keluarga	NN
sudah	RB
membawa	VB
jenazah	NN
Mia	NNP
Senin	NNP
(	Z
1/2/2010	SYM
)	Z
dari	IN
RSCM	NNP
.	Z

Gunakan	VB
air	NN
sehemat	JJ
mungkin	RB
.	Z

Temuan	NN
tersebut	PRD
merupakan	MD
hasil	NN
kerja	NN
tim	NN
independen	JJ
bentukan	NN
Departemen	NNP
Kehutanan	NNP
.	Z

Ma	NNP
Li	NNP
tidak	RB
tinggi	JJ
.	Z

Wewenang	NN
KY	NNP
itu	PRD
jelas	JJ
.	Z

Celana	NN
cutbray	FW
ini	PRD
terlalu	RB
longgar	JJ
.	Z

Rumahnya	NN
kelihatan	VB
dari	IN
jauh	JJ
.	Z

Anak	NN
itu	PRD
menangis	VB
keras-keras	RB
.	Z

Tim	NN
ini	PRD
membawa	VB
alat	NN
pendeteksi	NN
logam	NN
yakni	MD
Beacon	NNP
.	Z

Hanya	RB
saja	RB
pada	IN
akhirnya	RB
Rusli	NNP
hanya	RB
mentransfer	VB
Rp	NNP
2,989	CD
miliar	CD
.	Z

Kota	NNP
Guangzhou	NNP
letaknya	NN
di	IN
Tiongkok	NNP
Selatan	NNP
.	Z

Kalimat	NN
ini	PRD
mengandung	VB
arti	NN
tertentu	JJ
.	Z

Siapa	WH
yang	PRL
memegang	VB
setir	NN
mobil	NN
.	Z

Perlu	MD
diperiksa	VB
lebih	RB
lanjut	JJ
,	Z
Bu	NN
.	Z

ABC	NNP
)	Z
Tomas	NNP
Ayah	NN
dari	IN
tiga	CD
anak	NN
Tomas	NNP
Pinto	NNP
(	Z
34	CD
tahun	NN
)	Z
bisa	MD
meninggal	VB
setiap	DT
saat	SC
.	Z

Tua-tua	JJ
masih	RB
suka	VB
berkelakar	VB
.	Z

Ma	NNP
Li	NNP
akan	MD
datang	VB
malam	NN
ini	PRD
.	Z

Dalam	IN
Asian	NNP
Games	NNP
Guangzhou	NNP
,	Z
akan	MD
dipertandingkan	VB
cabang	NN
olahraga	NN
,	Z
di	IN
antaranya	PO
cabang	NN
resmi	JJ
Olimpiade	NN
.	Z

Saat	SC
ditanya	VB
mereka	PRP
hanya	RB
menggeleng	VB
kepala	NN
.	Z

Kota	NN
ini	PRD
terbentuk	VB
pada	IN
zaman	NN
Dinasti	NNP
Zhou	NNP
.	Z

Ruang	NN
kelas	NN
kami	PRP
banyak	ID
jendelanya	NN
.	Z

Mentimun	NN
itu	PRD
manis	JJ
rasanya	NN
.	Z

Langkah	NN
itu	PRD
dilakukan	VB
maskapai	NN
penerbangan	NN
terkemuka	JJ
Jerman	NNP
,	Z
Lufthansa	NNP
.	Z

Pimpinan	NNP
PD	NNP
harus	MD
mampu	MD
memisahkan	VB
PD	NNP
dari	IN
figur	NN
SBY	NNP
.	Z

Dalam	IN
talkshow	NNP
ini	PRD
,	Z
hadir	VB
pula	RB
anggota	NN
Komisi	NNP
III	CD
Bambang	NNP
Soesatyo	NNP
.	Z

Wisnu	NNP
Tjandra	NNP
adalah	MD
lulusan	NN
Fakultas	NNP
Ekonomi	NNP
Universitas	NNP
Indonesia	NNP
.	Z

Dia	PRP
masih	RB
belum	RB
datang	VB
Masa	RB
.	Z

Pilihan	NN
itu	PRD
akan	MD
dikirimkan	VB
melalui	IN
surat	NN
ke	IN
pimpinan	NN
MPR	NNP
.	Z

Dalam	IN
batin	NN
ia	PRP
tidak	RB
menyukai	VB
orang	NN
itu	PRD
.	Z

kami	PRP
merebut	VB
gelar	NN
juara	NN
beregu	VB
.	Z

Muncikari	NNP
memberikan	VB
foto	NN
calon	NN
klien	NN
melalui	IN
chat	FW
messenger	FW
.	Z

Setya	NNP
Novanto	NNP
,	Z
Ak	NNP
tidak	RB
terbukti	VB
.	Z

Ibu	NN
sering	RB
mengirimi	VB
saya	PRP
majalah	NN
bahasa	NN
Inggris	NNP
.	Z

Toh	RB
,	Z
Mahkamah	NNP
Konstitusi	NNP
sudah	RB
membolehkan	VB
.	Z

Ada	VB
saran	NN
.	Z

Mari	UH
kita	PRP
beristirahat	VB
sebentar	RB
.	Z

Mereka	PRP
berdua	CD
ketinggalan	VB
kereta	NN
api	NN
.	Z

Megawati	NNP
saat	SC
ini	PRD
fokus	VB
mendorong	VB
regenerasi	NN
kader	NN
.	Z

Hujan	NN
mereda	VB
.	Z

Cuci	VB
baju	NN
ini	PRD
.	Z

Kita	PRP
mulai	VB
kuliah	VB
.	Z

Faktor	NN
utama	JJ
adalah	MD
posisi	NN
matahari	NN
.	Z

Indonesia	NNP
hanya	RB
mengenal	VB
dua	CD
musim	NN
.	Z

Jakarta	NNP
-	SYM
Gerung	NN
iring-iringan	NN
200	CD
sepeda	NN
motor	NN
memecah	VB
pagi	NN
Jl	NNP
Diponegoro	NNP
,	Z
Jakarta	NNP
Pusat	NNP
.	Z

Dia	PRP
mulai	VB
menyapu	VB
lantai	NN
di	IN
kamarnya	NN
.	Z

Sang	DT
anak	NN
merasa	VB
tak	RB
enak	JJ
hati	NN
.	Z

Lelaki	NN
itu	PRD
memegang	VB
tangan	NN
isterinya	NN
erat-erat	JJ
.	Z

Peristiwa	NN
ini	PRD
terjadi	VB
di	IN
depan	NN
Halte	NNP
Salemba	NNP
UI	NNP
arah	NN
Senen-Kampung	NNP
Melayu	NNP
sekitar	RB
pukul	NN
08.45	SYM
WIB	NNP
.	Z

Batuan	NN
tersebut	PRD
sangat	RB
kaya	JJ
akan	MD
campuran	NN
mineral	NN
.	Z

Riau	NNP
-	SYM
Panwaslu	NNP
Riau	NNP
malam	NN
ini	PRD
melakukan	VB
pemantauan	NN
di	IN
kediaman	NN
Sekjen	NNP
PKB	NNP
Lukman	NNP
Edy	NNP
di	IN
Pekanbaru	NNP
,	Z
Riau	NNP
.	Z

Mari	UH
,	Z
Bu	NN
/	SYM
Pak	NN
.	Z

Pendayagunaan	NN
atas	IN
sumber	NN
daya	NN
manusia	NN
makin	RB
hari	NN
makin	RB
diperhatikan	VB
oleh	IN
pemerintah	NN
kami	PRP
.	Z

Orang	NN
ini	PRD
tinggi	JJ
benar	RB
.	Z

''	Z
Jadi	SC
Senin	NNP
malam	NN
ada	VB
perbaikan	NN
.	Z

Baru	RB
pukul	NN
malam	NN
sudah	RB
terasa	VB
sepi	JJ
di	IN
kota	NN
kecil	JJ
itu	PRD
.	Z

Mobil	NN
boks	NN
tersebut	PRD
berada	VB
di	IN
lajur	NN
kiri	NN
tol	NN
.	Z

Saya	PRP
akan	MD
pulang	VB
besok	NN
.	Z

Pengembangan	NN
kualitas	NN
produknya	NN
sangat	RB
penting	JJ
bagi	IN
sebuah	DT
perusahaan	NN
.	Z

Tidak	RB
bisa	MD
putuskan	VB
apa-apa	NN
.	Z

Dari	IN
pantauan	NN
di	IN
lokasi	NN
,	Z
kurang	RB
lebih	RB
50	CD
persen	NN
bagian	NN
halte	NN
rusak	JJ
.	Z

Ada	VB
kasur	NN
,	Z
kursi	NN
,	Z
baju	NN
,	Z
barang	NN
elektronik	NN
,	Z
semua	ID
berceceran	VB
.	Z

Dari	IN
tangan	NN
Edy	NNP
,	Z
KPK	NNP
menyita	VB
uang	NN
Rp	NNP
50	CD
juta	CD
.	Z

Sepatunya	NN
susah	JJ
diikat	VB
.	Z

Bisa	MD
minta	VB
setrika	NN
.	Z

Gempa	NN
bumi	NN
ini	PRD
merusak	VB
infrastruktur	NN
Yogyakarta	NNP
.	Z

Tunjukkan	VB
paspor	NN
Anda	PRP
.	Z

Sejumlah	ID
calon	NN
penumpang	NN
KM	NNP
Kelimutu	NNP
menuju	VB
Bau-bau	NNP
,	Z
Sulawesi	NNP
Tenggara	NNP
,	Z
mulai	VB
berdatangan	VB
.	Z

Kakak	NN
iparmu	NN
baru	RB
melahirkan	VB
(	Z
anak	NN
)	Z

Bulan	NN
depan	JJ
Presiden	NNP
Hu	NNP
Jingtao	NNP
akan	MD
berkunjung	VB
ke	IN
Amerika	NNP
Serikat	NNP
.	Z

Jakarta	NNP
-	SYM
APBD	NNP
DKI	NNP
berjalan	VB
lambat	JJ
.	Z

Masa	RB
tulis	VB
surat	NN
pun	P
tidak	RB
sempat	MD
.	Z

Bunga	NN
di	IN
halamannya	NN
sudah	RB
berkembang	VB
.	Z

Selain	IN
ada	VB
kalimat	NN
bahasa	NN
Arab	NNP
,	Z
bahasa	NN
Inggris	NNP
,	Z
Prancis	NNP
,	Z
ada	VB
juga	RB
bahasa	NN
Indonesia	NNP
.	Z

Kamar	NN
itu	PRD
teratur	VB
.	Z

Kedua	CD
kegiatan	NN
laut	NN
itu	PRD
memberi	VB
Charlene	NNP
inspirasi	NN
.	Z

Orang	NN
itu	PRD
menunjuk	VB
ke	IN
arah	NN
itu	PRD
.	Z

Satpam	NNP
kantor	NN
Multipiranti	NNP
Graha	NNP
itu	PRD
akan	MD
dioperasi	VB
.	Z

Apalagi	CC
lokasi	NN
kejadian	NN
ada	VB
di	IN
sana	PRD
.	Z

Insiden	NN
semacam	RB
ini	PRD
cukup	RB
sering	RB
terjadi	VB
di	IN
wilayah	NN
China	NNP
,	Z
akhir-akhir	NN
ini	PRD
.	Z

Rumah	NN
potong	NN
sudah	RB
disetujui	VB
.	Z

Saya	PRP
turis	NN
.	Z

''	Z
Di	IN
sini	PRD
banyak	JJ
sekali	RB
motor	NN
.	Z

Lalu	SC
cerita	NN
dari	IN
Hagus	NNP
pun	P
mengalir	VB
.	Z

Itu	PRD
menurut	RB
Hasyim	NNP
merupakan	MD
administratif	NN
negara	NN
.	Z

Rasanya	RB
aku	PRP
harus	MD
berhenti	VB
sekolah	NN
.	Z

''	Z
Ada	VB
satu	CD
dua	CD
.	Z

Abu	NN
vulkanik	JJ
Merapi	NNP
berbahaya	VB
bagi	IN
penerbangan	NN
.	Z

Saya	PRP
hanya	RB
dari	IN
keluarga	NN
miskin	JJ
.	Z

Dia	PRP
mengangani	VB
segala	ID
pekerjaan	NN
rumah	NN
.	Z

Saya	PRP
naik	VB
dari	IN
pasar	NN
baru	JJ
ke	IN
arah	NN
Mal	NNP
Citraland/Ciputra	NNP
.	Z

Dia	PRP
tak	RB
sanggup/mampu	MD
lagi	RB
melanjutkan	VB
pelajarannya	NN
.	Z

Kalimatnya	NN
salah-salah	JJ
.	Z

Sejauh	RB
ini	PRD
belum	RB
ada	VB
angka	NN
pasti	JJ
berapa	WH
kerugian	NN
pemerintahan	NN
daerah	NN
NAD	NNP
akibat	SC
bencana	NN
tsunami	NN
ini	PRD
.	Z

Lagi	RB
mengulang	VB
pelajaran	NN
nih	UH
.	Z

Operasi	NN
Malinda	NNP
di	IN
RS	NNP
Siloam	NNP
berjalan	VB
sekitar	RB
enam	CD
jam	NN
.	Z

Jakarta	NNP
-	SYM
Selain	IN
Gubernur	NNP
BI	NNP
Burhanuddin	NNP
Abdullah	NNP
,	Z
Direktur	NNP
Sumber	NNP
Daya	NNP
Manusia	NNP
(	Z
SDM	NNP
)	Z
BI	NNP
Kusumaningtuti	NNP
Sandriharmy	NNP
Soetiono	NNP
juga	RB
diperiksa	VB
.	Z

Ada	VB
berapa	WH
warna	NN
.	Z

Ada	VB
penerbangan	NN
langsung	RB
dari	IN
Guangzhou	NNP
ke	IN
Bali	NNP
tidak	RB
.	Z

Jakarta	NNP
-	SYM
PAN	NNP
sudah	RB
menerima	VB
SK	NNP
pengesahan	NNP
kepengurusan	NNP
dari	IN
Menkum	NNP
HAM	NNP
kemarin	NN
.	Z

''	Z
Ini	PRD
hanya	RB
silaturahmi	NN
.	Z

Pasal	NN
pencalonan	NN
ini	PRD
masih	RB
utuh	JJ
.	Z

Pemeriksaan	NN
melibatkan	VB
dishub-dishub	NN
daerah	NN
.	Z

Jakarta	NNP
-	SYM
Pilkada	NNP
DKI	NNP
digelar	VB
.	Z

Malu	JJ
bertanya	VB
sesat	JJ
di	IN
jalan	NN
.	Z

Jangan	RB
banyak-banyak	RB
,	Z
dua	CD
tiga	CD
helai	NN
saja	RB
cukup	JJ
.	Z

Empat	CD
kabupaten	NN
/	SYM
kota	NN
tersebut	PRD
adalah	MD
Ratu	NNP
Tatu	NNP
/	SYM
adik	NN
tiri	NN
Atut	NNP
(	Z
Kabupaten	NNP
Serang	NNP
)	Z
,	Z
Heryani	NNP
/	SYM
ibu	NN
tiri	NN
Atut	NNP
(	Z
Kabupaten	NNP
Pandeglang	NNP
)	Z
,	Z
Tubagus	NNP
Haerul	NNP
Jaman	NNP
/	SYM
adik	NN
tiri	NN
Atut	NNP
(	Z
Kota	NN
Serang	NNP
)	Z
,	Z
dan	CC
Airin	NNP
Rachmi	NNP
Diany	NNP
/	SYM
adik	NN
ipar	NN
(	Z
Kota	NNP
Tangerang	NNP
Selatan	NNP
)	Z
.	Z

Dia	PRP
pernah	RB
pergi	VB
ke	IN
Shanghai	NNP
.	Z

Rute	NN
pertama	OD
akan	MD
melintasi	VB
stasiun	NN
Bogor-Manggarai-Tanah	NNP
Abang-Duri-Jakarta	NNP
Kota-Jatinegara	NNP
.	Z

Universitas	NN
ini	PRD
sibuk	JJ
mempersiapkan	VB
pekan	NN
olahraga	NN
.	Z

Dia	PRP
sudah	RB
minum	VB
pagi	NN
ini	PRD
.	Z

Saya	PRP
mau	MD
memberitahukan	VB
sesuatu	PRI
kepada	IN
kalian	PRP
.	Z

Ngawi	NNP
-	SYM
Ada	VB
legenda	NN
baru	JJ
di	IN
Desa	NNP
Begal	NNP
,	Z
Kecamatan	NNP
Kedunggalar	NNP
,	Z
Kabupaten	NNP
Ngawi	NNP
,	Z
Jawa	NNP
Timur	NNP
.	Z

Peristiwa	NN
''	Z
September	NNP
''	Z
tak	RB
akan	MD
lepas	VB
dari	IN
ingatan	NN
rakyat	NN
Amerika	NNP
Serikat	NNP
dalam	IN
waktu	NN
dekat	JJ
.	Z

KPU	NNP
mensyaratkan	VB
kelolosan	NN
100	CD
persen	NN
partai	NN
politik	NN
di	IN
tingkat	NN
provinsi	NN
.	Z

Jakarta	NNP
-	SYM
Ketegasan	NN
Presiden	NNP
Susilo	NNP
Bambang	NNP
Yudhoyono	NNP
(	Z
SBY	NNP
)	Z
terhadap	IN
Polri	NNP
dalam	IN
sengketa	NN
kasus	NN
simulator	NN
SIM	NNP
masih	RB
dinanti	VB
.	Z

TNI	NNP
juga	RB
mengikuti	VB
perkembangan	NN
isu	NN
penyadapan	NN
tersebut	PRD
.	Z

Pada	IN
malam	NN
ini	PRD
mereka	PRP
akan	MD
pergi	VB
ke	IN
kota	NN
.	Z

DA	NNP
ini	PRD
menjalankan	VB
praktik	NN
protitusinya	NN
ini	PRD
sewilayah	NN
Jabodetabek	NNP
.	Z

Pantasan	RB
saya	PRP
baru	RB
pertama	OD
kali	NN
melihat	VB
Ibu	NN
di	IN
kampus	NN
.	Z

Jakarta	NNP
-	SYM
Tamsil	NNP
Linrung	NNP
,	Z
anggota	NN
DPR	NNP
dari	IN
Fraksi	NNP
Partai	NNP
Keadilan	NNP
Sejahtera	NNP
(	Z
PKS	NNP
)	Z
ini	PRD
acap	JJ
kali	NN
harus	MD
bolak-balik	VB
memenuhi	VB
panggilan	NN
pemeriksaan	NN
Komisi	NNP
Pemberantasan	NNP
Korupsi	NNP
(	Z
KPK	NNP
)	Z
.	Z

Dalam	IN
tahun	NN
ini	PRD
saya	PRP
tidak	RB
akan	MD
pergi	VB
ke	IN
Shanghai	NNP
.	Z

Saya	PRP
agak	RB
mabuk	JJ
udara	NN
.	Z

Sepatu	NN
ini	PRD
pas	JJ
untuk	IN
adikku	NN
.	Z

Pasalnya	RB
pesta	NN
berarti	VB
hiruk	JJ
pikuk	JJ
.	Z

Anas	NNP
sempat	MD
dikonfirmasi	VB
beberapa	ID
wartawan	NN
.	Z

Untuk	IN
menengok	VB
keluarga	NN
.	Z

Jepang	NNP
pernah	RB
menundukkan	VB
beberapa	ID
negara	NN
Asia	NNP
dalam	IN
Perang	NNP
Dunia	NNP
Kedua	NNP
.	Z

Siapa	WH
yang	PRL
menemukan	VB
komputer	NN
.	Z

Uni	NNP
Soviet	NNP
sudah	RB
pecah	VB
menjadi	VB
beberapa	ID
negeri	NN
.	Z

Kini	NN
mereka	PRP
terhenti	VB
di	IN
lantai	NN
dasar	NN
.	Z

KY	NNP
juga	RB
akan	MD
meminta	VB
keterangan	NN
anggota	NN
majelis	NN
hakim	NN
kasus	NN
Gayus	NNP
pada	IN
Senin	NNP
19	CD
April	NNP
2010	CD
.	Z

''	Z
Mobil	NN
meningkat	VB
11	CD
,	Z
8	CD
persen	NN
dari	IN
2,3	CD
juta	CD
ke	IN
angka	NN
2,6	CD
juta	CD
.	Z

Pelantikan	NN
Harini	NNP
dilakukan	VB
di	IN
Balaikota	NNP
Semarang	NNP
,	Z
Jl.	NNP
Pemuda	NNP
,	Z
Kamis	NNP
(	Z
30/07/2009	SYM
)	Z
.	Z

Madinah	NNP
-	SYM
Wakil	NNP
Gubernur	NNP
Gorontalo	NNP
Gusnar	NNP
Ismail	NNP
berani	JJ
tampil	VB
beda	NN
.	Z

Ribuan	ID
pengendara	NN
terjebak	VB
macet	JJ
hampir	RB
2	CD
jam	NN
dari	IN
Pondok	NNP
Gede-Cawang-Semanggi	NNP
.	Z

Adat	NN
istiadat	NN
setiap	DT
negara	NN
berbeda-beda	VB
.	Z

Jakarta	NNP
-	SYM
Eks	NNP
cawapres	NNP
Salahuddin	NNP
Wahid	NNP
(	Z
Gus	NNP
Solah	NNP
)	Z
memberi	VB
wejangan	NN
kepada	IN
Capres	NNP
Wiranto	NNP
.	Z

Nasihat	NN
ibu	NN
telah	RB
menyerap	VB
ke	IN
dalam	IN
hatiku	NN
.	Z

''	Z
Belum	RB
ada	VB
tanggapan	NN
lagi	RB
dari	IN
beliau	PRP
.	Z

Jakarta	NNP
-	SYM
Dewan	NNP
Perwakilan	NNP
Rakyat	NNP
Daerah	NNP
menganggarkan	VB
pengadaan	NN
Uninterruptible	NNP
Power	NNP
Supply	NNP
(	Z
UPS	NNP
)	Z
untuk	IN
sejumlah	ID
sekolah	NN
di	IN
Jakarta	NNP
.	Z

Anis	NNP
akan	MD
langsung	RB
menyerahkan	VB
surat	NN
pengunduran	NN
dirinya	PRF
dalam	IN
rapat	NN
pimpinan	NN
DPR	NNP
RI	NNP
.	Z

Reza	NNP
hilang	VB
di	IN
Bandara	NNP
Soekarno-Hatta	NNP
Cengkareng	NNP
setibanya	VB
dari	IN
Surabaya	NNP
pada	IN
Minggu	NNP
12	CD
Desember	NNP
2004	CD
pukul	NN
11.00	SYM
WIB	NNP
.	Z

Ankara	NNP
-	SYM
Aliansi	NN
militer	NN
Barat	NN
,	Z
NATO	NNP
tak	RB
akan	MD
ikut	VB
campur	VB
dalam	IN
konflik	NN
di	IN
Suriah	NNP
.	Z

Kita	PRP
tahu	VB
diri	PRF
.	Z

Hal	NN
kecil-kecil	JJ
itu	PRD
diperhatikannya	VB
juga	RB
.	Z

Mobil	NN
itu	PRD
tak	RB
bisa	MD
dijalankan	VB
.	Z

Kita	PRP
akan	MD
menumbangkan	VB
pada	IN
pengkhianat	NN
ini	PRD
dari	IN
mana	WH
saja	RB
,	Z
dari	IN
dalam	IN
negara	NN
,	Z
bisnis	NN
,	Z
politik	NN
.	Z

FPI	NNP
menolak	VB
UU	NNP
itu	PRD
diubah	VB
.	Z

Mereka	PRP
berdua	CD
meninggalkan	VB
kota	NNP
Guangzhou	NNP
menuju	VB
ke	IN
Zhuhai	NNP
.	Z

Ibu	NN
saya	PRP
sudah	RB
mempersiapkan	VB
bekal	NN
untuk	IN
saya	PRP
.	Z

Mereka	PRP
bergiliran	VB
membersihkan	VB
asrama	NN
.	Z

Lancar	JJ
juga	RB
Penerbangan	NN
menyenangkan	VB
.	Z

Isi	NN
karangan	NN
ini	PRD
penuh	JJ
dengan	IN
rasa	NN
kehilangan	NN
.	Z

Mamah	VB
melarangnya	VO
.	Z

(	Z
Terkait	VB
)	Z
Putusan	NN
tadi	RB
kami	PRP
tidak	RB
berkomentar	VB
dulu	RB
.	Z

Saya	PRP
ambil	VB
dua	CD
lembar	DT
tiket	NN
untuk	IN
tanggal	NN
September	NNP
.	Z

Dia	PRP
kembali	VB
ke	IN
ruang	NN
kelas	NN
.	Z

Konvensi	NN
capres	NNP
PD	NNP
sendiri	PRF
akan	MD
dimulai	VB
pada	IN
September	NNP
2013	CD
mendatang	VB
.	Z

Pada	IN
sepuluh	CD
tahun	NN
belakangan	NN
ini	PRD
tim	NN
bola	NN
voli	NN
kami	PRP
tak	RB
terkalahkan	VB
.	Z

Kader	NN
PDIP	NNP
di	IN
Bandung	NNP
tengah	RB
bersiap	VB
.	Z

Anda	PRP
pergi	VB
ke	IN
kota	NN
tidak	RB
.	Z

Sebagian	ID
polisi	NN
membawa	VB
senjata	NN
laras	NN
panjang	JJ
.	Z

Produksi	NN
pabrik	NN
kertas	NN
itu	PRD
menjadi	VB
macet	JJ
akibat	SC
kekurangan	NN
bahan	NN
baku	NN
.	Z

para	DT
pemain	NN
mesti	RB
patuh	JJ
pada	IN
wasit	NN
.	Z

Kedua	CD
pertandingan	NN
tersebut	PRD
juga	RB
berlangsung	VB
di	IN
bawah	NN
waktu	NN
30	CD
menit	NN
.	Z

SB	NNP
mendatangi	VB
kediaman	NN
Habibie	NNP
di	IN
Jl	NNP
Patra	NNP
Kuningan	NNP
XIII	CD
No	NN
1	CD
,	Z
Kuningan	NNP
,	Z
Jakarta	NNP
Selatan	NNP
,	Z
Kamis	NNP
(	Z
16/11/2006	SYM
)	Z
pukul	NN
13.00	SYM
WIB	NNP
.	Z

Anak	NN
itu	PRD
aneh	JJ
sekali	RB
.	Z

Jakarta	NNP
-	SYM
Genangan	NN
air	NN
di	IN
kompleks	NN
Kelapa	NNP
Gading	NNP
,	Z
Jakarta	NNP
Utara	NNP
,	Z
masih	RB
tinggi	JJ
,	Z
antara	IN
1	CD
-	SYM
1,5	CD
meter	NN
.	Z

Tripoli	NNP
,	Z
-	SYM
Libya	NNP
terus	RB
berkecamuk	VB
.	Z

Apakah	WH
akan	MD
mengirim	VB
surat	NN
ke	IN
lambaga	NN
tinggi	JJ
negara	NN
?	Z

Tingkah	NN
laku	NN
abang	NN
sulungnya	NN
kewanita-wanitaan	JJ
.	Z

Refri	NNP
baru	RB
3	CD
bulan	NN
menjadi	VB
pilot	NN
AdamAir	NNP
.	Z

Pencarian	NN
puing-puing	NN
Malaysia	NNP
Airlines	NNP
(	Z
MAS	NNP
)	Z
MH370	NNP
terus	RB
berlanjut	VB
di	IN
bagian	NN
selatan	NN
Samudera	NNP
Hindia	NNP
.	Z

Gunung	NN
ini	PRD
terakhir	JJS
kali	NN
meletus	VB
pada	IN
tahun	NN
1976	CD
silam	JJ
.	Z

Saya	PRP
harus	MD
menjalaninya	VB
.	Z

Ibu	NN
sering	RB
mencucikan	VB
baju	NN
saya	PRP
.	Z

Kenaikan	NN
pangkat	NN
dari	IN
Inspektur	NN
Polisi	NN
Satu	CD
(	Z
Iptu	NNP
)	Z
menjadi	VB
AKP	NNP
sebanyak	ID
24	CD
orang	NN
.	Z

Petugas	NN
haji	NN
akan	MD
mulai	VB
menyisir	VB
tenda	NN
jamaah	NN
haji	NN
di	IN
Mina	NNP
.	Z

Masakannya	NN
agak	RB
tawar	JJ
rasanya	NN
.	Z

''	Z
Kami	PRP
menyampaikan	VB
rasa	NN
prihatin	JJ
atas	IN
peristiwa	NN
tersebut	PRD
.	Z

Eka	NNP
didampingi	VB
istrinya	NN
,	Z
I	NNP
Gusti	NNP
Ayu	NNP
Sriani	NNP
.	Z

Ancaman	NN
hukumannya	NN
13,5	CD
tahun	NN
penjara	NN
dan	CC
denda	NN
Rp	NNP
100	CD
juta	CD
.	Z

Mereka	PRP
sudah	RB
lama	JJ
berpisah	VB
.	Z

Rupanya	RB
meninggalkan	VB
bekas	NN
juga	RB
.	Z

Kapan	WH
pamanmu	NN
berangkat	VB
.	Z

Gawang	NN
mereka	PRD
terbobol	VB
.	Z

Belum	RB
terlihat	VB
petugas	NN
kebersihan	NN
.	Z

Di	IN
depanku	NN
kok	RB
merasa	VB
malu	JJ
.	Z

Dulu	RB
ayahnya	NN
jagoan	NN
main	VB
catur	NN
.	Z

Menurut	IN
sumber	NN
detikcom	NNP
di	IN
internal	JJ
PKS	NNP
,	Z
Wakil	NN
Ketua	NN
DPR	NNP
pengganti	NN
Anis	NNP
Matta	NNP
Adalah	MD
anggota	NN
Komisi	NNP
VI	CD
DPR	NNP
Sohibul	NNP
Iman	NNP
.	Z

Petugas	NN
masih	RB
melakukan	VB
perbaikan	NN
di	IN
lokasi	NN
.	Z

Indonesia	NNP
sudah	RB
meratifikasi	VB
aturan	NN
PBB	NNP
itu	PRD
.	Z

''	Z
Saya	PRP
terbebani	VB
.	Z

Kemarin	NN
asap	NN
belum	RB
masuk	VB
.	Z

Adikku	NN
meminang	VB
pacarnya	NN
di	IN
depan	NN
banyak	ID
orang	NN
.	Z

Kami	PRP
sudah	RB
tiba	VB
.	Z

Ada	VB
100	CD
lembar	DT
dolar	NN
palsu	JJ
pecahan	NN
US	NNP
$	SYM
100	CD
.	Z

Apalagi	CC
PKS	NNP
juga	RB
mempunyai	VB
basis	NN
massa	NN
Islam	NNP
.	Z

Para	DT
pengusaha	NN
pun	P
mengeluhkan	VB
terjadinya	NN
perang	NN
tarif	NN
.	Z

Yudha	NNP
diketahui	VB
tangan	NN
kanan	NN
Fransiscus	NNP
alias	NN
Frans	NNP
.	Z

3.	Z
Wiranto-Sholah	NNP
:	Z
23.727.613	CD
(	Z
22.19	CD
%	SYM
)	Z

Semasa	NN
hidupnya	NN
,	Z
perempuan	NN
itu	PRD
rajin	JJ
mengaji	VB
.	Z

Itu	PRD
belum	RB
termasuk	VB
suap	NN
dalam	IN
bentuk	NN
lainnya	JJ
.	Z

Tidak	RB
ada	VB
,	Z
''	Z
tutupnya	SP
.	Z

Belum	RB
diketahui	VB
penyebab	NN
kerusuhan	NN
itu	PRD
.	Z

Saya	PRP
sangat	RB
rindu	VB
kepada	IN
adikku	NN
.	Z

Tolong	VB
dipercepat	VB
Saya	PRP
lagi	RB
memburu	VB
waktu	NN
.	Z

Sungguh	RB
lelah	JJ
berjalan	VB
kaki	NN
terus-menerus	RB
kilometer	NN
.	Z

Hari	NN
ini	PRD
terasa	VB
dingin	JJ
sekali	RB
.	Z

Dalam	IN
pemilu	NNP
Rabu	NNP
25	CD
Januari	NNP
lalu	JJ
,	Z
Hamas	NNP
merebut	VB
76	CD
dari	IN
132	CD
kursi	NN
.	Z

Pemuda-pemuda	NN
harus	MD
mengejar	VB
cita-cita	NN
mereka	PRP
masing-masing	PRP
.	Z

Untuk	IN
itu	PRD
kalian	PRP
harus	MD
lebih	RB
rajin	JJ
.	Z

Isti	NNP
masuk	VB
ke	IN
Malaysia	NNP
secara	IN
legal	JJ
.	Z

Jakarta	NNP
-	SYM
Lengsernya	NN
mantan	JJ
Presiden	NNP
Soeharto	NNP
memasuki	VB
tahun	NN
kesepuluh	OD
.	Z

Kenapa	WH
Bapak	NN
tidak	RB
langsung	RB
menelepon	VB
ke	IN
HPnya	NNP
.	Z

Jakarta	NNP
-	SYM
Anggota	NN
DPR	NNP
Diaz	NNP
Gwijangge	NNP
melapor	VB
ke	IN
polisi	NN
.	Z

Suaranya	NN
merendah	VB
.	Z

Mobil	NN
itu	PRD
rusak	JJ
di	IN
bagian	NN
depannya	NN
.	Z

Guru	NN
itu	PRD
amat	RB
baik	JJ
.	Z

Lebih	RB
baik	JJ
kita	PRP
berangkat	VB
saja	RB
.	Z

Kelihatannya	RB
ayahku	NN
sudah	RB
tua	JJ
.	Z

Pamannya	NN
akan	MD
pergi	VB
.	Z

''	Z
Dalam	IN
simulasi	NN
dua	CD
pasangan	NN
(	Z
head	FW
to	FW
head	FW
)	Z
,	Z
elektabilitas	NN
pasangan	NN
Risma-Anies	NNP
unggul	JJ
dibandingkan	VB
pasangan	NN
Ahok-Heru	NNP
.	Z

Ongkos	NN
rawat	VB
inap	VB
berjumlah	VB
juta	CD
rupiah	NN
.	Z

Di	IN
ASEAN	NNP
,	Z
isu	NN
narkotika	NN
juga	RB
menjadi	VB
konsentrasi	NN
negara-negara	NN
Asia	NNP
Tenggara	NNP
.	Z

Dalam	IN
sepekan	NN
ini	PRD
,	Z
pihak	NN
Lapas	NNP
Gintung	NNP
telah	RB
menyerahkan	VB
dua	CD
barang	NN
bukti	NN
.	Z

Ayahnya	NN
pergi	VB
ke	IN
Shanghai	NNP
lewat	VB
Wuhan	NNP
.	Z

Biasanya	RB
mereka	PRP
berkumpul	VB
di	IN
taman	NN
itu	PRD
pada	IN
jam-jam	NN
tertentu	JJ
.	Z

Jakarta	NNP
-	SYM
Joko	NNP
S	NNP
Tjandra	NNP
masih	RB
berkeliaran	VB
bebas	JJ
.	Z

Hujan	NN
dicurahkan	VB
dari	IN
langit	NN
.	Z

Saya	PRP
belum	RB
mengenal	VB
teman	NN
sekelas	NN
saya	PRP
.	Z

Mosul	NNP
-	SYM
4	CD
Warga	NN
Irak	NNP
tewas	VB
di	IN
tangan	NN
militer	NNP
Amerika	NNP
Serikat	NNP
(	Z
AS	NNP
)	Z
.	Z

Perutnya	NN
terasa	VB
lapar	JJ
.	Z

7.	Z
Henk	NNP
Ngantung	NNP
,	Z
Memanah	VB
,	Z
1943	CD
(	Z
reproduksi	NN
orisinal	JJ
oleh	IN
Haris	NNP
Purnomo	NNP
)	Z

Nah	UH
,	Z
saya	PRP
ingin	MD
beralih	VB
ke	IN
Laporan	NN
Tahunan	NN
.	Z

Salju	NN
mulai	VB
mencair	VB
di	IN
bawah	NN
sinar	NN
matahari	NN
.	Z

Tinggi	JJ
gunung	NN
itu	PRD
meter	NN
.	Z

Topi	NN
ini	PRD
bagus	JJ
benar	RB
.	Z

Jakarta	NNP
-	SYM
Eks	NNP
Bupati	NNP
Lampung	NNP
Tengah	NNP
,	Z
Andi	NNP
Ahmad	NNP
Sampurna	NNP
,	Z
akan	MD
bersaksi	VB
untuk	IN
mantan	JJ
Menteri	NNP
Dalam	NNP
Negeri	NNP
,	Z
Hari	NNP
Sabarno	NNP
.	Z

Ada	VB
apa	WH
.	Z

Prabowo	NNP
juga	RB
menyinggung	VB
terjadinya	NN
ancaman	NN
terhadap	IN
saksi-saksi	NN
dari	IN
koalisi	NN
Merah	NNP
Putih	NNP
.	Z

Kertas-kertas	NN
semacam	RB
itu	PRD
masih	RB
banyak	JJ
.	Z

Uang	NN
saya	PRP
hanya	RB
yuan	NN
saja	RB
.	Z

''	Z
Kita	PRP
harapkan	VB
tidak	RB
ada	VB
kekerasan	NN
.	Z

Jam	NN
menunjukkan	VB
kira-kira	RB
19:30	SYM
(	Z
hari	NN
Sabtu	NNP
)	Z
.	Z

Beberapa	ID
tetangga	NN
Deny	NNP
juga	RB
ikut	VB
salat	NN
jenazah	NN
.	Z

Anak	NN
itu	PRD
(	Z
merasa	VB
)	Z
heran	JJ
sekali	RB
.	Z

Reshuffle	FW
itu	PRD
kebijakan	NN
presiden	NN
.	Z

Sultan	NNP
HB	NNP
X	CD
tiba	VB
ke	IN
RS	NNP
Lapangan	NNP
di	IN
GOR	NNP
Universitas	NNP
Negeri	NNP
Yogyakarta	NNP
(	Z
UNY	NNP
)	Z
,	Z
Minggu	NNP
(	Z
04/06/2006	SYM
)	Z
pukul	NN
13.15	SYM
WIB	NNP
.	Z

Hanya	RB
menimbulkan	VB
korban	NN
materi	NN
saja	RB
.	Z

Mereka	PRP
tidak	RB
datang	VB
.	Z

Sudah	RB
habis	VB
makan	VB
.	Z

Saya	PRP
tidak	RB
pernah	RB
sakit	JJ
maag	NN
.	Z

Harta	NN
keluarganya	NN
dimiliki	VB
secara	IN
turun-temurun	VB
.	Z

Apakah	WH
pesawatnya	NN
akan	MD
berangkat	VB
sesuai	JJ
jadwalnya	NN
.	Z

Mas	NN
,	Z
minta	VB
tisu	NN
.	Z

Dia	PRP
ditemukan	VB
pingsan	VB
di	IN
Lantai	NN
5	CD
,	Z
Gedung	NNP
Summitmas	NNP
,	Z
Sudirman	NNP
,	Z
Jaksel	NNP
.	Z

Pohon	NN
itu	PRD
tumbang	VB
pukul	NN
15.00	SYM
WIB	NNP
,	Z
Rabu	NNP
(	Z
26/12/2007	SYM
)	Z
tepat	JJ
di	IN
depan	NN
BCA	NNP
Klender	NNP
.	Z

Penganiayaan	NN
ini	PRD
terjadi	VB
Rabu	NNP
,	Z
(	Z
23/03/2005	SYM
)	Z
,	Z
pukul	NN
21.10	SYM
WIB	NNP
di	IN
kediaman	NN
mereka	PRP
,	Z
Jl.	NNP
Elang	NNP
Indonesia	NNP
B	NNP
I	NNP
No.	NN
17	CD
,	Z
Rt05/08	X
,	Z
Kelurahan	NNP
Cipinang	NNP
Melayu	NNP
,	Z
Jakarta	NNP
Timur	NNP
.	Z

Bocah	NN
perempuan	NN
itu	PRD
pun	P
tewas	VB
.	Z

''	Z
Aku	PRP
kan	P
sudah	RB
cek	VB
semua	ID
.	Z

Guru	NN
kami	PRP
baru	RB
kembali	VB
.	Z

Mereka	PRP
baru	RB
datang	VB
.	Z

Kapan	WH
Anda	PRP
sekalian	ID
pulang	VB
.	Z

Hong	NNP
Kong	NNP
benar-benar	RB
merupakan	MD
kota	NN
dunia	NN
.	Z

Ucok	NNP
cs	NNP
dibawa	VB
ke	IN
ruang	NN
tahanan	NN
pengadilan	NN
.	Z

Buku-buku	NN
bahasa	NN
Indonesia	NNP
itu	PRD
harus	MD
dipisahkan	VB
dari	IN
buku-buku	NN
bahasa	NN
Tionghoa	NNP
.	Z

Tiket	NN
untuk	IN
kelas	NN
ekonomi	NN
sudah	RB
habis	VB
.	Z

Pelaku	NN
utama	JJ
atas	IN
nama	NN
Goenarni	NNP
Gunawan	NNP
telah	RB
ditetapkan	VB
tersangka	NN
pada	IN
kasus	NN
tersebut	PRD
.	Z

Jadi	SC
itu	PRD
pun	P
salah	JJ
.	Z

Penyalur	NN
migas	NN
di	IN
Indonesia	NNP
kan	P
memang	RB
bukan	RB
hanya	RB
Pertamina	NNP
.	Z

Jangan	RB
malu-malu	JJ
.	Z

Aku	PRP
terkejut	VB
setengah	ID
mati	VB
.	Z

Gambar	NN
ini	PRD
tak	RB
ternilai	VB
harganya	NN
.	Z

Rata-rata	NN
kecelakaan	NN
tersebut	PRD
dialami	VB
para	DT
pemotor	NN
.	Z

Ancaman	NN
via	IN
SMS	NNP
sangat	RB
mudah	JJ
dibuat	VB
.	Z

Dia	PRP
selingkuh	VB
ama	IN
cewek	NN
lain	JJ
.	Z

Saya	PRP
pernah	RB
menjadi	VB
guru	NN
SD	PRP

Dia	PRP
sudah	RB
berdiri	VB
tiga	CD
jam	NN
.	Z

Tindakan-tindakan	NN
ini	PRD
tidak	RB
dicontohkan	VB
Rasulullah	NNP
.	Z

Mereka	PRP
adalah	MD
Mus	NNP
Mulyadi	NNP
,	Z
Abdul	NNP
Rachman	NNP
,	Z
G	NNP
Asman	NNP
Gilir	NNP
,	Z
Suriadi	NNP
,	Z
Suwaji	NNP
,	Z
Sudarto	NNP
,	Z
Rusliandi	NNP
,	Z
Salehuddin	NNP
,	Z
Abu	NNP
Bakar	NNP
Has	NNP
,	Z
Abdul	NNP
Sani	NNP
,	Z
Mahdalena	NNP
,	Z
Sutopo	NNP
Gasip	NNP
,	Z
Idrus	NNP
Tanjung	NNP
dan	CC
Saiful	NNP
Aduar	NNP
.	Z

Ledakan	NN
itu	PRD
terjadi	VB
sekitar	RB
pukul	NN
03.30	SYM
WIB	NNP
di	IN
kantor	NN
Multipiranti	NNP
Graha	NNP
,	Z
Duren	NNP
Sawit	NNP
,	Z
Jakarta	NNP
Timur	NNP
.	Z

Isinya	NN
sangat	RB
mencurigakan	JJ
.	Z

Mesjid-mesjid	NN
setempat	NN
melalui	IN
pengeras	NN
suara	NN
menyerukan	VB
donor	NN
darah	NN
.	Z

Raker	NNP
dimulai	VB
pukul	NN
09.30	SYM
WIB	NNP
.	Z

Jakarta	NNP
-	SYM
Komisi	NNP
Pemberantasan	NNP
Korupsi	NNP
(	Z
KPK	NNP
)	Z
memberikan	VB
pendidikan	NN
antikorupsi	NN
kepada	IN
puluhan	ID
mahasiswa	NN
Universitas	NNP
Negeri	NNP
Jakarta	NNP
.	Z

Cirebon	NNP
-	SYM
Sebanyak	JJ
6	CD
butir	NN
pil	NN
jenis	NN
happy	FW
five	FW
diselundupkan	VB
ke	IN
Lembaga	NNP
Pemasyarakatan	NNP
Khusus	NNP
Narkotika	NNP
Gintung	NNP
Cirebon	NNP
.	Z

Belakangan	NN
ini	PRD
dia	PRP
menderita	VB
sekali	RB
.	Z

Anggota	NN
DPD	NNP
itu	PRD
tengah	RB
menerima	VB
suap	NN
dari	IN
seorang	DT
pengusaha	NN
.	Z

Ulah	NN
mesum	JJ
itu	PRD
terendus	VB
warga	NN
.	Z

Itulah	PRD
Sekolah	NNP
Indonesia	NNP
Nederland	NNP
(	Z
SIN	NNP
)	Z
di	IN
Wassenaar	NNP
.	Z

Kemenkes	NNP
juga	RB
sudah	RB
mendistribusikan	VB
masker	NN
ke	IN
Dinas	NNP
Kesehatan	NN
Kabupaten	NNP
Karo	NNP
.	Z

Kita	PRP
tidak	RB
ingin	MD
sembunyi-sembunyi	RB
.	Z

Ayo	UH
berkreasi	VB
untuk	IN
negeri	NN
,	Z
detik	NN
ini	PRD
juga	RB
!	Z

Penilaian	NN
terhadap	IN
novel	NN
itu	PRD
terlalu	RB
tinggi	JJ
.	Z

Aduh	UH
,	Z
tak	RB
pernah	RB
kulihat	VB
ikan	NN
sebesar	JJ
ini	PRD
.	Z

Dia	PRP
berasal	VB
dari	IN
keluarga	NN
petani	NN
.	Z

Golkar	NNP
tidak	RB
mempunyai	VB
target	NN
angka	NN
.	Z

Semua	ID
temannya	NN
hadir	VB
dalam	IN
pestanya	NN
.	Z

''	Z
Tidak	RB
dijelaskan	VB
.	Z

Ada	VB
buku	NN
,	Z
majalah	NN
,	Z
surat	NN
kabar	NN
dan	CC
lain-lain	JJ
.	Z

(	Z
Terkait	VB
)	Z
Putusan	NN
tadi	RB
kami	PRP
tidak	RB
berkomentar	VB
dulu	RB
.	Z

Guru	NN
kami	PRP
sering	RB
menunjukkan	VB
kesalahan	NN
percakapan	NN
kami	PRP
dalam	IN
bahasa	NN
Indonesia	NNP
.	Z

Dia	PRP
sedikit	RB
pun	P
tidak	RB
bisa	MD
berbahasa	VB
Inggris	NNP
.	Z

Visa	NN
ke	IN
Australia	NNP
masih	RB
berlaku	VB
.	Z

Anggito	NNP
Abimanyu	NNP
adalah	MD
Kepala	NNP
Badan	NNP
Kebijakan	NNP
Fiskal	NNP
Kemenkeu	NNP
pada	IN
masa	NN
kepemimpinan	NN
Sri	NNP
Mulyani	NNP
.	Z

Kalimat	NN
ini	PRD
berasal	VB
dari	IN
cerita	NN
itu	PRD
.	Z

Seribu	CD
tindakan	NN
jemaah	NN
dilakukan	VB
di	IN
sini	PRD
.	Z

Kami	PRP
merasa	VB
bangga	JJ
atas	IN
hasilmu	NN
.	Z

Pada	IN
kesempatan	NN
ini	PRD
perkenankanlah	VB
saya	PRP
atas	IN
nama	NN
panitia	NN
menyampaikan	VB
penghargaan	NN
kepada	IN
jago-jago	NN
renang	NN
kami	PRP
.	Z

Saya	PRP
memang	RB
bagian	NN
ticketing	FW
di	IN
piala	NN
AFF	NNP
.	Z

Di	IN
ujung	NN
jalan	NN
sebelah	NN
sana	PRD
.	Z

Ribuan	ID
orang	NN
akan	MD
menggelar	VB
aksi	NN
demo	NN
di	IN
berbagai	ID
tempat	NN
usai	SC
salat	NN
Jumat	NNP
.	Z

Luncuran	NN
awan	NN
panas	JJ
terlihat	VB
jelas	JJ
pada	IN
pukul	NN
11.20	SYM
WIb	NNP
.	Z

Singapura	NNP
hidup	VB
dari	IN
ekspor	NN
energi	NN
ke	IN
Indonesia	NNP
.	Z

''	Z
Aksi	NN
mereka	PRP
itu	PRD
sudah	RB
meresahkan	VB
warga	NN
.	Z

Ferry	NNP
sendiri	PRF
telah	RB
diserahkan	VB
tahap	NN
kedua	OD
ke	IN
Kejati	NNP
DKI	NNP
beberapa	ID
pekan	NN
lalu	JJ
.	Z

Pada	IN
Oktober	NNP
2013	CD
lalu	JJ
,	Z
sekitar	RB
115	CD
orang	NN
tewas	VB
terinjak-injak	VB
di	IN
dekat	JJ
kuil	NN
Hindu	NNP
lainnya	JJ
di	IN
Madhya	NNP
Pradesh	NNP
.	Z

''	Z
Pak	NNP
Yohanes	NNP
dipanggil	VB
lagi	RB
untuk	IN
dikonfrontir	VB
.	Z

Jakarta	NNP
-	SYM
Pelaku	NN
penusukan	NN
dosen	NN
Fakultas	NNP
Filsafat	NN
UGM	NNP
,	Z
Farid	NNP
Mustofa	NNP
,	Z
dikenal	VB
misterius	JJ
oleh	IN
teman	NN
kuliahnya	NN
.	Z

Buku-buku	NN
itu	PRD
diambili	VB
oleh	IN
anaknya	NN
.	Z

Dalam	IN
pertandingan	NN
semi-final	NN
,	Z
dia	PRP
tampil	VB
jauh	JJ
di	IN
bawah	NN
penampilan	NN
prima	JJ
.	Z

Ya	UH
ampun	UH
!	Z
Mudah-mudahan	RB
lancar	JJ
ya	UH
hari	NN
ini	PRD
.	Z

Sekitar	IN
70	CD
orang	NN
hadir	VB
dalam	IN
acara	NN
tersebut	PRD
.	Z

Aksi	NN
pencurian	NN
itu	PRD
terjadi	VB
pada	IN
Sabtu	NNP
(	Z
11-Apr	SYM
)	Z
sekitar	RB
pukul	NN
12.00	SYM
Wita	NNP
.	Z

Lokasinya	NN
sekitar	RB
50	CD
kilometer	NN
di	IN
luar	NN
ibu	NN
kota	NNP
Ulaanbaatar	NNP
.	Z

AKR	NNP
(	Z
Aneka	NNP
Kimia	NNP
Raya	NNP
)	Z
itu	PRD
perusahaan	NN
penyalur	NN
migas	NN
,	Z
''	Z
terang	JJ
Bambang	NNP
.	Z

Surat	NN
itu	PRD
tertanggal	VB
2	CD
Juni	NNP
2005	CD
.	Z

''	Z
Ya	UH
saya	PRP
kira	VB
arahan	NN
itu	PRD
(	Z
revisi	NN
UU	NNP
Pilkada	NNP
)	Z
wajar	JJ
ya	UH
.	Z

Canberra	NNP
,	Z
-	SYM
Pesawat	NNP
AirAsia	NNP
QZ8501	NNP
menghilang	VB
secara	IN
misterius	JJ
.	Z

Penjual	NN
itu	PRD
memilihkan	VB
buah	NN
semangka	NN
untuk	IN
saya	PRP
.	Z

Terjadi	VB
luncuran	NN
awan	NN
panas	JJ
4	CD
kali	NN
,	Z
guguran	NN
lava	NN
pijar	NN
5	CD
kali	NN
,	Z
menuju	VB
hulu	NN
sungai	NN
Kali	NNP
Gendol	NNP
.	Z

Tinggi	JJ
sekali	RB
gunung	NN
ini	PRD
.	Z

Ada	VB
berapa	WH
kali	NN
penerbangan	NN
dalam	IN
sehari	NN
.	Z

Penyidik	NN
akan	MD
memeriksa	VB
mereka	PRP
secara	IN
terpisah	VB
.	Z

Serangan	NN
balik	VB
Suwarna	NNP
terhadap	IN
KPK	NNP
ini	PRD
dilakukan	VB
pengacaranya	NN
,	Z
Sugeng	NNP
Teguh	NNP
Santosa	NNP
.	Z

Sisi	NN
feminitas	NN
dalam	IN
sosok	NN
Icha	NNP
,	Z
memerlukan	VB
pengakuan	NN
dari	IN
figur	NN
seorang	DT
laki-laki	NN
.	Z

Kami	PRP
semua	ID
suka	VB
membaca	VB
buku	NN
.	Z

Dia	PRP
langsung	RB
masuk	VB
ke	IN
dalam	IN
gedung	NN
tersebut	PRD
.	Z

Li	NNP
Li	NNP
membelikan	VB
adik	NN
sebuah	DT
tas	NN
.	Z

Damaskus	NNP
,	Z
-	SYM
Gedung	NNP
bank	NN
sentral	JJ
Suriah	NNP
terkena	VB
serangan	NN
mortir	NN
.	Z

Mia	NNP
merupakan	MD
warga	NN
Petamburan	JJ
,	Z
Jakarta	NNP
Barat	NNP
.	Z

Brisbane	NNP
-	SYM
Australia	NNP
serius	JJ
menggelar	VB
KTT	NNP
G20	NNP
.	Z

Belum	RB
punya	VB
juga	RB
nggak	RB
apa-apa	NN
Masih	RB
muda	JJ
,	Z
kan	P
?	Z

Jaksa	NN
akan	MD
diberi	VB
kesempatan	NN
pada	IN
Senin	NNP
(	Z
26-Sep	SYM
)	Z
pagi	NN
sekitar	RB
pukul	NN
09.00	SYM
WIB	NNP
.	Z

Banyak	ID
dari	IN
mereka	PRP
datang	VB
kemari	VB
di	IN
pergantian	NN
abad	NN
.	Z

Kesederhanaan	NN
Hoegeng	NNP
selalu	RB
menjadi	VB
harapan	NN
masyarakat	NN
soal	NN
kepemimpinan	NN
Polri	NNP
saat	SC
ini	PRD
.	Z

Apa	WH
sasaran	NN
perusahaan	NN
anda	PRP
dalam	IN
waktu	NN
dekat	JJ
ini	PRD
.	Z

Tidak	RB
perlu	MD
menuduh	VB
satu	CD
negara	NN
.	Z

Sepeda	NN
ini	PRD
sepeda	NN
baru	JJ
.	Z

Saya	PRP
punya	VB
perasaan	NN
buruk	JJ
terhadap	IN
mereka	PRP
.	Z

Panggil	VB
saja	RB
''	Z
Xiao	NNP
Li	NNP
''	Z

Dia	PRP
tidak	RB
rajin	JJ
belajar	VB
dalam	IN
beberapa	ID
minggu	NN
ini	PRD
.	Z

Moe	NNP
(	Z
Kwan	NNP
Wing-lun	NNP
)	Z
berumur	VB
30	CD
di	IN
tahun	NN
ini	PRD
.	Z

Mobil	NN
Maria	NNP
Eva	NNP
diamankan	VB
di	IN
Polda	NNP
Metro	NNP
Jaya	NNP
.	Z

Dia	PRP
mau	MD
tahu	VB
.	Z

Kedatangan	NN
Jokowi	NNP
disambut	VB
pelanggan	NN
gedung	NN
empat	CD
lantai	NN
tersebut	PRD
.	Z

Kita	PRP
bersama-sama	VB
pergi	VB
,	Z
ya	UH
.	Z

Bapak	NN
sebaiknya	RB
tunggu	VB
saja	RB
di	IN
sini	PRD
.	Z

Jokowi	NNP
masuk	VB
dari	IN
pintu	NN
belakang	NN
aula	NN
.	Z

Minumlah	VB
obat	NN
ini	PRD
.	Z

Jakarta	NNP
-	SYM
Polisi	NN
menahan	VB
atasan	NN
Gayus	NNP
Tambunan	NNP
,	Z
Maruli	NNP
Pandapotan	NNP
Manurung	NNP
.	Z

Rem	NN
sepedaku	NN
ini	PRD
macet	JJ
.	Z

Moeldoko	NNP
,	Z
kanan	NN
,	Z
berjalan	VB
di	IN
atas	IN
dek	NN
KRI	NNP
Banda	NNP
Aceh	NNP
pada	IN
saat	SC
operasi	NN
pencarian	NN
penumpang	NN
pesawat	NN
AiraAsia	NNP
QZ8501	NNP
,	Z
di	IN
laut	NN
Jawa	NNP
pada	IN
bulan	NN
Januari	NNP
2015	CD
.	Z

Tiga	CD
terdakwa	NN
kasus	NN
pembunuhan	NN
Nasrudin	NNP
telah	RB
divonis	VB
.	Z

Jakarta	NNP
-	SYM
Ketua	NNP
Umum	NNP
PBNU	NNP
KH	NNP
Hasyim	NNP
Muzadi	NNP
meminta	VB
proses	NN
hukum	NN
atas	IN
mantan	JJ
Presiden	NNP
Soeharto	NNP
.	Z

Beberapa	ID
kader	NN
PD	NNP
memang	RB
tengah	RB
terseret	VB
kasus	NN
hukum	NN
.	Z

Bikin	VB
blog	NN
bebas	JJ
kan	P
?	Z

Bicaranya	NN
mengesankan	VB
sekali	RB
.	Z

Jakarta	NNP
-	SYM
Tim	NNP
Pemberantasan	NN
Korupsi	NNP
sejenis	NN
Timtas	NNP
Tipikor	NNP
akan	MD
segera	RB
dibentuk	VB
di	IN
Aceh	NNP
.	Z

''	Z
Saya	PRP
capek	JJ
urusi	VB
mereka	PRP
terus	RB
.	Z

Jagoan-jagoan	NN
di	IN
daerah	NN
ini	PRD
akhirnya	RB
ditahan	VB
oleh	IN
polisi	NN
.	Z

Hati-hati	RB
waktu	SC
melewati	VB
jembatan	NN
ini	PRD
.	Z

Jakarta	NNP
-	SYM
Kerja	NN
sama	JJ
Kejaksaan	NNP
Agung	NNP
(	Z
Kejagung	NNP
)	Z
dan	CC
Komisi	NNP
Pemberantasan	NNP
Korupsi	NNP
(	Z
KPK	NNP
)	Z
dalam	IN
menangani	VB
dugaan	NN
korupsi	NN
mantan	JJ
Dirut	NNP
Perum	NNP
Bulog	NNP
Widnajarko	CD
Puspoyo	CD
luar	NN
biasa	JJ
.	Z

Saat	SC
berjalan	VB
kaki	NN
dari	IN
lapangan	NN
depan	NN
People	NNP
Comittee	NNP
Hall	NNP
ke	IN
Jalan	NN
Le	NNP
Loi	NNP
,	Z
bress	FW
!	Z

Tokoh	NN
orde	NN
lama	JJ
ini	PRD
meninggal	VB
dunia	NN
dalam	IN
usia	NN
lanjut	JJ
,	Z
90	CD
tahun	NN
.	Z

Rekaman	NN
itu	PRD
berisi	VB
pengaturan	NN
dalam	IN
pemeriksaan	NN
dugaan	NN
monopoli	NN
Temasek	NNP
di	IN
KPPU	NNP
.	Z

Semua	ID
dilelang	VB
.	Z

Di	IN
setiap	DT
traksaksi	NN
tersebut	PRD
,	Z
DA	NNP
mendapat	VB
komisi	NN
Rp	NNP
300	CD
ribu	CD
dari	IN
jasa	NN
gadis-gadisnya	NN
ini	PRD
.	Z

Jakarta	NNP
-	SYM
Anggota	NN
DPR	NNP
,	Z
Drajad	NNP
Wibowo	NNP
,	Z
menilai	VB
sikap	NN
pimpinan	NN
DPR	NNP
masih	RB
sangat	RB
partisan	NN
.	Z

Freeport	NNP
diwakili	VB
oleh	IN
Nindu	NNP
Pangaribuan	NNP
.	Z

''	Z
Sekali	NN
lagi	RB
,	Z
ini	PRD
kan	P
tidak	RB
bisa	MD
berandai-andai	VB
.	Z

Kartu	NN
keberangkatan	NN
Ibu	NN
kok	RB
belum	RB
diisi	VB
.	Z

Pihak	NN
keluarga	NN
Mano	NNP
tidak	RB
mempercayai	VB
hal	NN
tersebut	PRD
.	Z

Pada	IN
waktu	NN
itu	PRD
pemimpin	NN
negeri	NN
kita	PRP
dapat	MD
menguasai	VB
keadaan	NN
seluruh	ID
negeri	NN
.	Z

Kami	PRP
mohon	VB
maaf	NN
atas	IN
keterlambatan	NN
pesawat	NN
.	Z

Tak	RB
ada	VB
korban	NN
dalam	IN
insiden	NN
ini	PRD
.	Z

Polisi	NN
menangkap	VB
Suster	NNP
S	NNP
,	Z
Rabu	NNP
(	Z
13/01/2010	SYM
)	Z
pukul	NN
23.00	SYM
WIB	NNP
kemarin	NN
malam	NN
.	Z

Dia	PRP
tertinggi	JJS
di	IN
kelasnya	NN
.	Z

Orang	NN
itu	PRD
banyak	JJ
membantu	VB
saya	PRP
.	Z

Pemberlakuan	NN
status	NN
keamanan	NN
Siaga	NNP
I	CD
berlaku	VB
untuk	IN
seluruh	ID
wilayah	NN
RI	NNP
.	Z

Barang-barang	NN
sudah	RB
diangkat	VB
semuanya	RB
.	Z

Tas	NN
itu	PRD
sebaru	NN
tas	NN
saya	PRP
.	Z

Gawang	NN
mereka	PRP
kebobolan	VB
.	Z

Mesin	NN
televisi	NN
di	IN
kamar	NN
rusak	JJ
.	Z

Kami	PRP
meningkatkannya	VO
setiap	DT
tahun	NN
.	Z

Polisi	NN
juga	RB
membekuk	VB
seorang	DT
penyusup	NN
.	Z

Untuk	IN
pertama	OD
kali	NN
saya	PRP
pergi	VB
ke	IN
Jakarta	NNP
.	Z

Massa	NN
juga	RB
sempat	MD
melakukan	VB
perusakan	NN
di	IN
sekitar	RB
areal	NN
Pasar	NNP
Inpres	NNP
Kalianda	NNP
.	Z

Macet	NN
sepanjang	NN
kira-kira	RB
2	CD
Km	NN
tidak	RB
terhindarkan	VB
.	Z

Kami	PRP
sudah	RB
pesan	VB
meja	NN
untuk	IN
jam	NN
malam	NN
.	Z

Perlu	MD
juga	RB
datang	VB
pagi-pagi	RB
.	Z

Gereja	NNP
Katedral	NNP
Bandung	NNP
ini	PRD
berkapasitas	VB
1.600	CD
jamaat	FW
.	Z

Jakarta	NNP
-	SYM
Penembakan	NN
tiga	CD
Tenaga	NNP
Kerja	NNP
Indonesia	NNP
(	Z
TKI	NNP
)	Z
asal	NN
Lombok	NNP
Timur	NNP
,	Z
NTB	NNP
terus	RB
diusut	VB
.	Z

Sisanya	NN
ternyata	VB
masih	RB
dianggap	VB
sah	JJ
.	Z

Indonesia	NNP
kaya	JJ
akan	MD
sumber	NN
daya	NN
alamnya	JJ
.	Z

Lift	FW
ada	VB
di	IN
sebelah	NN
kiri	NN
.	Z

Selain	IN
Kamso	NNP
,	Z
kasus	NN
pungli	NN
di	IN
kedutaan	NN
besar	JJ
RI	NNP
untuk	IN
Malaysia	NNP
ini	PRD
juga	RB
menyeret	VB
Dubes	NNP
RI	NNP
untuk	IN
Malaysia	NNP
,	Z
Rusdihardjo	NNP
.	Z

Kepadatan	NN
arus	NN
lalu	NN
lintas	NN
terjadi	VB
.	Z

Peti	NN
itu	PRD
tak	RB
terangkat	VB
oleh	IN
ayahku	NN
.	Z

Ma	NNP
Li	NNP
paling	RB
tinggi	JJ
.	Z

Pasien	NN
ini	PRD
perlu	MD
ditransfusi	VB
darah	NN
segera	RB
.	Z

Ma	NNP
Li	NNP
merebut	VB
gelar	NN
juara	NN
perorangan	NN
.	Z

Lantai	NN
kamar	NN
itu	PRD
bersih	JJ
.	Z

Kemenangan	NN
tersebut	PRD
sudah	RB
disetujui	VB
oleh	IN
seluruh	ID
panitia	NN
pilkada	NNP
.	Z

Jakarta	NNP
-	SYM
Polisi	NN
melakukan	VB
razia	NN
di	IN
apartemen	NN
Kalibata	NNP
City	NNP
,	Z
Jaksel	NNP
.	Z

Sekali	NN
naik	VB
,	Z
berapa	WH
.	Z

Tawuran	NN
sempat	MD
memutus	VB
arus	NN
lalu	NN
lintas	NN
.	Z

Rosa	NNP
tiba	VB
di	IN
Pengadilan	NNP
Tipikor	NNP
Jl	NNP
HR	NNP
Rasuna	NNP
Said	NNP
,	Z
sekitar	RB
pukul	NN
09.20	SYM
WIB	NNP
,	Z
Rabu	NNP
(	Z
20/07/2011	SYM
)	Z
.	Z

Acara	NN
itu	PRD
juga	RB
dihadiri	VB
Direktur	NNP
Utama	NNP
KBN	NNP
Sattar	NNP
Tabba	NNP
.	Z

Dita	NNP
Aditia	NNP
tidak	RB
hadir	VB
dalam	IN
pelaporan	NN
ini	PRD
.	Z

Mungkin	RB
cuma	RB
teman	NN
biasa	JJ
aja	RB
.	Z

Departemen	NNP
Luar	NNP
Negeri	NNP
(	Z
Deplu	NNP
)	Z
AS	NNP
tidak	RB
mau	MD
berkomentar	VB
atas	IN
berita	NN
ini	PRD
.	Z

Silakan	VB
pasang	VB
sabuk	NN
pengaman	NN
.	Z

Sekarang	NN
ia	PRP
sudah	RB
dapat	MD
menyesuaikan	VB
diri	PRF
.	Z

Kapan	WH
Anda	PRP
datang	VB
ke	IN
rumah	NN
saya	PRP
.	Z

''	Z
Pak	NN
menteri	NN
dingatkan	VB
tentang	IN
cacat	VB
sejarah	NN
.	Z

Mereka	PRP
pulang	VB
/	SYM
kembali	VB
ke	IN
rumah	NN
.	Z

Kisah	NN
asmara	NN
Rom�o	NNP
dan	CC
Juliet	NNP
penuh	JJ
bara	NN
dan	CC
gelora	NN
.	Z

Dia	PRP
baru	RB
keluar	VB
.	Z

Mobil	NN
semacam	RB
ini	PRD
mengganggu	VB
lalu	NN
lintas	NN
kota	NN
Guangzhou	NNP
.	Z

Enam	CD
penyerang	NN
bersenjata	VB
juga	RB
tewas	VB
dalam	IN
insiden	NN
tersebut	PRD
.	Z

Adik	NN
menuliskan	VB
surat	NN
kakek	NN
.	Z

Di	IN
mana	WH
saja	RB
terdapat	VB
tim	NN
pemantau	NN
cuaca	NN
?	Z

Orangnya	NN
juga	RB
sudah	RB
pindah	VB
.	Z

Hampir	RB
di	IN
seluruh	ID
negara	NN
terjadi	VB
penyalahgunaan	NN
narkoba	NN
.	Z

Bandung	NNP
-	SYM
Gereja	NNP
Katedral	NNP
Bandung	NNP
juga	RB
disisir	VB
oleh	IN
Tim	NNP
Gegana	NNP
.	Z

Museum	NN
seni	NN
itu	PRD
belum	RB
terbuka	VB
untuk	IN
umum	JJ
.	Z

Operasi	NN
pun	P
akan	MD
segera	RB
berakhir	VB
.	Z

Berangkatlah	VB
pamannya	NN
sekarang	NN
juga	RB
.	Z

''	Z
Di	IN
tingkat	NN
basis	NN
massa	NN
PDIP	NNP
sudah	RB
terjadi	VB
switching	FW
.	Z

Dugaan	NN
mantan	JJ
hakim	NN
konstitusi	NN
Arsyad	NNP
Sanusi	NNP
berada	VB
di	IN
balik	NN
kasus	NN
ini	PRD
makin	RB
kuat	JJ
.	Z

Ditolaknya	NN
pendapat	NN
ahli	NN
itu	PRD
memang	RB
di	IN
luar	NN
dugaan	NN
kami	PRP
.	Z

Surabaya	NNP
-	SYM
Penyelesaian	NN
proyek	NN
blue	FW
energy	FW
agaknya	RB
semakin	RB
tidak	RB
menentu	VB
.	Z

Datangnya	NN
mendadak	RB
sekali	RB
.	Z

Ambil	NN
saja	RB
kembalinya	NN
.	Z

Tidak	RB
apa-apa	NN
Kami	PRP
juga	RB
baru	RB
datang	VB
.	Z

Boleh	MD
saya	PRP
minta	VB
penerjemah	NN
.	Z

Tak	RB
habis-habisnya	RB
perempuan	NN
itu	PRD
memaki	VB
suaminya	NN
.	Z

para	DT
ahli	NN
biasanya	RB
meninjau	VB
masalah-masalah	NN
ekonomi	NN
dari	IN
segi	NN
keahliannya	NN
.	Z

Anggota	NN
Tim	NNP
9	CD
Imam	NNP
Prasodjo	NNP
pun	P
mempertanyakan	VB
proses	NN
seleksi	NN
di	IN
DPR	NNP
itu	PRD
.	Z

Jakarta	NNP
-	SYM
Agus	NNP
(	Z
15	CD
)	Z
kini	RB
harus	MD
mendekam	VB
di	IN
sel	NN
Polsek	NNP
Taman	NNP
Sari	NNP
.	Z

Di	IN
tengah	RB
jalan	NN
,	Z
bus	NN
dicegat	VB
oleh	IN
sekelompok	NN
pria	NN
bersenjata	VB
.	Z

Paris	NNP
,	Z
-	SYM
Pemerintah	NNP
Prancis	NNP
akan	MD
mengajukan	VB
resolusi	NN
soal	NN
Suriah	NNP
ke	IN
Dewan	NNP
Keamanan	NNP
PBB	NNP
.	Z

Keputusan	NN
ini	PRD
membuat	VB
konggres	X
geram	JJ
.	Z

Bacalah	VB
kalimat	NN
ini	PRD
.	Z

Malu	JJ
bertanya	VB
,	Z
sesat	JJ
di	IN
jalan	NN
.	Z

Sudah	RB
dimengerti	VB
kalimat	NN
ini	PRD
.	Z

Keberadaan	NN
Puteh	NNP
di	IN
Aceh	NNP
simpang	NN
siur	VB
.	Z

Jakarta	NNP
-	SYM
KPK	NNP
menyita	VB
tiga	CD
mobil	NN
milik	NN
Rusli	NNP
Zainal	NNP
.	Z

Anda	PRP
ada	VB
di	IN
rumah	NN
,	Z
ya	UH
.	Z

Kedua	CD
gedung	NN
itu	PRD
berjauhan	VB
letaknya	NN
.	Z

Kota	NNP
Guangzhou	NNP
seperti	IN
sebuah	DT
taman	NN
bunga	NN
.	Z

Nantinya	RB
mereka	PRP
harus	MD
mengantri	VB
untuk	IN
isi	VB
bahan	NN
bakar	VB
.	Z

Terus	RB
Ma	NNP
Li	NNP
baca	VB
.	Z

Penghapusan	NN
aturan	NN
3	CD
in	FW
1	CD
membuat	VB
kendaraan	NN
tak	RB
gerak	JJ
.	Z

Saat	SC
keluar	VB
hotel	NN
,	Z
kabut	NN
asap	NN
lebih	RB
pekat	JJ
.	Z

''	Z
Ini	PRD
sudah	RB
final	JJ
.	Z

Mobilnya	NN
dirusak	VB
.	Z

Cinta	JJ
tumbuh	VB
seiring	NN
berjalannya	NN
waktu	NN
.	Z

Turut	VB
diamankan	VB
kedua	CD
keris	NN
itu	PRD
.	Z

Orang	NN
itu	PRD
menjadi	VB
baik	JJ
.	Z

Bantuanmu	NN
benar-benar	RB
meringankan	VB
pekerjaanku	NN
.	Z

Saya	PRP
boleh	MD
keluar	VB
malam	NN
hari	NN
asal	SC
seizin	NN
ayah	NN
saya	PRP
.	Z

Kecil-kecil	JJ
sudah	RB
mencari	VB
nafkah	NN
sendiri	PRF
.	Z

Anda	PRP
sekalian	ID
datang	VB
juga	RB
,	Z
ya	UH
.	Z

Peristiwa	NN
lori	NN
jalan	VB
sendiri	PRF
itu	PRD
terjadi	VB
pukul	NN
03.40	SYM
WIB	NNP
.	Z

Dua	CD
orang	NN
tewas	VB
dalam	IN
insiden	NN
itu	PRD
.	Z

''	Z
Firasat	NNP
ada	VB
.	Z

Polisi	NN
mengamankan	VB
Nova	NNP
ke	IN
Mapolda	NNP
Maluku	NNP
.	Z

Kita	PRP
sendiri	PRF
juga	RB
masih	RB
panik	JJ
menghadapi	VB
masalah	NN
ini	PRD
.	Z

Mereka	PRP
didampingi	VB
tim	NN
advokasi	NN
dari	IN
Asosiasi	NNP
Profesi	NNP
Sumber	NNP
Daya	NNP
Manusia	NNP
Indonesia	NNP
(	Z
APSDMI	NNP
)	Z
.	Z

Targetnya	NN
untuk	IN
pemilu	NNP
ke	IN
depan	NN
PKB	NNP
bisa	MD
jadi	VB
nomor	NN
satu	CD
.	Z

Berapa	WH
orang	NN
tinggal	VB
di	IN
asrama	NN
Anda	PRP
.	Z

Saya	PRP
sudah	RB
minta	VB
anak	NN
buah	NN
saya	PRP
untuk	IN
menjawab	VB
pertanyaan	NN
Ibu	NN
.	Z

Unjuk	VB
rasa	NN
ketiga	OD
diselenggarakan	VB
di	IN
depan	NN
Kantor	NN
KPU	NNP
,	Z
Jl	NNP
Imam	NNP
Bonjol	NNP
,	Z
Jakpus	NNP
.	Z

''	Z
P3K	SYM
itu	PRD
hanya	RB
kelengkapan	NN
darurat	NN
.	Z

Pengguna	NN
Harley	NNP
Davidson	NNP
Ditilang	VB
di	IN
HI	NNP

Petugas	NN
memergoki	VB
selnya	NN
kosong	JJ
sekitar	RB
pukul	NN
07.00	SYM
WIB	NNP
.	Z

Baca	VB
kalimat	NN
ini	PRD
.	Z

Pasti	RB
akan	MD
menyejahterakan	VB
sekeliling	NN
kotanya	NN
.	Z

Produk	NN
anda	PRP
juga	RB
dijual	VB
di	IN
Malaysia	NNP
ya	RB
.	Z

Lho	UH
kenapa	WH
argonya	NN
tidak	RB
dinyalakan	VB
.	Z

Apakah	WH
proses	NN
produksinya	NN
bisa	MD
otomatis	JJ
semua	ID
.	Z

Saya	PRP
sering	RB
mengajari	VB
adik	NN
saya	PRP
bahasa	NN
Inggris	NNP
.	Z

Semua	ID
orang	NN
tinggal	VB
di	IN
sini	PRD
.	Z

Standar	NN
kelulusan	NN
untuk	IN
tingkat	NN
SD	PRP
tergantung	VB
masing-masing	JJ
sekolah	NN
.	Z

Dia	PRP
memiliki	VB
alasan	NN
.	Z

Pabrik	NN
anda	PRP
sangat	RB
muda	JJ
usianya	NN
.	Z

Polisi	NN
sudah	RB
bersiap-siap	VB
untuk	IN
menangkap	VB
tersangka	NN
itu	PRD
.	Z

Sudah	RB
ditemukan	VB
banyak	ID
sumber	NN
minyak	NN
di	IN
Laut	NNP
Tiongkok	NNP
Selatan	NNP
.	Z

Anda	PRP
sekalian	ID
tidak	RB
boleh	MD
masuk	VB
.	Z

Bagaimana	WH
dengan	IN
KPK	NNP
?	Z

Bisa	MD
lihat	VB
tiket	NN
dan	CC
paspornya	NN
.	Z

Tertarik	VB
melihat-lihat	VB
batu	NN
konglomerat	NN
di	IN
Jabal	NNP
Magnet	NNP
?	Z

Anda	PRP
tinggal	VB
di	IN
lantai	NN
berapa	WH
.	Z

Ma	NNP
Li	NNP
menganggap	VB
dirinya	PRF
cukup	RB
pintar	JJ
.	Z

Organisasi	NN
itu	PRD
sudah	RB
pecah	VB
tahun	NN
ini	PRD
.	Z

Kami	PRP
bilang	VB
siap	VB
.	Z

Untuk	IN
tahun	NN
2012	CD
ini	PRD
anggaran	NN
untuk	IN
perawatan	NN
gedung	NN
tersebut	PRD
mencapai	VB
500	CD
miliar	CD
rupiah	NN
.	Z

Pentungan	NN
di	IN
pinggang	NN
kiri	NN
,	Z
borgol	NN
di	IN
sebelah	NN
kanan	NN
.	Z

Akhirnya	RB
suster	NN
S	NNP
beralih	VB
ke	IN
bayi	NN
Murtanti	NNP
.	Z

Empat	CD
orang	NN
ikut	VB
dalam	IN
pertandingan	NN
perorangan	NN
.	Z

Suasana	NN
di	IN
dalam	IN
hotel	NN
pun	P
tak	RB
kalah	JJ
ketat	JJ
.	Z

Itu	PRD
belum	RB
terang	JJ
penjelasannya	NN
.	Z

Dia	PRP
disangka	VB
bertanggung	VB
jawab	VB
atas	IN
aktivitas	NN
illegal	JJ
logging	FW
di	IN
Mandailing	NNP
Natal	NNP
.	Z

''	Z
Kami	PRP
tidak	RB
khawatir	JJ
tidak	RB
bisa	MD
menampung	VB
.	Z

Kami	PRP
ingin	MD
cek-out	VB
.	Z

Mereka	PRP
menggugat	VB
UU	NNP
22/2001	SYM
tentang	IN
Migas	NNP
.	Z

Sudah	RB
Senin	NNP
setiap	DT
paginya	NN
dia	PRP
bertelur	VB
.	Z

Dia	PRP
masih	RB
belum	RB
bangun	VB
.	Z

Sedikitnya	RB
15	CD
orang	NN
tewas	VB
dalam	IN
peristiwa	NN
itu	PRD
.	Z

''	Z
Ini	PRD
sudah	RB
disetujui	VB
Presiden	NNP
SBY	NNP
.	Z

''	Z
Hal	NN
ini	PRD
akan	MD
mengurangi	VB
ketertarikan	NN
orang	NN
ke	IN
Jakarta	NNP
.	Z

Kira-kira	RB
pukul	NN
tiga	CD
mereka	PRP
baru	RB
datang	VB
.	Z

Jejak-jejak	NN
darah	NN
juga	RB
terlihat	VB
di	IN
sekitar	RB
lokasi	NN
.	Z

Tembakan	NN
ketiga	OD
dilepas	VB
ke	IN
arah	NN
motor	NN
.	Z

Di	IN
kawasan	NN
Aceh	NNP
Besar	NNP
,	Z
sejumlah	ID
gambar	NN
calon	NN
bupati	NN
juga	RB
masih	RB
bertebaran	VB
di	IN
sejumlah	ID
tempat	NN
.	Z

Sri	NNP
dipapah	VB
masuk	VB
ke	IN
ruangannya	NN
.	Z

Semua	ID
biaya	NN
ini	PRD
saat	SC
ini	PRD
masih	RB
disubsidi	VB
secara	IN
penuh	RB
oleh	IN
Pemkot	NNP
Yogyakarta	NNP
.	Z

Pondasi	NN
itu	PRD
diletakkan	VB
di	IN
dekat	JJ
taman	NN
halaman	NN
DPR	NNP
.	Z

Perusahaan	NN
ini	PRD
mendirikan	VB
dua	CD
gedung	NN
tinggi	JJ
untuk	IN
karyawannya	NN
.	Z

Kan	RB
semuanya	RB
sudah	RB
pergi	VB
ke	IN
Shanghai	NNP
.	Z

Dua	CD
orang	NN
terakhir	JJS
ini	PRD
terseret	VB
kasus	NN
suap	NN
wisma	NN
atlet	NN
.	Z

Jakarta	NNP
-	SYM
Truk	NN
Fuso	NNP
muatan	NN
kayu	NN
terguling	VB
di	IN
KM	NNP
22	CD
Tol	NNP
Jakarta	NNP
arah	NN
Cikampek	NNP
.	Z

Penikaman	NN
tersebut	PRD
terjadi	VB
sekitar	RB
pukul	NN
10.30	SYM
WITA	NNP
.	Z

Di	IN
samping	NN
buah-buahan	NN
ditanam	VB
juga	RB
sayur-sayuran	NN
.	Z

Kami	PRP
baru	RB
mengenal	VB
pamannya	NN
.	Z

Pencopotan	VB
Baratlou	NNP
ini	PRD
diikuti	VB
oleh	IN
penggantian	NN
kepala	NN
satuan	NN
khusus	JJ
kepolisian	NN
Teheran	NNP
,	Z
Jenderal	NNP
Hassan	NNP
Arabsorkhi	NNP
.	Z

Jakarta	NNP
-	SYM
Kasus	NN
penyadapan	NN
oleh	IN
intelijen	NNP
Australia	NNP
membuat	VB
Indonesia	NNP
lebih	RB
mawas	VB
diri	PRF
.	Z

Hampir	RB
keseluruhan	NN
11	CD
jasad	NN
penumpang	NN
telah	RB
ditemukan	VB
.	Z

Ketiga	CD
anak	NN
itu	PRD
baru	RB
keluar	VB
dari	IN
ruang	NN
kelasnya	NN
.	Z

Barang-barang	NN
keperluan	NN
sehari-hari	NN
semakin	RB
murah	JJ
.	Z

Ada	VB
masalah	NN
.	Z

Mereka	PRP
lantas	RB
mengambil	VB
uang	NN
di	IN
brankas	NN
Rp	NNP
130	CD
juta	CD
.	Z

Ngobrolin	VB
model	NN
cantik	JJ
Manohara	NNP
Odelia	NNP
Pinot	NNP
?	Z

Soalnya	SC
rakyat	NN
kecil	JJ
mendambakan	VB
keadilan	NN
.	Z

Jakarta	NNP
-	SYM
Ketua	NNP
Mahkamah	NNP
Konstitusi	NNP
(	Z
MK	NNP
)	Z
nonaktif	JJ
Akil	NNP
Mochtar	NNP
pernah	RB
melapor	VB
kekayaan	NN
ke	IN
KPK	NNP
pada	IN
tahun	NN
2011	CD
lalu	JJ
.	Z

Almarhum	NNP
seperti	IN
menangkis	VB
pukulan	NN
itu	PRD
.	Z

Kedatangan	NN
tim	NN
kecil	JJ
dari	IN
Komisi	NNP
Hukum	NNP
ini	PRD
dalam	IN
rangkaian	NN
fit	FW
and	FW
proper	FW
test	FW
calon	NN
Kapolri	NNP
.	Z

Total	NN
ada	VB
23	CD
gunung	NN
api	NN
di	IN
negara	NN
ini	PRD
.	Z

Belakangan	NN
ini	PRD
tidak	RB
tampak	VB
batang	NN
hidungnya	NN
.	Z

Sri	NNP
Mulyani	NNP
resmi	JJ
digantikan	VB
Agus	NNP
Martowardojo	NNP
pada	IN
20	CD
Mei	NNP
2010	CD
.	Z

Pertandingan	NN
tinju	NN
terlalu	RB
kejam	JJ
.	Z

Nama-nama	NN
mereka	PRP
tertulis	VB
di	IN
buku	NN
oleh	IN
kalian	PRP
.	Z

Kamarnya	NN
seluas	NN
kamar	NN
saya	PRP
.	Z

Jakarta	NNP
-	SYM
Dephub	NNP
RI	NNP
akan	MD
kooperatif	JJ
terhadap	IN
KPK	NNP
dalam	IN
pengusutan	NN
kasus	NN
dugaan	NN
korupsi	NN
pengadaan	NN
kapal	NN
patroli	NN
di	IN
Ditjen	NNP
Perhubungan	NNP
Laut	NNP
.	Z

''	Z
Dalam	IN
transisi	NN
konflik	NN
ke	IN
post-konflik	NN
ada	VB
masalah	NN
internal	JJ
.	Z

Seorang	DT
pun	P
tidak	RB
ada	VB
di	IN
ruang	NN
kelas	NN
.	Z

Taufiq	NNP
sempat	MD
meragukan	VB
hal	NN
itu	PRD
.	Z

Banyak	ID
lapangan	NN
olahraga	NN
terdapat	VB
di	IN
kampus	NN
kami	PRP
.	Z

Bulan	NN
Oktober	NNP
2012	CD
,	Z
sang	DT
korban	NN
melapor	VB
ke	IN
polisi	NN
soal	NN
tindakan	NN
mereka	PRP
dahulu	NN
.	Z

Lalu	NN
lintas	NN
perhubungan	NN
kota	NNP
Guangzhou	NNP
kurang	RB
memuaskan	VB
belakangan	NN
ini	PRD
.	Z

Hanya	RB
saja	RB
antrean	NN
kendaraan	NN
tetap	RB
saja	RB
panjangnya	JJ
hampir	RB
satu	CD
kilometer	NN
.	Z

Vivek	NNP
didiagnosis	VB
mengidap	VB
limfoma	NN
.	Z

Penjual	NN
itu	PRD
memilihkan	VB
saya	PRP
buah	NN
semangka	NN
.	Z

Dua	CD
juta	CD
rupiah	NN
tidak	RB
termasuk	VB
ongkos	NN
kirim	VB
.	Z

Bagaimana	WH
dengan	IN
airnya	NN
sendiri	PRF
?	Z

Ini	PRD
penginapan	NN
biasa	JJ
,	Z
bukan	RB
hotel	NN
.	Z

Gubernur	NNP
DKI	NNP
Jakarta	NNP
,	Z
Basuki	NNP
T	NNP
Purnama	NNP
alias	NN
Ahok	NNP
sendiri	PRF
sudah	RB
menyiapkan	VB
landasan	NN
hukum	NN
untuk	IN
kebijakan	NN
tersebut	PRD
.	Z

Tidak	RB
ada	VB
korban	NN
jiwa	NN
dalam	IN
kejadian	NN
tersebut	PRD
.	Z
''	Z
Kejadian	NN
pukul	NN
21.30	SYM
WITA	NNP
tadi	NN
malam	NN
,	Z
di	IN
Desa	NNP
Ohoy	NNP
,	Z
Kecamatan	NNP
Ohoy	NNP
,	Z
Muna	NNP
,	Z
Sulawesi	NNP
Tenggara	NNP
.	Z

O'Brien	NNP
mengatakan	VB
kematian	NN
Ny	NNP
.	Z

Jakarta	NNP
-	SYM
Api	NN
membakar	VB
dua	CD
rumah	NN
di	IN
Jatinegara	NNP
,	Z
Jakarta	NNP
Timur	NNP
.	Z

Mesti	MD
diterusin	X
nih	UH
.	Z

Dia	PRP
baru	RB
saja	RB
melahirkan	VB
2	CD
anaknya	NN
.	Z

Dasar	UH
anak	NN
cerewet	JJ
Nanya	VB
melulu	RB
.	Z

Tidak	RB
bisa	MD
CEO	NNP
di	IN
sini	PRD
,	Z
harus	MD
di	IN
New	NNP
York	NNP
pemegang	NN
saham	NN
.	Z

Barang	NN
semacam	RB
ini	PRD
hanya	RB
dijual	VB
di	IN
toko	NN
tertentu	JJ
.	Z

Hubungan	NN
mereka	PRP
berdua	CD
tak	RB
dapat	MD
diceraikan	VB
.	Z

''	Z
Ya	UH
jelas	JJ
makin	RB
susah	JJ
narik	VB
penumpang	NN
.	Z

Di	IN
luar	NN
itu	PRD
,	Z
Komite	NNP
Etik	NNP
tak	RB
bisa	MD
menindaklanjutinya	VO
.	Z

Itu	PRD
(	Z
Sunny	NNP
)	Z
di	IN
luar	NN
.	Z

Kami	PRP
tidak	RB
mendapatkan	VB
apa-apa	NN
di	IN
sekitar	RB
rumah	NN
itu	PRD
.	Z

''	Z
Sebuah	DT
kehilangan	NN
besar	JJ
bagi	IN
umat	NN
,	Z
khususnya	RB
kaum	NN
nadhliyyin	NN
.	Z

Mobil-mobil	NN
mewah	JJ
menjadi	VB
sasaran	NN
empuk	JJ
aksi	NN
kejahatan	NN
ini	PRD
di	IN
tengah	RB
kemacetan	NN
.	Z

Di	IN
Kebayoran	NNP
Lama	NNP
,	Z
Jakarta	NNP
Selatan	NNP
,	Z
kecelakaan	NN
menimpa	VB
pemotor	NN
Yamaha	NNP
Mio	NNP
B	NNP
4025	CD
SWG	NNP
.	Z

''	Z
Dia	PRP
sudah	RB
sepuh	JJ
.	Z

Mereka	PRP
belum	RB
pulang	VB
.	Z

Kemacetan	NN
juga	RB
terjadi	VB
di	IN
KM	NNP
111	CD
Tol	NNP
Padalarang	NNP
arah	NN
Cikampek	NNP
.	Z

Terakhir	RB
,	Z
5	CD
orang	NN
terdakwa	NN
yakni	RB
Sertu	NNP
Tri	NNP
Juwanto	NNP
,	Z
Sertu	NNP
Anjar	NNP
Rahmanto	NNP
,	Z
Sertu	NNP
Martinus	NNP
Roberto	NNP
Paulus	NNP
Benani	NNP
,	Z
Sertu	NNP
Suprapto	NNP
dan	CC
Sertu	NNP
Hermawan	NNP
Siswoyo	NNP
.	Z

Kuda	NN
itu	PRD
sudah	RB
terikat	VB
pada	IN
pohon	NN
.	Z

Bisa	MD
lihat	VB
KTPnya	NNP
.	Z

Jakarta	NNP
-	SYM
Presiden	NN
AS	NNP
Barack	NNP
Obama	NNP
mendadak	RB
menelepon	VB
Presiden	NNP
SBY	NNP
.	Z

AC	NNP
di	IN
kamar	NN
kok	RB
tidak	RB
bisa	MD
dinyalakan	VB
.	Z

Mereka	PRP
tidak	RB
sempat	MD
bicara	VB
.	Z

Para	DT
WNI	NNP
ini	PRD
diduga	VB
bekerja	VB
di	IN
sebuah	DT
perusahaan	NN
perjudian	NN
.	Z

Mbak	NN
biasanya	RB
pakai	VB
ukuran	NN
apa	WH
.	Z

Jakarta	NNP
-	SYM
Vonis	NN
tiga	CD
tahun	NN
terhadap	IN
terdakwa	NN
pengedar	NN
20	CD
kg	SYM
shabu-shabu	NN
Hariono	NNP
Agus	NNP
memberi	VB
kesan	NN
bobroknya	NN
peradilan	NN
Indonesia	NNP
.	Z

Saya	PRP
tidak	RB
bisa	MD
tunggu	VB
lama-lama	JJ
,	Z
Pak	NN
.	Z

Penduduk	NN
daerah	NN
pesisir	NN
terpadat	JJS
di	IN
Tiongkok	NNP
.	Z

Dorongan	NN
ini	PRD
diwacanakan	VB
lewat	IN
Rapat	NNP
Kerja	NNP
Nasional	NNP
(	Z
Rakernas	NNP
)	Z
I	NNP
PDIP	NNP
.	Z

Tim	NN
ini	PRD
diperkuat	VB
oleh	IN
dua	CD
orang	NN
jenderal	NN
dari	IN
kepolisian	NN
.	Z

Tingkah	NN
lakunya	NN
sangat	RB
wajar	JJ
.	Z

Sudah	RB
,	Z
relakan	VB
saja	RB
.	Z

Mentimun	NN
dipotong	VB
bundar-bundar	JJ
.	Z

Di	IN
tempat	NN
kejadian	NN
perkara	NN
,	Z
sejumlah	ID
keganjalan	NN
ditemukan	VB
polisi	NN
.	Z

Di	IN
sekolah	NN
ini	PRD
ada	VB
seratus	CD
murid	NN
.	Z

Mereka	PRP
terlihat	VB
duduk-duduk	VB
.	Z

Mereka	PRP
datang	VB
dari	IN
berbagai	ID
daerah	NN
.	Z

Setiap	DT
tahun	NN
di	IN
kota	NN
ini	PRD
diadakan	VB
dua	CD
kali	NN
pekan	NN
olahraga	NN
.	Z

Alhasil	SC
pernyataan	NN
Bush	NNP
menuai	VB
kecaman	NN
dari	IN
pemerintah	NN
Kuba	NNP
.	Z

Kamus	NN
bahasa	NN
Indonesia	NNP
kebanyakan	ID
tebal-tebal	JJ
.	Z

Para	DT
buronan	NN
memberikan	VB
perlawanan	NN
bersenjata	VB
.	Z

Mari	UH
,	Z
Bu	NN
.	Z

Aku	PRP
duduk	VB
di	IN
samping	NN
ayahku	NN
.	Z

Tujuannya	NN
,	Z
mengajarkan	VB
budaya	NN
tertib	JJ
.	Z

Jakarta	NNP
-	SYM
Penyidik	NN
Komisi	NNP
Pemberantasan	NNP
Korupsi	NNP
(	Z
KPK	NNP
)	Z
memanggil	VB
adik	NN
Anas	NNP
Urbaningrum	NNP
,	Z
Anna	NNP
Lutfie	NNP
.	Z

Kepolisian	NN
juga	RB
sudah	RB
pulang	VB
.	Z

Suka	VB
masakan	NN
Indonesia	NNP
tidak	RB
.	Z

Secara	IN
etik	JJ
,	Z
ada	VB
aturan	NN
ketat	JJ
sesuai	JJ
standar	NN
bisnis	NN
AS	NNP
.	Z

Jokowi-JK	NNP
datang	VB
sekitar	RB
pukul	NN
15.00	SYM
WIB	NNP
di	IN
arena	NN
Silatnas	NNP
,	Z
di	IN
Hotel	NNP
Kartika	NNP
Chandra	NNP
,	Z
Jl	NNP
Gatot	NNP
Subroto	NNP
,	Z
Jakpus	NNP
,	Z
Selasa	NNP
(	Z
3/6/2014	SYM
)	Z
.	Z

Di	IN
sepanjang	NN
kota	NNP
Brisbane	NNP
,	Z
polisi	NN
juga	RB
berjaga	VB
hampir	RB
di	IN
setiap	DT
perempatan	NN
.	Z

Dia	PRP
pergi	VB
pula	RB
ke	IN
tempat	NN
itu	PRD
.	Z

''	Z
Permainan	NN
politik	NN
simbolis	NN
akan	MD
terjadi	VB
.	Z

Kapan	WH
mulai	VB
patroli	NN
?	Z

Izinkanlah	VB
saya	PRP
atas	IN
nama	NN
Guru	NN
Pembimbing	NN
olahraga	NN
menyampaikan	VB
pujian	NN
kepada	IN
mereka	PRP
.	Z

Kita	PRP
harus	MD
pandai	JJ
menyimpulkan	VB
pengalaman-pengalaman	NN
generasi	NN
tua	JJ
.	Z

Belum	RB
datang	VB
dia	PRP
.	Z

Berikut	VB
catatan	NN
kejahatan	NN
Gunawan	NNP
:	Z
16	CD
Januari	NNP
2003	CD
Gunawan	NNP
Santoso	NNP
alias	NN
Acin	NNP
melarikan	VB
diri	PRF
dari	IN
LP	NNP
Kuningan	NNP
.	Z

Dia	PRP
sudah	RB
menjadi	VB
dokter	NN
.	Z

Seseorang	PRI
akan	MD
mengganti	VB
kamu	PRP
.	Z

Lengannya	NN
kepanjangan	VB
.	Z

Kapan	WH
proses	NN
produksi	NN
bisa	MD
dimulai	VB
.	Z

Buku	NN
itu	PRD
terletak	VB
di	IN
atas	IN
meja	NN
.	Z

Untuk	IN
lolos	VB
ke	IN
seleksi	NN
DPR	NNP
,	Z
para	DT
calon	NN
harus	MD
memiliki	VB
nilai	NN
70	CD
.	Z

Kan	RB
masih	RB
ada	VB
tahap	NN
lain	JJ
.	Z

Bagus	JJ
amat	RB
pakaian	NN
ini	PRD
.	Z

Rumahnya	NN
nampak	VB
lebih	RB
sederhana	JJ
dari	IN
rumah	NN
Nur	NNP
.	Z

Detikcom	NNP
melihat	VB
kerja	NN
pasukan	NN
oranye	NN
di	IN
kawasan	NN
Jakarta	NNP
Selatan	NNP
pada	IN
Rabu	NNP
(	Z
18-Feb	SYM
)	Z
.	Z

Adik	NN
ipar	NN
Anas	NNP
,	Z
Dina	NNP
Zad	NNP
juga	RB
sudah	RB
diperiksa	VB
oleh	IN
penyidik	NN
.	Z

Jakarta	NNP
-	SYM
Calon	NN
Gubernur	NNP
DKI	NNP
Jakarta	NNP
Joko	NNP
Widodo	NNP
jelas	JJ
unggul	JJ
di	IN
putaran	NN
pertama	CD
.	Z

Jakarta	NNP
-	SYM
Alam	NN
memberikan	VB
segala	ID
inspirasi	NN
.	Z

Saya	PRP
masih	RB
belum	RB
menyelesaikan	VB
PR	NN
kemarin	NN
.	Z

Pernyataan	NN
Ahok	NNP
tentu	RB
mengejutkan	VB
.	Z

Tahun	NN
depan	JJ
,	Z
kota	NN
di	IN
kaki	NN
Gunung	NNP
Dempo	NNP
itu	PRD
akan	MD
memiliki	VB
Bandara	NNP
Atung	NNP
Bungsu	NNP
.	Z

Jakarta	NNP
-	SYM
Banjir	NN
di	IN
Jakarta	NNP
masih	RB
luar	JJ
biasa	JJ
.	Z

Kaca-kaca	NN
gedung	NN
pun	P
hancur	VB
.	Z

Ketiga	CD
keris	NN
itu	PRD
dihargai	VB
680	CD
ribu	CD
euro	NN
.	Z

Saya	PRP
ambil	VB
S	X
di	IN
Universitas	NNP
Indonesia	NNP
.	Z

Desak-desakan	NN
pun	P
terjadi	VB
.	Z

Bapak	NN
tinggal	VB
di	IN
mana	WH
.	Z

Dia	PRP
paling	RB
tinggi	JJ
di	IN
kelasnya	NN
.	Z

Adik	NN
terjatuh	VB
dari	IN
tangga	NN
.	Z

Baju	NN
bagus-bagus	JJ
itu	PRD
diberikan	VB
oleh	IN
bibinya	NN
.	Z

''	Z
Kita	PRP
akan	MD
minta	VB
tower	FW
untuk	IN
data	NN
radarnya	NN
.	Z

Polisi	NN
tak	RB
mau	MD
mengungkap	VB
lebih	RB
jauh	RB
soal	NN
profil	NN
pelanggan	NN
AA	NNP
.	Z

China	NNP
menyapu	VB
bersih	JJ
semua	ID
medali	NN
emas	NN
dalam	IN
nomor	NN
tenis	NN
meja	NN
.	Z

Jakarta	NNP
-	SYM
Kementerian	NNP
Lingkungan	NNP
Hidup	NNP
(	Z
KLH	NNP
)	Z
batal	RB
mengumumkan	VB
kategori	NN
baku	NN
mutu	NN
lingkungan	NN
251	CD
perusahaan	NN
.	Z

Etnis	NN
kami	PRP
sama	JJ
.	Z

Aku	PRP
segera	RB
saja	RB
membalas	VB
suratnya	NN
.	Z

Proyek	NN
ambisius	JJ
lain	JJ
adalah	MD
renovasi	NN
tempat	NN
parkir	VB
motor	NN
.	Z

Satu	CD
per	CD
satu	CD
mereka	PRP
keluar	VB
dari	IN
ruang	NN
kelas	NN
.	Z

Hasil	NN
ramp	FW
check	FW
mampu	MD
menekan	VB
angka	NN
kecelakaan	NN
bus	NN
AKAP	NNP
sebesar	JJ
35	CD
persen	NN
.	Z

Neneknya	NN
sudah	RB
tak	RB
bisa	MD
mendengar	VB
lagi	RB
.	Z

Ketujuh	OD
provinsi	NN
itu	PRD
adalah	MD
DKI	NNP
Jakarta	NNP
,	Z
DI	NNP
Yogyakarta	NNP
,	Z
Jawa	NNP
Timur	NNP
,	Z
Bengkulu	NNP
,	Z
Lampung	NNP
,	Z
Sulawesi	NNP
Selatan	NNP
,	Z
dan	CC
Sulawesi	NNP
Barat	NNP
.	Z

Jakarta	NNP
-	SYM
Ketua	NNP
Pengadilan	NNP
Negeri	NNP
(	Z
KPN	NNP
)	Z
Tangerang	NNP
sekaligus	RB
ketua	NN
majelis	NN
hakim	NN
kasus	NN
Gayus	NNP
Tambunan	NNP
,	Z
Muktadi	NNP
Asnun	NNP
mengaku	VB
kecipratan	NN
uang	NN
dari	IN
Gayus	NNP
Rp	NNP
50	CD
juta	CD
.	Z

Tentu	RB
keputusan	NN
ada	VB
di	IN
tangan	NN
Pak	NNP
SBY	NNP
.	Z

Nudirman	NNP
pun	P
kembali	VB
menanggapi	VB
.	Z

Personel	NN
TNI	NNP
AU	NNP
masih	RB
menjaga	VB
ketat	JJ
lokasi	NN
.	Z

Mayat-mayat	NN
dikumpulkan	VB
antara	IN
lain	JJ
di	IN
dua	CD
tempat	NN
.	Z

Maria	NNP
Febe	NNP
Kusumastuti	NNP
membuka	VB
kemenangan	NN
Tim	NNP
Indonesia	NNP
atas	IN
Afsel	NNP
.	Z

Anak-anak	NN
wajib	VB
menghormati	VB
orang	NN
tua	JJ
.	Z

Panglima	NNP
TNI	NNP
Agus	NNP
Suhartono	NNP
telah	RB
memasuki	VB
masa	NN
pensiun	NN
.	Z

Widi	NNP
membakar	VB
dirinya	PRF
,	Z
Rabu	NNP
(	Z
13/3	SYM
)	Z
sekitar	RB
pukul	NN
22.00	SYM
WIB	NNP
.	Z

''	Z
Saya	PRP
tidak	RB
bersalah	VB
.	Z

Gimana	WH
kabarnya	NN
Bu	NNP
Jati	NNP
dan	CC
anak-anak	NN
.	Z

Keduanya	NN
sepakat	VB
memperbaiki	VB
sertifikasi	NN
di	IN
tempat	NN
penyembelihan	NN
hewan	NN
.	Z

Luthfi	NNP
datang	VB
ke	IN
rumah	NN
Darin	NNP
hanya	RB
untuk	IN
minta	VB
pijat	CC
.	Z

MK	NNP
mengabulkan	VB
sebagian	NN
permohonan	NN
tokoh	NN
intelektual	JJ
muslim	NN
atas	IN
gugatan	NN
UU	NNP
22/2001	SYM
tentang	IN
Migas	NNP
.	Z

T�nt�ngan	NN
juga	RB
tidak	RB
boleh	MD
lebih	RB
dari	IN
kg	SYM
.	Z

Ini	PRD
semua	ID
nanti	NN
akan	MD
disalurkan	VB
ke	IN
rapimnas	NN
.	Z

Momen	NN
foto	NN
ria	JJ
pun	P
tak	RB
terhindarkan	VB
.	Z

Untuk	IN
melanjutkan	VB
perjalanan	NN
,	Z
rasanya	RB
tidak	RB
mungkin	RB
.	Z

Saya	PRP
ikut	VB
saja	RB
.	Z

Jangan	RB
lupa	VB
Pak	NNP
Harto	NNP
sangat	RB
berjasa	VB
.	Z

Lokasi	NN
itu	PRD
juga	RB
disinyalir	VB
rawan	JJ
tindakan	NN
kriminalitas	NN
.	Z

Insiden	NN
ini	PRD
terjadi	VB
di	IN
KM	NNP
31	CD
dari	IN
arah	NN
Kp	NNP
Rambutan	NN
menuju	VB
Pondok	NNP
Indah	NNP
sekitar	RB
pukul	NN
00.30	SYM
WIB	NNP
.	Z

Rumahnya	NN
terletak	VB
di	IN
tepi	NN
sungai	NN
.	Z

Adik	NN
tidak	RB
mau	MD
menulis	VB
lagi	RB
.	Z

Jadi	SC
kami	PRP
menunggu	VB
di	IN
sini	PRD
saja	RB
.	Z

Prajurit	NN
Mongolia	NNP
berdiri	VB
di	IN
depan	NN
patung	NN
Jenghis	NNP
Khan	NNP
di	IN
Istana	NNP
Negara	NNP
Mongolia	NNP
di	IN
Ulaanbaatar	NNP
.	Z

Jakarta	NNP
-	SYM
Diperlukan	VB
komitmen	NN
bersama	JJ
untuk	IN
memerangi	VB
korupsi	NN
di	IN
Indonesia	NNP
.	Z

Siapa	WH
dapat	MD
membuat	VB
kue	NN
.	Z

Ibu	NN
menderita	VB
pendarahan	NN
lambung	NN
akut	JJ
.	Z

Secara	IN
fisik	NN
,	Z
anak-anak	NN
Mongolia	NNP
menunggang	VB
kuda	NN
di	IN
usia	NN
3	CD
tahun	NN
.	Z

Lalu	SC
dia	PRP
nyambung	VB
menggunakan	VB
Kopaja	NNP
P20	NNP
menuju	VB
Tugu	NNP
Tani	NNP
.	Z

''	Z
Dugaan	NN
pelanggarannya	NN
di	IN
luar	NN
negeri	NN
.	Z

Ngambilnya	VO
saja	RB
nggak	RB
boleh	MD
segitu	PRD
.	Z

Sehari	NN
menjelang	VB
Hari	NNP
Merdeka	NNP
diselenggarakan	VB
malam	NN
gembira	JJ
.	Z

Musuh	NN
tidak	RB
mau	MD
menyerah	VB
.	Z

Serahkanlah	VB
PR	NN
kalian	PRP
kepada	IN
saya	PRP
besok	NN
pagi	NN
.	Z

Seorang	DT
pun	P
tak	RB
ada	VB
di	IN
ruang	NN
kelas	NN
.	Z

Aceh	NNP
dianggap	VB
rawan	JJ
.	Z

Zaman	NN
sekarang	NN
orang	NN
hanya	RB
mengejar	VB
uang	NN
saja	RB
.	Z

''	Z
Kasusnya	NN
sudah	RB
dilimpahkan	VB
ke	IN
polres	NNP
.	Z

Ada	VB
kursi	NN
sebelah	NN
kanan	NN
dan	CC
kiri	NN
.	Z

Kota	NN
tersebut	PRD
berjarak	VB
sekitar	RB
125	CD
kilometer	NN
sebelah	NN
utara	NN
ibukota	NN
Paris	NNP
.	Z

Dia	PRP
sanggup	MD
belajar	VB
ke	IN
luar	NN
negeri	NN
.	Z

Pengejaran	NN
terhadap	IN
pelaku	NN
masih	RB
dilakukan	VB
.	Z

Mereka	PRP
sudah	RB
kembali	VB
ke	IN
asrama	NN
.	Z

Dalam	IN
segala	ID
hal	NN
,	Z
ia	PRP
akan	MD
memperlihatkan	VB
kehalusan	NN
jiwanya	NN
.	Z

Demo	NN
digelar	VB
puluhan	ID
orang	NN
dari	IN
Jaringan	NNP
Aksi	NNP
Mahasiswa	NNP
Anti	NNP
Korupsi	NNP
(	Z
Jamak	NNP
)	Z
.	Z

Jakarta	NNP
-	SYM
Zaenal	NNP
Ma'arif	NNP
sudah	RB
bersiap	VB
diri	PRF
bila	SC
jadi	VB
tersangka	NN
terkait	VB
isu	NN
SBY	NNP
.	Z

Mereka	PRP
akan	MD
menyewa	VB
sebuah	DT
rumah	NN
di	IN
sekolah	NN
.	Z

Pada	IN
amplop	NN
surat	NN
tertulis	VB
pengirimnya	NN
:	Z
Australian	NNP
Consul	NNP
General	NNP
,	Z
Bali	NNP
.	Z

Apakah	WH
ini	PRD
bisa	MD
menjawab	VB
pertanyaan	NN
anda	PRP
.	Z

Komisi	NNP
Yudisial	NNP
(	Z
KY	NNP
)	Z
telah	RB
meminta	VB
keterangan	NN
dari	IN
Asnun	NNP
.	Z

Jakarta	NNP
-	SYM
Menteri	NNP
ESDM	NNP
Sudirman	NNP
Said	NNP
melaporkan	VB
Ketua	NNP
DPR	NNP
Setya	NNP
Novanto	NNP
ke	IN
MKD	NNP
DPR	NNP
.	Z

Ketiga	OD
,	Z
memperbesar	VB
peluang	NN
manipulasi	VB
politik	NN
.	Z

Jakarta	NNP
-	SYM
ICW	NNP
melaporkan	VB
dugaan	NN
korupsi	NN
penjualan	NN
besi	NN
tua	JJ
di	IN
PT	NNP
Kereta	NNP
Api	NNP
(	Z
KA	NNP
)	Z
ke	IN
Kejagung	NNP
.	Z

Jendela	NN
di	IN
ruang	NN
kelas	NN
kami	PRP
terbuka	VB
semuanya	RB
.	Z

Bete	JJ
Sama	IN
siapa	WH
Bukan	RB
sama	IN
aku	PRP
kan	P
.	Z

Dilarang	VB
parkir	VB
di	IN
sini	PRD
,	Z
Non	NNP
.	Z

Belum	RB
jelas	JJ
alasan	NN
Amidhan	NNP
tidak	RB
hadir	VB
di	IN
KPK	NNP
.	Z

Jakarta	NNP
-	SYM
Ketua	NNP
Komisi	NNP
Pengawas	NNP
Persaingan	NNP
Usaha	NNP
(	Z
KPPU	NNP
)	Z
Muhammad	NNP
Iqbal	NNP
akan	MD
dilaporkan	VB
ke	IN
Mabes	NNP
Polri	NNP
.	Z

Kenapa	WH
Bapak	NN
tidak	RB
langsung	RB
menelepon	VB
HPnya	NNP
.	Z

Jakarta	NNP
-	SYM
Polisi	NN
terus	RB
mengejar	VB
para	DT
pelaku	NN
penembakan	NN
Aipda	NNP
Sukardi	NNP
.	Z

Tragedi	NN
apa	WH
Kok	RB
kaya	JJ
serius	JJ
banget	RB
masalahnya	NN
.	Z

Dia	PRP
kehujanan	VB
kemarin	NN
malam	NN
.	Z

Gula	NN
pantang	NN
bagi	IN
penderita	NN
kencing	NN
manis	JJ
.	Z

Kamu	PRP
harus	MD
pulang	VB
malam	NN
ini	PRD
juga	RB
.	Z

Bapak	NN
masuk	VB
dari	IN
mana	WH
.	Z

Banyak	JJ
sekali	RB
barang	NN
di	IN
kamarnya	NN
.	Z

Pertama-tama	RB
si	DT
pasien	NN
harus	MD
mendaftarkan	VB
diri	PRF
.	Z

Sang	DT
ketum	NNP
,	Z
Zulkifli	NNP
Hasan	NNP
masih	RB
merahasiakan	VB
rencana	NN
perombakan	NN
Fraksi	NNP
PAN	NNP
di	IN
DPR	NNP
.	Z

''	Z
Surat	NN
panggilan	NN
sudah	RB
dikirim	VB
kemarin	NN
sore	NN
.	Z

Negeri	NN
ini	PRD
perlu	MD
segera	RB
memecahkan	VB
masalah	NN
ekonominya	NN
.	Z

Hentikan	VB
saja	RB
.	Z

Daun	NN
singkong	NN
sangat	RB
berkhasiat	VB
bagi	IN
kesehatan	NN
kita	PRP
.	Z

BK	NNP
DPR	NNP
dapat	MD
membantu	VB
segala	ID
upaya	NN
penegakan	NN
hukum	NN
terhadap	IN
anggota	NN
DPR	NNP
.	Z

Ambillah	VB
semaumu	NN
.	Z

Para	DT
penggemar	NN
mobil	NN
kuno	JJ
ini	PRD
tergabung	VB
dalam	IN
Perhimpunan	NNP
Penggemar	NN
Mobil	NNP
Kuno	NNP
Indonesia	NNP
(	Z
PPMKI	NNP
)	Z
.	Z

Indonesia	NNP
-	SYM
BBC	NNP
-	SYM
Koleksi	NN
seni	NN
Islam	NNP
di	IN
Louvre	NNP
mengatrol	VB
jumlah	NN
pengunjung	NN
di	IN
museum	NN
Paris	NNP
itu	PRD
.	Z

Ibu	NN
kok	RB
tidak	RB
tahu	VB
.	Z

Malam	NN
begini	PRD
Anda	PRP
datang	VB
juga	RB
.	Z

Kami	PRP
tidak	RB
menilai	VB
apa-apa	NN
.	Z

Ardian	NNP
adalah	MD
putra	NN
bungsu	NN
pasangan	NN
ini	PRD
.	Z

Semua	ID
sandera	NN
dalam	IN
keadaan	NN
baik	JJ
.	Z

''	Z
Polisi	NN
seharusnya	RB
sudah	RB
melakukan	VB
autopsi	NN
.	Z

Adiknya	NN
pelan-pelan	RB
membuka	VB
pintu	NN
lemari	NN
.	Z

Personel	NN
Polri	NNP
berjaga	VB
di	IN
depan	NN
Gedung	NNP
DPR	NNP
.	Z

''	Z
Saya	PRP
ingat	VB
itu	PRD
.	Z

Arti	NN
kata	VB
itu	PRD
tidak	RB
berubah	VB
.	Z

Li	NNP
Li	NNP
suka	VB
ngobrol	VB
dalam	IN
bahasa	NN
Mandarin	NNP
.	Z

Hari	NN
ini	PRD
akan	MD
datang	VB
seseorang	PRI
.	Z

Kasus	NN
ini	PRD
tengah	RB
disidik	VB
Direktorat	NNP
Reserse	NNP
Kriminal	NNP
Khusus	NNP
.	Z

Jakarta	NNP
-	SYM
Wakil	NNP
Wali	NN
Kota	NNP
Cilegon	NNP
,	Z
Edi	NNP
Hariadi	NNP
,	Z
akan	MD
diperiksa	VB
penyidik	NN
Komisi	NNP
Pemberantasan	NNP
Korupsi	NNP
(	Z
KPK	NNP
)	Z
.	Z

Si	DT
Kera	NN
memetikkan	VB
si	DT
Kura-kura	NN
pisang	NN
.	Z

Tersangka	VB
kasus	NN
korupsi	NN
PT	NNP
Asabri	NNP
Mayjen	NNP
TNI	NNP
Purn	NNP
Subarda	NNP
Midjaja	NNP
kembali	RB
menjalani	VB
pemeriksaan	NN
.	Z

Eksekusi	NN
mati	VB
juga	RB
harus	MD
dilakukan	VB
untuk	IN
penjahat	NN
koruptor	NN
.	Z

Dia	PRP
menderita	VB
penyakit	NN
apa	WH
.	Z

Gubernur	NN
langsung	RB
naik	VB
Heli	NNP
menuju	VB
ke	IN
lapangan	NN
kampung	NN
Daleman	NNP
,	Z
Desa	NNP
Boko	NNP
,	Z
Kecamatan	NNP
Prambanan	NNP
,	Z
Sleman	NNP
,	Z
Yogyakarta	NNP
.	Z

Evakuasi	NN
masih	RB
terus	RB
berlangsung	VB
.	Z

Bu	NN
,	Z
saya	PRP
pamit	VB
.	Z

Kebudayaan	NN
kedua	OD
kota	NN
ini	PRD
jauh	RB
berbeda	VB
.	Z

Mereka	PRP
berempat	CD
pergi	VB
ke	IN
perpustakaan	NN
.	Z

Iya	UH
,	Z
Yulia	NNP
memang	RB
manis	JJ
anaknya	NN
terus	RB
orang	NN
tuanya	JJ
kaya	JJ
lagi	RB
.	Z

KM	NNP
Siguntang	NNP
rute	NN
Jakarta-Pulau	NNP
Banda	NNP
seharusnya	RB
berangkat	VB
dari	IN
Pelabuhan	NNP
Yos	NNP
Sudarso	NNP
pukul	NN
12.00	SYM
WIT	NNP
.	Z

5	CD
Lampu	NN
taman	NN
hias	VB
juga	RB
hancur	VB
.	Z

4	CD
Mobil	NN
pemadam	NN
kebakaran	NN
pun	P
dikerahkan	VB
.	Z

Saya	PRP
sudah	RB
mengenal	VB
betul-betul	RB
orang	NN
itu	PRD
.	Z

Kamar	NN
mandi	VB
ini	PRD
kamar	NN
mandi	VB
mereka	PRP
.	Z

Musim	NN
hujan	NN
baru	RB
akan	MD
berlangsung	VB
pada	IN
pertengahan	NN
November	NNP
.	Z

Saya	PRP
tidak	RB
mengejar	VB
model	NN
kok	RB
.	Z

Saya	PRP
hanya	RB
mau	MD
melihat-lihat	VB
saja	RB
.	Z

Kakaknya	NN
dituntut	VB
melanggar	VB
hukum	NN
perkawinan	NN
.	Z

Saya	PRP
bertanggungjawab	VB
atas	IN
mereka	PRP
.	Z

Ceritanya	NN
berawal	VB
pada	IN
Jumat	NNP
,	Z
3	CD
Juni	NNP
2005	CD
.	Z

Dia	PRP
siap	VB
menjadi	VB
ketua	NN
umum	JJ
PP	NNP
Muhammadiyah	NNP
untuk	IN
lima	CD
tahun	NN
ke	IN
depan	NN
.	Z

Pelaku	NN
menembak	VB
ke	IN
arah	NN
Pospam	NNP
.	Z

''	Z
Pada	IN
saat	NN
kejadian	NN
,	Z
tidak	RB
ada	VB
siapa-siapa	NN
kok	RB
,	Z
Mas	NN
.	Z

Orang	NN
tua	JJ
ini	PRD
mencari	VB
uang	NN
untukmu	PO
.	Z

''	Z
Kami	PRP
menyebutnya	VO
spider	FW
net	FW
(	Z
sarang	NN
laba-laba	NN
)	Z
.	Z

Baru	RB
pada	IN
pukul	NN
10.55	SYM
WIB	NNP
dia	PRP
keluar	VB
gedung	NN
pemberantasan	NN
korupsi	NN
itu	PRD
.	Z

Jenazah	NN
mereka	PRP
dikremasi	VB
di	IN
krematorium	NN
PS	NNP
Panca	NNP
Budhi	NNP
,	Z
Kota	NNP
Batu	NNP
,	Z
Malang	NNP
,	Z
Jawa	NNP
Timur	NNP
,	Z
Rabu	NNP
(	Z
14/3/2007	SYM
)	Z
.	Z

Pengganti	NN
sudah	RB
ada	VB
namanya	NN
.	Z

Sumur	NN
minyak	NN
Sukowati	NNP
mulai	VB
dibor	VB
pada	IN
22	CD
Juni	NNP
2006	CD
.	Z

Saya	PRP
sanggup	MD
berenang	VB
meter	NN
.	Z

Ke	IN
mana	WH
dia	PRP
pergi	VB
.	Z

Di	IN
geladak	NN
ini	PRD
area	NN
santai	JJ
terpusat	JJS
.	Z

Jadwal	NN
itu	PRD
bisa	MD
dimajukan	VB
tidak	RB
.	Z

Kamu	PRP
yakin	VB
dia	PRP
selingkuhan	NN
Rangga	NNP
.	Z

Perlindungan	NN
pada	IN
whistle	FW
blower	FW
juga	RB
sudah	RB
diatur	VB
dalam	IN
pasal	NN
10	CD
UU	NNP
No	NN
13	CD
tahun	NN
2006	CD
tentang	IN
LPSK	NNP
.	Z

Kabut	NN
asap	NN
juga	RB
memenuhi	VB
basement	FW
parkir	VB
mobil	NN
.	Z

Saya	PRP
akan	MD
menulis	VB
nanti	NN
sore	NN
.	Z

Mereka	PRP
kebanyakan	NN
berkantor	VB
di	IN
Kuningan	NNP
.	Z

Eeh	UH
kenapa	WH
berhenti	VB
?	Z

Nggak	RB
ada	VB
untungnya	NN
bagi	IN
Adjie	NNP
.	Z

Sungguh	RB
tidak	RB
menambah	VB
keindahan	NN
hotel	NN
.	Z

Terlebih	RB
lagi	RB
,	Z
sempat	MD
terjadi	VB
beberapa	ID
kali	NN
aksi	NN
demonstrasi	NN
.	Z

Kemenkum	NN
masih	RB
melakukan	VB
penelusuran	NN
.	Z

Baharudin	NNP
berpendapat	VB
cara	NN
ini	PRD
lebih	RB
efektif	JJ
.	Z

Ketiga	CD
saham	NN
bisa	MD
dilelang	VB
bebas	JJ
.	Z

Ma	NNP
Li	NNP
membacai	VB
buku	NN
itu	PRD
berjam-jam	VB
.	Z

Suardi	NNP
tewas	VB
tertembak	VB
.	Z

sempat	MD
terjadi	VB
adu	VB
argumen	NN
.	Z

Mereka	PRP
tinggal	VB
di	IN
kamp-kamp	NN
di	IN
sepanjang	NN
perbatasan	NN
Turki-Suriah	NNP
.	Z

Laporan	NN
lengkap	JJ
itu	PRD
diserahkan	VB
usai	SC
pemungutan	NN
suara	NN
.	Z

Nenek	NN
itu	PRD
menggigil	VB
kedinginan	VB
.	Z

Jakarta	NNP
-	SYM
Wilayah	NN
Koja	NNP
,	Z
Jakarta	NNP
Utara	NNP
,	Z
adalah	MD
daerah	NN
langganan	NN
banjir	NN
.	Z

Daya	NN
tarik	VB
itu	PRD
tak	RB
lain	JJ
adalah	MD
si	DT
Belang	NNP
.	Z

Resor	NN
itu	PRD
biasanya	RB
memiliki	VB
konsep	NN
satu	CD
pulau	NN
satu	CD
resor	NN
.	Z

Mereka	PRP
adalah	MD
Wiwi	NNP
,	Z
Indah	NNP
,	Z
Olan	NNP
Olivia	NNP
,	Z
dan	CC
Andi	NNP
Hadijah	NNP
.	Z

Kamar	NN
itu	PRD
diatur	VB
oleh	IN
Li	NNP
Li	NNP
.	Z

Di	IN
toko	NN
ini	PRD
ada	VB
banyak	RB
sepeda	NN
.	Z

Kecelakaan	NN
itu	PRD
terjadi	VB
sekitar	RB
pukul	NN
09.45	SYM
WIB	NNP
,	Z
Rabu	NNP
(	Z
26/3/2008	SYM
)	Z
.	Z

Delapan	CD
wilayah	NN
itu	PRD
antara	IN
lain	JJ
Pelabuhan	NNP
Klang	NNP
,	Z
Banting	NNP
Selangor	NNP
,	Z
Kuala	NNP
Selangor	NNP
,	Z
Pantai	NNP
Putra	NNP
,	Z
Putrajaya	NNP
,	Z
Nilai	NNP
,	Z
Seremban	NNP
,	Z
dan	CC
Malaka	NNP
.	Z

Juga	RB
ada	VB
sedikit	RB
benjolan	NN
.	Z

Cucilah	VB
baju	NN
ini	PRD
.	Z

Mereka	PRP
berbicara	VB
dalam	IN
bahasa	NN
Spanyol	NNP
.	Z

Brakkk	NNP
,	Z
4	CD
kendaraan	NN
menghajar	VB
truk	NN
trailer	NN
itu	PRD
.	Z

Saya	PRP
yang	PRL
masakin	VB
.	Z

Si	DT
Rangga	NNP
selingkuh	VB
sama	IN
cewek	NN
lain	JJ
.	Z

Ketua	NNP
umum	JJ
PKB	NNP
Muhaimin	NNP
Iskandar	NNP
akan	MD
membuka	VB
acara	NN
.	Z

*	Z
)	Z
Afit	NNP
Rufiadi	NNP
adalah	MD
praktisi	NN
hukum	NN
di	IN
Lampung	NNP
Selatan	NNP
.	Z

Kiai	NNP
Subadar	NNP
meninggal	VB
di	IN
usia	NN
74	CD
tahun	NN
.	Z

''	Z
Ini	PRD
sangat	RB
menarik	VB
sekali	RB
.	Z

Agatha	NNP
sangat	RB
berduka	VB
.	Z

Keduanya	NN
adalah	MD
sekutu	NN
Iran	NNP
.	Z

Dia	PRP
tak	RB
dapat	MD
mengerjakan	VB
PR	NN
hari	NN
ini	PRD
.	Z

Kami	PRP
sesat	JJ
jalan	VB
dalam	IN
menjalankan	VB
tugas	NN
.	Z

Jakarta	NNP
-	SYM
Majelis	NNP
Kehormatan	NNP
Mahkamah	NNP
Konstitusi	NNP
(	Z
MKMK	NNP
)	Z
akan	MD
menentukan	VB
nasib	NN
Akil	NNP
Mochtar	NNP
pada	IN
Jumat	NNP
(	Z
01/11/2013	SYM
)	Z
.	Z

Perkataan	NN
Henry	NNP
memang	RB
benar	JJ
.	Z

Petugas	NN
menangkapnya	VO
pada	IN
Kamis	NNP
(	Z
26-Feb	SYM
)	Z
.	Z

Gubernur	NN
propinsi	NN
Guangdong	NNP
telah	RB
mengunjungi	VB
beberapa	ID
negara	NN
ASEAN	NNP
tahun	NN
ini	PRD
.	Z

Dari	IN
2	CD
kasus	NN
tersebut	PRD
,	Z
1	CD
kasus	NN
sudah	RB
pulang	VB
dari	IN
RS	NNP
Arab	NNP
Saudi	NNP
.	Z

Yohanes	NNP
bersaksi	VB
untuk	IN
mantan	JJ
Kepala	NNP
SKK	NNP
Migas	NNP
Rudi	NNP
Rubiandini	NNP
.	Z

Menurutnya	PO
itu	PRD
hanyalah	P
risiko	NN
di	IN
dalam	IN
dunia	NN
politik	NN
.	Z

Kalian	PRP
datang	VB
ke	IN
sini	PRD
untuk	IN
apa	WH
.	Z

Hal	NN
senada	JJ
dikatakan	VB
Abdul	NNP
Faqih	NNP
(	Z
15	CD
)	Z
.	Z

Dasar	UH
anak	NN
cerewet	JJ
Nanya	VB
melulu	RB
Terserah	VB
.	Z

Eggi	NNP
mengacu	VB
pada	IN
UU	NNP
Nomor	NN
15	CD
Tahun	NN
2011	CD
tentang	IN
kewenangan	NN
KPU	NNP
.	Z

Agenda	NN
ini	PRD
direncanakan	VB
digelar	VB
rutin	NN
tahunan	NN
.	Z

Penyakit	NN
orang	NN
itu	PRD
tak	RB
terobati	VB
.	Z

Atas	IN
pembangunan	NN
itu	PRD
,	Z
Dinas	NNP
P2B	NNP
telah	RB
memberikan	VB
SP4	NNP
(	Z
Surat	NN
Peringatan	NNP
Penghentian	NN
Pekerjaan	NN
Proyek	NN
)	Z
No.34	SYM
SP4	NNP
Pusat	NNP
/	SYM
2005	CD
tanggal	NN
20	CD
Januari	NNP
2005	CD
.	Z

Bambang	NNP
juga	RB
sudah	RB
berkomitmen	VB
untuk	IN
pensiun	NN
dini	NN
.	Z

Tak	RB
berhasil	VB
.	Z

Dia	PRP
sering	RB
menulis	VB
surat	NN
kepada	IN
temannya	NN
.	Z

Ada	VB
bir	NN
nggak	RB
.	Z

Penyerbuan	NN
itu	PRD
disebut-sebut	VB
direstui	NN
oleh	IN
Kabareskrim	NNP
Komjen	NNP
Sutarman	NNP
.	Z

Hal	NN
senada	JJ
dikatakan	VB
kader	NN
Golkar	NNP
lain	JJ
Mahyudin	NNP
.	Z

