Serbuk	NN
dari	IN
pohon	NN
jenis	NN
ini	PRD
menyebabkan	VB
alergi	NN
bagi	IN
banyak	ID
orang	NN
.	Z

Sebuah	DT
ledakan	NN
terdengar	VB
keras	JJ
di	IN
kompleks	NN
Gedung	NNP
Parlemen	NNP
Irak	NNP
,	Z
Kamis	NNP
(	Z
12/04/2007	SYM
)	Z
.	Z

Sebentar	NN
lagi	RB
pesawatnya	NN
akan	MD
tinggal	VB
landas	VB
.	Z

Tidak	RB
bisa	MD
ditolelir	VB
lagi	RB
.	Z

Jakarta	NNP
-	SYM
Kementerian	NNP
Pertahanan	NNP
akan	MD
mengadakan	VB
program	NN
Bela	NNP
Negara	NNP
bagi	IN
setiap	DT
warga	NN
negara	NN
.	Z

Hentakan	VB
kombinasi	NN
berbagai	ID
alat	NN
musik	NN
dimainkan	VB
oleh	IN
para	DT
santri	NN
ponpes	NN
asuhan	NN
ulama	NN
karismatik	JJ
Maimun	NNP
Zubair	NNP
.	Z

Semua	NN
membaca	VB
.	Z

Bagus	JJ
sih	UH
bagus	JJ
,	Z
cuma	RB
terlalu	RB
mahal	JJ
.	Z

Banyak	ID
petani	NN
mati	VB
kelaparan	VB
.	Z

Bejo	NNP
merupakan	MD
tukang	NN
tambal	NN
ban	NN
pinggir	NN
jalan	NN
.	Z

Halal	JJ
bihalal	JJ
juga	RB
diramaikan	VB
anak-anak	NN
kecil	JJ
kerabat	NN
Omay	NNP
.	Z

Jakarta	NNP
-	SYM
Milana	NNP
Anggraeini	NNP
(	Z
Rani	NNP
)	Z
,	Z
istri	NN
Gayus	NNP
Tambunan	NNP
,	Z
kembali	RB
mengajukan	VB
cuti	VB
dari	IN
tempatnya	NN
bekerja	VB
di	IN
Sekretariat	NNP
DPRD	NNP
DKI	NNP
Jakarta	NNP
.	Z

Hanya	RB
saja	RB
KPK	NNP
belum	RB
menentukan	VB
sikap	NN
terkait	VB
permintaan	NN
pihak	NN
Damayanti	NNP
.	Z

Sejumlah	ID
kadernya	NN
terbelit	VB
kasus	NN
hukum	NN
.	Z

Anak-anak	NN
itu	PRD
sudah	RB
siap	VB
untuk	IN
mengikuti	VB
ujian	NN
akhir	NN
semester	NN
.	Z

Pamannya	NN
menyelenggarakan	VB
suatu	DT
pabrik	NN
.	Z

Presiden	NN
menunggu	VB
DPR	NNP
.	Z

Paman	NN
memberi	VB
buku	NN
kepada	IN
saya	PRP
.	Z

Kita	PRP
sudah	RB
jalan	VB
hampir	RB
satu	CD
jam	NN
.	Z

Pernyataan	NN
pemerintah	NN
AS	NNP
ini	PRD
mulai	VB
diberlakukan	VB
pada	IN
Kamis	NNP
(	Z
23-Feb	SYM
)	Z
waktu	NN
setempat	NN
.	Z

''	Z
Waktu	NN
itu	PRD
saya	PRP
kena	VB
di	IN
perempatan	NN
Tomang	NNP
.	Z

Baginya	PO
itu	PRD
tidak	RB
menjadi	VB
soal	NN
.	Z

Oh	UH
,	Z
turun	VB
hujan	NN
lagi	RB
.	Z

Penggemar	NN
Hotman	NNP
kebanyakan	ID
ibu-ibu	NN
.	Z

Mereka	PRP
adalah	MD
Abu	NNP
Barro	NNP
,	Z
Abu	NNP
Hudnaefah	NNP
dan	CC
Dzawin	NNP
Nuha	NNP
.	Z

Jakarta	NNP
-	SYM
Janda	NNP
Munir	NNP
,	Z
Suciwati	NNP
,	Z
menemui	VB
Jaksa	NNP
Agung	NNP
(	Z
Jagung	NNP
)	Z
Abdul	NNP
Rahman	NNP
Saleh	NNP
di	IN
Kejagung	NNP
,	Z
Jl.	NNP
Hasanuddin	NNP
,	Z
Jakarta	NNP
Selatan	NNP
,	Z
Kamis	NNP
(	Z
02/12/2004	SYM
)	Z
.	Z

''	Z
Mari	UH
kita	PRP
bangun	VB
bersama	RB
partai	NN
ini	PRD
.	Z

Ekonomi	NN
masyarakat	NN
,	Z
UMKM	NNP
juga	RB
ikut	VB
.	Z

Pak	NNP
TP	NNP
harus	MD
sadar	JJ
ini	PRD
amanah	NN
dari	IN
Presiden	NN
.	Z

''	Z
Saya	PRP
sudah	RB
tahu	VB
warna	NN
para	DT
Kajati	NNP
.	Z

Ada	VB
benarnya	NN
juga	RB
lho	UH
.	Z

Kamarnya	NN
sebersih	NN
kamar	NN
saya	PRP
.	Z

Aduh	UH
,	Z
masih	RB
tidur	VB
anak	NN
ini	PRD
.	Z

Pagi-pagi	NN
kami	PRP
berangkat	VB
menuju	VB
Shenzhen	NNP
.	Z

155.200	CD
diantaranya	PO
adalah	MD
jamaah	NN
haji	NN
reguler	JJ
.	Z

Tiga	CD
kendaraan	NN
tersebut	PRD
kini	RB
diparkir	VB
di	IN
halaman	NN
gedung	NN
KPK	NNP
.	Z

''	Z
Orangtuanya	NN
memang	RB
sering	RB
bertengkar	VB
.	Z

Tidak	RB
apa-apa	NN
Kamu	PRP
sudah	RB
banyak	RB
membantu	VB
saya	PRP
.	Z

Anda	PRP
sekalian	ID
mau	MD
membeli	VB
apa	WH
.	Z

Hal	NN
itu	PRD
diampaikan	VB
dia	PRP
usai	SC
acara	NN
ngaji	NN
bersama	RB
Gus	NNP
Dur	NNP
di	IN
kediaman	NN
Gus	NNP
Dur	NNP
,	Z
Jl	NNP
Warung	NNP
Silah	NNP
,	Z
Ciganjur	NNP
,	Z
Jakarta	NNP
Selatan	NNP
,	Z
Minggu	NNP
(	Z
18/02/2007	SYM
)	Z
.	Z

Jakarta	NNP
-	SYM
Ketua	NNP
Mahkamah	NNP
Agung	NNP
(	Z
MA	NNP
)	Z
Harifin	NNP
Tumpa	NNP
meresmikan	VB
35	CD
gedung	NN
pengadilan	NN
baru	JJ
di	IN
seluruh	ID
Indonesia	NNP
.	Z

Dia	PRP
sudah	RB
membeli	VB
sebuah	DT
mobil	NN
.	Z

Anak-anak	NN
boleh	MD
menonton	VB
film	NN
itu	PRD
.	Z

Dari	IN
hasil	NN
paparannya	NN
terjadi	VB
peningkatan	NN
di	IN
luar	NN
prediksi	NN
pada	IN
pengendara	NN
mobil	NN
.	Z

Dalam	IN
kasus	NN
suap	NN
ini	PRD
,	Z
KPK	NNP
sudah	RB
mencegah	VB
tujuh	CD
orang	NN
.	Z

''	Z
Kami	PRP
melakukannya	VO
di	IN
tengah	NN
suramnya	NN
peta	NN
konflik	NN
di	IN
Libanon	NNP
.	Z

Burung	NN
itu	PRD
kembali	VB
ke	IN
alam	NN
di	IN
kawasan	NN
Taman	NNP
Nasional	NNP
Manupeu	NNP
Tanadaru	NNP
(	Z
TNMT	NNP
)	Z
.	Z

Pepohonan	NN
rimbun	JJ
berubah	VB
jadi	RB
sawah	NN
.	Z

Ketiganya	CD
merupakan	MD
anggota	NN
Komisi	NNP
IX	NNP
DPR	NNP
dari	IN
Fraksi	NNP
TNI/Polri	NNP
tahun	NN
1999	CD
-	SYM
2004	CD
.	Z

Isi	NN
kamar	NN
pun	P
bermacam-macam	VB
.	Z

Pak	NN
sopir	NN
ini	PRD
baik	JJ
hati	NN
bener	RB
.	Z

Saragih	NNP
datang	VB
sekitar	RB
10.45	SYM
WIB	NNP
di	IN
kantor	NN
KPK	NNP
.	Z

Maklumlah	P
mereka	PRP
teman	NN
baik	JJ
.	Z

Keledai	NN
itu	PRD
masih	RB
hidup	VB
.	Z

''	Z
Mereka	PRP
menggunakan	VB
pola	NN
lompat	VB
katak	NN
.	Z

Tepat	JJ
pukul	NN
21.56	SYM
WIB	NNP
pengunjung	NN
mulai	VB
meninggalkan	VB
kawasan	NN
Monas	NNP
.	Z

Dalam	IN
pergaulan	NN
sehari-hari	NN
kita	PRP
harus	MD
saling	RB
menghargai	VB
.	Z

Tidak	RB
ada	VB
korban	NN
jiwa	NN
dalam	IN
kebakaran	NN
ini	PRD
.	Z

Dalam	IN
kasus	NN
ini	PRD
,	Z
KPK	NNP
telah	RB
banyak	JJ
memeriksa	VB
para	DT
saksi	NN
.	Z

Ruangan	NN
diduga	VB
tempat	NN
asal	NN
api	NN
(	Z
Foto	NN
:	Z
Yudhistira	NNP
Amran	NNP
Saleh	NNP
)	Z

Diantaranya	PO
,	Z
juara	NN
I	CD
tari	NN
Saman	NNP
,	Z
Aceh	NNP
saat	SC
mengikuti	VB
kontes	NN
tari	NN
di	IN
universitasnya	NN
.	Z

Wah	UH
,	Z
sungguh	RB
cantik	JJ
gadis	NN
itu	PRD
.	Z

Mahasiswa	NN
itu	PRD
sangat	RB
rindu	VB
kepada	IN
kakaknya	NN
.	Z

Anda	PRP
pernah	RB
menulis	VB
surat	NN
kepada	IN
saya	PRP
.	Z

Polisi	NN
masih	RB
melakukan	VB
pemeriksaan	NN
.	Z

M	NNP
Nuh	NNP
didampingi	VB
Kasat	NNP
Reskrim	NNP
Polres	NNP
Jaksel	NNP
AKBP	NNP
Hermawan	NNP
.	Z

Tidurnya	NN
beberapa	ID
hari	NN
ini	PRD
kurang	RB
baik	JJ
.	Z

Terima	VB
kasih	VB
Ini	PRD
tanda	NN
terimanya	NN
.	Z

Pada	IN
Senin	NNP
kemarin	NN
,	Z
tim	NN
Syaiful	NNP
hanya	RB
memeriksa	VB
Sekretaris	NNP
KPUD	NNP
Abdullah	NNP
Ahmad	NNP
.	Z

Dhana	NNP
juga	RB
diperiksa	VB
soal	NN
asal	NN
muasal	NN
hartanya	NN
.	Z

Bersama	RB
481	CD
KK	NNP
lain	JJ
dalam	IN
RW	NNP
9	CD
Kelurahan	NNP
Pisangan	NNP
Timur	NNP
,	Z
mereka	PRP
digusur	VB
Pemda	NNP
Kotamadya	NNP
Jakarta	NNP
Timur	NNP
.	Z

Kamu	PRP
tidak	RB
membawa	VB
mobil	NN
hari	NN
ini	PRD
.	Z

Anggapan	NN
itu	PRD
sangat	RB
keliru	JJ
.	Z

''	Z
Tadi	NN
di	IN
sini	PRD
(	Z
aula	NN
timur	NN
)	Z
penuh	JJ
sekali	RB
.	Z

Kemenlu	NNP
juga	RB
sudah	RB
meminta	VB
klarifikasi	NN
dari	IN
Kedubes	NNP
Malaysia	NNP
di	IN
Indonesia	NNP
.	Z

Warga	NN
di	IN
kawasan	NN
ini	PRD
juga	RB
masih	RB
tampak	VB
panik	JJ
.	Z

Kebakaran	NN
itu	PRD
diduga	VB
akibat	SC
korsleting	JJ
listrik	NN
.	Z

Kemajuan	NN
saya	PRP
ini	PRD
tak	RB
lepas	VB
dari	IN
bantuan	NN
Saudara	NNP
.	Z

Departemen	NN
ini	PRD
khusus	JJ
mengurus	VB
kesehatan	NN
penduduk	NN
.	Z

Sebanyak	JJ
12	CD
orang	NN
lainnya	JJ
terluka	VB
dalam	IN
insiden	NN
tersebut	PRD
.	Z

''	Z
Nanti	NN
dari	IN
mesin	NN
mulai	VB
dari	IN
biji-bijian	NN
.	Z

Itu	PRD
adalah	MD
resiko	NN
.	Z

Klip	NN
itu	PRD
sekarang	NN
sudah	RB
dihapus	VB
.	Z

Pembangunan	NN
gedung	NN
KPK	NNP
rencananya	NN
dibangun	VB
di	IN
atas	IN
lahan	NN
seluas	NN
8.924	CD
meter	NN
persegi	NN
di	IN
Kelurahan	NNP
Guntur	NNP
,	Z
Kecamatan	NNP
Setiabudi	NNP
,	Z
Jaksel	NNP
.	Z

Jakarta	NNP
-	SYM
Kapolda	NNP
Kalbar	NNP
Brigjen	NNP
Arief	NNP
Sulityanto	NNP
punya	VB
kesibukan	NN
lain	JJ
.	Z

''	Z
Kita	PRP
lihat	VB
dulu	RB
sifat	NN
izin	NN
itu	PRD
.	Z

Kami	PRP
semua	ID
tahu	VB
susahnya	NN
tugas	NN
itu	PRD
.	Z

Terdakwa	NN
kasus	NN
perubahan	NN
pasal	NN
ini	PRD
pun	P
tidak	RB
bisa	MD
hadir	VB
ke	IN
pengadilan	NN
.	Z

''	Z
(	Z
Pelanggan	NN
)	Z
ada	VB
direktur	NN
perusahaan	NN
swasta	JJ
nasional	JJ
,	Z
ada	VB
orang	NN
Malaysia	NNP
.	Z

Saya	PRP
berganti	VB
sepatu	NN
dulu	RB
.	Z

Dalam	IN
aksinya	NN
,	Z
4	CD
kawanan	NN
perampok	NN
ini	PRD
selalu	RB
membawa	VB
senjata	NN
tajam	JJ
.	Z

Jakarta	NNP
-	SYM
Bursa	NNP
calon	NN
Wakil	NNP
Ketua	NN
DPR	NNP
dari	IN
Partai	NNP
Golkar	NNP
terus	RB
bertambah	VB
.	Z

Manado	NNP
-	SYM
Pencurian	NN
benda	NN
pusaka	NN
terjadi	VB
di	IN
Museum	NNP
Negeri	NNP
Provinsi	NNP
Sulawesi	NNP
Utara	NNP
(	Z
Sulut	NNP
)	Z
di	IN
Manado	NNP
.	Z

Lho	UH
Pemain	NN
bulu	NN
tangkis	NN
bisa	MD
cedera	VB
juga	RB
.	Z

''	Z
Hasil	NN
pemilu	NNP
legislatif	JJ
kan	P
belum	RB
kelihatan	VB
masih	RB
terlalu	RB
dinilah	NN
.	Z

Siapa	WH
bisa	MD
membedakan	VB
kedua	CD
anak	NN
kembar	JJ
itu	PRD
.	Z

Toni	NNP
adalah	MD
seorang	DT
pengusaha	NN
penyewaan	NN
kapal	NN
tongkang	NN
.	Z

Lain	JJ
kali	NN
datang	VB
lagi	RB
ya	UH
.	Z

''	Z
Pertama	OD
tahun	NN
2014	CD
,	Z
binatang	NN
masih	RB
banyak	JJ
.	Z

Burung	NN
bangau	NN
itu	PRD
tak	RB
menghiraukan	VB
kata-kata	NN
petani	NN
itu	PRD
.	Z

Sudah	RB
minum	VB
.	Z

Kamar	NN
itu	PRD
kamar	NN
Li	NNP
Li	NNP
.	Z

Reza	NNP
juga	RB
bisa	MD
mengancam	VB
dirinya	PRF
sendiri	PRF
.	Z

Kupon	NN
itu	PRD
palsu	JJ
!	Z
''	Z
Nggak	RB
ada	VB
(	Z
pembagian	NN
sembako	NN
)	Z
.	Z

Ma	NNP
Li	NNP
pun	P
bertamasya	VB
ke	IN
Gunung	NNP
Baiyun	NNP
.	Z

Plat	NN
nomor	NN
polisi	NN
mobil	NN
tersebut	PRD
tertulis	VB
'	Z
RI	NNP
1964	CD
'	Z
.	Z

Serangan	NN
ini	PRD
terjadi	VB
di	IN
sebuah	DT
gereja	NN
di	IN
kota	NNP
Saint-Etienne-du-Rouvray	NNP
di	IN
wilayah	NN
Normandy	NNP
,	Z
Prancis	NNP
utara	NNP
.	Z

Saya	PRP
yang	PRL
perintahkan	VB
.	Z

''	Z
Saya	PRP
menghadap	VB
ke	IN
depan	NN
warna	NN
saya	PRP
sudah	RB
jelas	JJ
merah	JJ
.	Z

Dia	PRP
pun	P
kembali	VB
ke	IN
Moskow	NNP
pada	IN
tahun	NN
2008	CD
.	Z

Saat	SC
ini	PRD
barang	NN
bukti	NN
sudah	RB
diamankan	VB
.	Z

Ia	PRP
memilih	VB
di	IN
jalur	NN
jogging	FW
track	FW
tepi	NN
Sungai	NNP
Kalimas	NNP
.	Z

Olimpiade	NNP
Beijing	NNP
memang	RB
fantastis	JJ
.	Z

Saya	PRP
sudah	RB
harus	MD
masuk	VB
pesawat	NN
,	Z
Pak	NN
.	Z

Rumah	NN
ini	PRD
kepunyaan	NN
saya	PRP
.	Z

Untuk	IN
berlibur	VB
.	Z

Apa	WH
yang	PRL
enak	JJ
di	IN
sini	PRD
.	Z

Dalam	IN
dakwaan	NN
,	Z
oditur	NN
juga	RB
menyebut	VB
beberapa	ID
barang	NN
bukti	NN
.	Z

Demo	NN
sebagian	ID
besar	JJ
diikuti	VB
oleh	IN
ibu-ibu	NN
.	Z

TV	NNP
harus	MD
dijauhkan	VB
dari	IN
lemari	NN
es	NN
.	Z

Widjanarko	NNP
telah	RB
ditahan	VB
di	IN
LP	NNP
Cipinang	NNP
.	Z

Kampus	NN
kami	PRP
terletak	VB
di	IN
kaki	NN
gunung	NN
.	Z

Warga	NN
Dusun	NNP
Kedayon	NNP
RT	NNP
15-Apr	CD
Desa	NNP
Sumput	NNP
,	Z
Kecamatan	NNP
Kota	NNP
,	Z
Sidoarjo	NNP
ini	PRD
tergabung	VB
dalam	IN
Kloter	NN
17	CD
embarkasi	NN
Surabaya	NNP
.	Z

Mereka	PRP
berteriak-teriak	VB
menilai	VB
tuntutan	NN
jaksa	NN
tidak	RB
adil	JJ
.	Z

''	Z
Saya	PRP
sudah	RB
laporkan	VB
situasi	NN
perbatasan	NN
ke	IN
Kodam	NNP
IX	NNP
Udayana	NNP
.	Z

Jakarta	NNP
-	SYM
Menjelang	IN
sore	NN
hari	NN
,	Z
Gubernur	NNP
DKI	NNP
Jakarta	NNP
Joko	NNP
Widodo	NNP
(	Z
Jokowi	NNP
)	Z
menyambangi	VB
warga	NN
di	IN
Rusun	NNP
Marunda	NNP
.	Z

Saragih	NNP
dipanggil	VB
KPK	NNP
untuk	IN
kali	NN
pertama	OD
pada	IN
Jumat	NNP
(	Z
14/01/2011	SYM
)	Z
.	Z

Sejumlah	ID
pihak	NN
menyambut	VB
baik	JJ
gagasan	NN
PDIP	NNP
ini	PRD
.	Z

Semua	ID
itu	PRD
terjadi	VB
cepat	JJ
bagai(kan)	IN
kejapan	NN
mata	NN
.	Z

Habis	SC
mandi	VB
,	Z
saya	PRP
membaca	VB
buku	NN
sebentar	RB
.	Z

para	DT
tamu	NN
universitas	NN
kami	PRP
menghadiri	VB
pertemuan	NN
itu	PRD
.	Z

Kita	PRP
belajar	VB
segiat-giatnya	RB
untuk	IN
masa	NN
depan	NN
kita	PRP
.	Z

Panggil	VB
saya	PRP
'	Z
Xiao	NNP
Wang	NNP
'	Z
saja	RB
.	Z

Aku	PRP
sudah	RB
blusukan	VB
di	IN
kantong-kantong	NN
TKI	NNP
di	IN
sini	PRD
.	Z

Dalam	IN
penjualan	NN
tersebut	PRD
Yayasan	NNP
Pusaka	NNP
juga	RB
mengandeng	VB
PT	NNP
Asbo	NNP
Citra	NNP
Mandiri	NNP
.	Z

Dia	PRP
juga	RB
datang	VB
dari	IN
Guangzhou	NNP
.	Z

Aduh	UH
Mau	MD
gimana	WH
lagi	RB
aku	PRP
juga	RB
bingung	JJ
nih	UH
.	Z

Celana	NN
jinsnya	NN
terlalu	RB
ketat	JJ
.	Z

Selain	IN
rawan	JJ
telantar	VB
,	Z
calhaj	NNP
nonkouta	NN
juga	RB
tidak	RB
mendapatkan	VB
asuransi	NN
.	Z

Kantor	NN
pos	NN
terletak	VB
di	IN
sebelah	NN
pintu	NN
selatan	NN
.	Z

Bella	NNP
datang	VB
sekitar	RB
pukul	NN
11.00	SYM
WIB	NNP
di	IN
Kejagung	NNP
,	Z
Jl	NNP
Sultan	NNP
Hasanuddin	NNP
,	Z
Jakarta	NNP
,	Z
Rabu	NNP
(	Z
19/11/2014	SYM
)	Z
.	Z

Ini	PRD
melebihi	VB
prediksi	NN
awal	NN
.	Z

Ayah	NN
pandai	JJ
sekali	RB
menjalankan	VB
mesin	NN
macam	NN
ini	PRD
.	Z

Perjanjian	NN
ekstradisi	NN
adalah	MD
untuk	IN
kepentingan	NN
2	CD
belah	NN
pihak	NN
.	Z

Di	IN
Banjarmasin	NNP
,	Z
Kalla	NNP
juga	RB
berkunjung	VB
ke	IN
kediaman	NN
tokoh	NN
agama	NN
setempat	NN
KH	NNP
M.	NNP
Djazouly	NNP
Seman	NNP
.	Z

Saat	SC
ini	PRD
akan	MD
kita	PRP
kembangkan	VB
.	Z

Maklumlah	P
dia	PRP
orang	NN
Guangdong	NNP
.	Z

Ada	VB
kekeliruan	NN
.	Z

Jangan-jangan	RB
elite	FW
PD	NNP
memang	RB
sengaja	VB
menyembunyikan	VB
Nazaruddin	NNP
di	IN
negeri	NN
itu	PRD
.	Z

Dia	PRP
juga	RB
telah	RB
divonis	VB
terkait	VB
kasus	NN
suap	NN
DGS	NNP
BI	NNP
.	Z

Anak-anak	NN
tersebut	PRD
diculik	VB
oleh	IN
ISIS	NNP
di	IN
Suriah	NNP
pada	IN
Mei	NNP
lalu	JJ
.	Z

Keduanya	NN
tiba	VB
di	IN
kantor	NN
KPK	NNP
pukul	NN
11.40	SYM
WIB	NNP
.	Z

Ah	UH
,	Z
jangan	RB
tanya	VB
terus	RB
.	Z

Sang	DT
murid	NN
merekam	VB
secara	IN
rahasia	NN
tindakan	NN
guru	NN
tersebut	PRD
.	Z

Petugas	NN
pun	P
lalu	SC
menutup	VB
palang	NN
pintu	NN
kereta	NN
.	Z

Saat	SC
penangkapan	NN
,	Z
ditemukan	VB
barang	NN
bukti	NN
sebesar	JJ
Rp	NNP
100	CD
juta	CD
di	IN
dalam	IN
mobil	NN
Sistoyo	NNP
.	Z

Mereka	PRP
adalah	MD
Benhard	NNP
Wilhem	NNP
Lapian	NNP
,	Z
Mas	NN
Isman	NNP
,	Z
I	NNP
Gusti	NNP
Ngurah	NNP
Made	NNP
Agung	NNP
,	Z
Ki	NNP
Bagus	NNP
Hadikusumo	NNP
,	Z
serta	CC
Komisaris	NN
Jenderal	NNP
Purn	NNP
Dr.	NNP
H	NNP
Moehammad	NNP
Jasin	NNP
.	Z

Pemerintah	NN
kita	PRP
sudah	RB
menyadari	VB
pentingnya	NN
pelestarian	NN
sumber-sumber	NN
alam	NN
.	Z

Kopor	NN
ini	PRD
kepunyaan	NN
Ibu	NN
.	Z

Apa	WH
yang	PRL
dilakukan	VB
PBNU	NNP
?	Z

Harga	NN
itu	PRD
tentu	RB
meroket	VB
seiring	NN
perjalanan	NN
waktu	NN
.	Z

Ya	UH
Ada	VB
apa	WH
?	Z

Murid-murid	NN
itu	PRD
selalu	RB
berkejar-kejaran	VB
di	IN
jalan	NN
.	Z

Ini	PRD
tiket	NN
dan	CC
polis	NN
asuransinya	NN
.	Z

Yasonna	NNP
hanya	RB
menjalankan	VB
putusan	NN
Mahkamah	NNP
Partai	NNP
Golkar	NNP
.	Z

Kamar	NN
kami	PRP
selantai	NN
.	Z

Kita	PRP
sama-sama	RB
mahasiswa	NN
jurusan	NN
bahasa	NN
Indonesia	NNP
.	Z

Mereka	PRP
mulai	VB
membersihkan	VB
ruang	NN
kelas	NN
.	Z

Keluarga	NN
ini	PRD
pun	P
hanya	RB
bisa	MD
mengenang	VB
perjuangan	NN
Margonda	NNP
dari	IN
cerita	NN
.	Z

Mereka	PRP
bermain	VB
tembak-tembakan	NN
di	IN
rumah	NN
GA	NNP
di	IN
Jl	NNP
Kasuari	NNP
,	Z
Kecamatan	NNP
Palu	NNP
Selatan	NNP
,	Z
Palu	NNP
.	Z

Pos	NN
darurat	NN
seperti	IN
pos	NN
kesehatan	NN
.	Z

Di	IN
sekolah	NN
ada	VB
gedung	NN
kuliah	NN
.	Z

Bapak	NN
nggak	RB
boleh	MD
di	IN
sini	PRD
'	Z
.	Z

Itu	PRD
tergantung	VB
dari	IN
manusianya	NN
.	Z

Berita-berita	NN
tentang	IN
kedatangan	NN
tamu	NN
negara	NN
telah	RB
memenuhi	VB
halaman	NN
surat	NN
kabar	NN
.	Z

Orang	NN
kurus	JJ
itu	PRD
paman	NN
teman	NN
saya	PRP
.	Z

Bahasa	NNP
Tionghoa	NNP
berkembang	VB
pesat	JJ
beberapa	ID
tahun	NN
ini	PRD
.	Z

Beberapa	ID
binatang	NN
juga	RB
tampak	VB
kotor	JJ
.	Z

Jakarta	NNP
-	SYM
Gempa	NN
5,3	CD
skala	NNP
richter	NNP
(	Z
SR	NNP
)	Z
mengguncang	VB
wilayah	NN
Saumlaki	NNP
,	Z
Maluku	NNP
.	Z

Vonis	NN
majelis	NN
hakim	NN
ini	PRD
lebih	RB
ringan	JJ
dibandingkan	VB
tuntutan	NN
Jaksa	NNP
Penuntut	NNP
Umum	NNP
(	Z
JPU	NNP
)	Z
.	Z

''	Z
Kami	PRP
masih	RB
cek	VB
satu	CD
per	CD
satu	CD
.	Z

Para	DT
penumpang	NN
mobil	NN
tidak	RB
sempat	MD
melarikan	VB
diri	PRF
.	Z

Jakarta	NNP
-	SYM
TNI	NNP
AD	NNP
berduka	VB
.	Z

Orang	NN
tersebut	PRD
diteriaki	VB
pemilih	NN
lainnya	JJ
.	Z

Mahasiswa	NN
semuanya	RB
tinggal	VB
di	IN
asrama	NN
.	Z

Ricky	NNP
sendiri	PRF
merupakan	MD
napi	NN
kasus	NN
sabu	NN
.	Z

''	Z
Sopir	NN
tronton	NN
sudah	RB
diamankan	VB
.	Z

Uang	NN
paling	RB
penting	JJ
bagi	IN
orang	NN
itu	PRD
.	Z

Lalu	NN
lintas	NN
Monas-HI	NNP
pun	P
macet	JJ
total	JJ
.	Z

Kanci	NN
juga	RB
masih	RB
aman	JJ
.	Z

Penanggulangan	NN
masalah	NN
narkoba	NN
harus	MD
menggunakan	VB
paradigma	NN
baru	JJ
.	Z

Dia	PRP
merupakan	MD
seorang	DT
alumni	NN
dari	IN
Moro	NNP
,	Z
Filipina	NNP
.	Z

Kami	PRP
juga	RB
menempatkan	VB
Prajurit	NN
kami	PRP
di	IN
Afganistan	NNP
.	Z

Ahmad	NNP
Basarah	NNP
(	Z
berpeci	VB
)	Z

Penyerahan	NN
gelar	NN
itu	PRD
akan	MD
diserahkan	VB
langsung	RB
oleh	IN
Presiden	NNP
Filipina	NNP
Benigno	NNP
S.	NNP
Aquino	NNP
III	CD
pada	IN
jamuan	NN
santap	VB
malam	NN
kenegaraan	NN
.	Z

Terkait	VB
masuknya	VB
nama	NN
Dino	NNP
Patti	NNP
Djalal	NNP
,	Z
Mubarok	NNP
tak	RB
ambil	VB
pusing	JJ
.	Z

Keberadaan	NN
Nunun	NNP
juga	RB
tidak	RB
diketahui	VB
.	Z

Kamu	PRP
harus	MD
membuat	VB
kalimat	NN
sepandaimu	NN
.	Z

Kasus	NN
alkes	NNP
Wali	NN
Kota	NN
Tangsel	NNP
juga	RB
bagian	NN
dari	IN
keluarga	NN
Atut	NNP
.	Z

Mereka	PRP
datang	VB
ke	IN
rumah	NN
Pak	NN
guru	NN
bersama-sama	VB
.	Z

Kenapa	WH
keluar	VB
uang	NN
miliaran	ID
dollar	NN
?	Z

Inilah	PRD
kamar	NN
khusus	JJ
untuk	IN
tamu	NN
.	Z

Saya	PRP
biasanya	RB
pakai	VB
ukuran	NN
M	SYM

Insiden	NN
ini	PRD
terjadi	VB
hari	NN
Senin	NNP
(	Z
25-Aug	SYM
)	Z
ini	PRD
sekitar	RB
pukul	NN
05.30	SYM
waktu	NN
setempat	NN
.	Z

Sejumlah	ID
buku	NN
milk	FW
Fethullah	NNP
Gulen	NNP
disita	VB
dalam	IN
penggerebekan	NN
polisi	NN
di	IN
Gaziemir	NNP
.	Z

Arus	NN
lalu	NN
lintas	NN
pun	P
tersendat	VB
akibat	SC
peristiwa	NN
itu	PRD
.	Z

Olahragawan	NN
negeri	NN
kami	PRP
unggul	JJ
dalam	IN
beberapa	ID
cabang	NN
olahraga	NN
.	Z

Saya	PRP
dapat	MD
berenang	VB
meter	NN
.	Z

Kami	PRP
hidup	VB
di	IN
kota	NN
besar	JJ
.	Z

Resep	NN
ini	PRD
diserahkan	VB
Lu	NNP
Li	NNP
ke	IN
apotek	NN
.	Z

Kali	NN
ini	PRD
Fauzi	NNP
mengunjungi	VB
Kantor	NN
Dinas	NNP
Pemadam	NNP
Kebakaran	NNP
DKI	NNP
.	Z

Jakarta	NNP
-	SYM
Jokowi	NNP
-	SYM
Ahok	NNP
menang	VB
di	IN
putaran	NN
pertama	OD
pilgub	NNP
DKI	NNP
Jakarta	NNP
.	Z

Pelaku	NN
ditangkap	VB
Senin	NNP
(	Z
01/02/2010	SYM
)	Z
.	Z

Dosen	NN
kami	PRP
pandai	JJ
mendekati	VB
siswanya	NN
.	Z

48,4	CD
persen	NN
tidak	RB
tahu	VB
/	SYM
tidak	RB
jawab	VB
/	SYM
rahasia	NN
.	Z

Saya	PRP
tidak	RB
suka	VB
pergi	VB
ke	IN
luar	NN
negeri	NN
sendirian	PRF
.	Z

G	NNP
akhirnya	RB
diserahkan	VB
di	IN
Polsek	NNP
Sinjunjung	NNP
bersama	RB
adiknya	NN
.	Z

Tidak	RB
ada	VB
hubungan	NN
sama	JJ
sekali	RB
,	Z
''	Z
tandasnya	SP
.	Z

Peran	NN
ulama	NN
sangat	RB
penting	JJ
.	Z

Di	IN
sebelah	NN
ruangan	NN
kamar	NN
mandi	VB
ini	PRD
diduga	VB
tempat	NN
asal	NN
api	NN
(	Z
Foto	NN
:	Z
Yudhistira	NNP
Amran	NNP
Saleh	NNP
)	Z

Pelantikan	NN
akan	MD
digelar	VB
di	IN
Istana	NNP
Negara	NNP
,	Z
Jakarta	NNP
pukul	NN
10.00	SYM
WIB	NNP
.	Z

Jumlah	NN
Pemilih	NN
Berkurang	VB
.	Z

Adiknya	NN
duduk	VB
saja	RB
pagi	NN
ini	PRD
.	Z

Jakarta	NNP
-	SYM
12	CD
Bom	NN
rakitan	NN
ditemukan	VB
di	IN
Kabupaten	NNP
Poso	NNP
,	Z
Sulawesi	NNP
Tengah	NNP
.	Z

PDIP	NNP
,	Z
PKB	NNP
,	Z
Hanura	NNP
,	Z
dan	CC
NasDem	NNP
,	Z
walk	FW
out	FW
.	Z

Sekarang	NN
sayur-sayur	NN
ini	PRD
mau	MD
diapakan	VB
.	Z

Mungkin	RB
dia	PRP
belum	RB
banyak	JJ
pengalaman	NN
di	IN
pertandingan	NN
tingkat	NN
dunia	NN
.	Z

Beberapa	ID
barang	NN
bukti	NN
disita	VB
dari	IN
TKP	NNP
.	Z

Jadwal	NN
selengkapnya	JJ
diurus	VB
Sekretariat	NNP
Dewan	NNP
(	Z
setwan	NNP
)	Z
DPRD	NNP
Jateng	NNP
.	Z

Tingginya	JJ
gunung	NN
itu	PRD
tidak	RB
dapat	MD
diukur	VB
.	Z

Jakarta	NNP
-	SYM
Para	DT
pemudik	NN
bertindak	VB
sangat	RB
antisipatif	JJ
.	Z

Halo	NN
Maaf	NN
,	Z
bahasa	NN
Inggris	NNP
saya	PRP
kurang	RB
.	Z

Jakarta	NNP
-	SYM
Bayu	NNP
seorang	DT
tersangka	VB
penyerangan	NN
di	IN
Solo	NNP
,	Z
memberikan	VB
pengakuan	NN
di	IN
melalui	IN
video	NN
.	Z

Tugas	NN
militer	JJ
Harry	NNP
di	IN
Afghanistan	NNP
berakhir	VB
pada	IN
21	CD
Januari	NNP
waktu	NN
setempat	NN
.	Z

Ruhut	NNP
menyampaikan	VB
hal	NN
serupa	NN
.	Z

Bagaimana	WH
dengan	IN
alat	NN
pembersih	NN
peralatan	NN
tadi	NN
?	Z

''	Z
4	CD
Kendaraan	NN
itu	PRD
rusak	JJ
berat	JJ
.	Z

Setiap	DT
satu	CD
jenis	NN
tes	NN
membutuhkan	VB
biaya	NN
Rp	NNP
30	CD
ribu	CD
.	Z

Jakarta	NNP
-	SYM
Bupati	NNP
Supriori	NNP
Papua	NNP
Barat	NNP
Jules	NNP
Fitzgerald	NNP
Warikar	NNP
diancam	VB
hukuman	NN
penjara	NN
20	CD
tahun	NN
.	Z

Jalan	NN
ini	PRD
tepat	JJ
menuju	VB
ke	IN
kota	NNP
Shenzhen	NNP
.	Z

Kapan	WH
habis	VB
waktu	NN
berlakunya	NN
.	Z

Melihatnya	VO
saja	RB
pun	P
kami	PRP
tak	RB
pernah	RB
.	Z

Buku	NN
ini	PRD
sangat	RB
berarti	VB
bagi	IN
saya	PRP
.	Z

Kita	PRP
semuanya	RB
rajin	JJ
belajar	VB
.	Z

''	Z
Kami	PRP
tak	RB
punya	VB
uang	NN
sebanyak	ID
itu	PRD
.	Z

Keotentikan	NN
statemen	NN
ini	PRD
tidak	RB
bisa	MD
diverifikasi	VB
secara	IN
independen	JJ
.	Z

Politikus	NN
Partai	NNP
Demokrat	NNP
Ruhut	NNP
Sitompul	NNP
pun	P
ikut	VB
interupsi	NN
.	Z

Mereka	PRP
hendak	RB
membangun	VB
sebuah	DT
sekolah	NN
dasar	NN
di	IN
daerah	NN
pegunungan	NN
.	Z

''	Z
Sekarang	NN
saatnya	NN
membersihkan	VB
mereka	PRP
dari	IN
semua	ID
struktur	NN
.	Z

Sebagian	ID
publik	NN
juga	RB
asyik	JJ
memperbincangkan	VB
peristiwa	NN
tersebut	PRD
.	Z

Ketua	NNP
Komnas	NNP
HAM	NNP
Disoraki	NNP

Kondisi	NN
wajah	NN
pria	NN
ini	PRD
memang	RB
mengenaskan	VB
.	Z

Buku	NN
tebal-tebal	JJ
pun	P
dibaca	VB
oleh	IN
anak	NN
itu	PRD
juga	RB
.	Z

Jakarta	NNP
-	SYM
Para	DT
perwira	NN
senior	JJ
Angkatan	NNP
Darat	NNP
(	Z
AD	NNP
)	Z
dari	IN
30	CD
negara	NN
se-Asia	NNP
Pasifik	NNP
berkumpul	VB
di	IN
Jakarta	NNP
.	Z

Kedua	CD
tanggul	NN
ini	PRD
terpisah	VB
sekitar	RB
1	CD
km	NN
.	Z

Jakarta	NNP
-	SYM
Gubernur	NNP
DKI	NNP
Jakarta	NNP
Basuki	NNP
Tjahaja	NNP
Purnama	NNP
(	Z
Ahok	NNP
)	Z
gembira	JJ
menyambut	VB
kehadiran	NN
jaringan	NN
4G	NNP
/	SYM
LTE	NNP
di	IN
Ibu	NN
Kota	NN
.	Z

Saya	PRP
masih	RB
lajang	JJ
,	Z
Bu	NN
,	Z
pacar	NN
pun	P
belum	RB
punya	VB
.	Z

Ketua	NN
kelas	NN
kami	PRP
sudah	RB
memberitahukan	VB
hal	NN
ini	PRD
kepada	IN
kami	PRP
.	Z

Satu	CD
per	CD
satu	CD
kami	PRP
naik	VB
ke	IN
dalam	IN
bus	NN
.	Z

Ratusan	ID
mahasiswa	NN
alumni	NN
sekolah	NN
tersebut	PRD
menyaksikan	VB
eksekusi	NN
itu	PRD
.	Z

Jakarta	NNP
-	SYM
Elektabilitas	NN
Walikota	NN
Surabaya	NNP
Tri	NNP
Rismaharini	NNP
(	Z
Risma	NNP
)	Z
dalam	IN
beberapa	ID
survei	NN
jelang	VB
Pilgub	NNP
DKI	NNP
2017	CD
makin	RB
meningkat	VB
.	Z

Penyebabnya	RB
satu	CD
mobil	NN
Toyota	NNP
Kijang	NNP
terbakar	VB
.	Z

Tentara	NN
Jepang	NNP
sudah	RB
menguasai	VB
kota	NNP
Nanjing	NNP
.	Z

Lion	NNP
Air	NNP
nantinya	NN
akan	MD
melayani	VB
penerbangan	NN
ke	IN
beberapa	ID
kota	NN
di	IN
Cina	NNP
.	Z

Hal	NN
ini	PRD
diamini	VB
Muhaimin	NNP
.	Z

Ketua	NNP
PN	NNP
Denpasar	NNP
Nengah	NNP
Suryada	NNP
mendapat	VB
kiriman	NN
surat	NN
.	Z

SBY-Kalla	NNP
tiba	VB
di	IN
bandara	NN
Patimura	NNP
,	Z
Papua	NNP
pukul	NN
17.00	SYM
WIT	NNP
.	Z

Tak	RB
semua	ID
orang	NN
bisa	MD
masuk	VB
ke	IN
kapal	NN
perang	NN
AL	NNP
ini	PRD
.	Z

Tidak	RB
ada	VB
,	Z
semuanya	RB
barang-barang	NN
keperluan	NN
sehari-hari	NN
.	Z

''	Z
Awalnya	RB
cetak	VB
biasa	JJ
,	Z
cetak-cetak	VB
nota	NN
.	Z

Dia	PRP
merasa	VB
dirinya	PRF
masih	RB
kurang	RB
.	Z

Eh	UH
,	Z
belum	RB
pulang	VB
kamu	PRP
.	Z

Jakarta	NNP
-	SYM
Tapak	NNP
Suci	NNP
Putera	NNP
Muhammadiyah	NNP
menggelar	VB
acara	NN
jalan	NN
sehat	JJ
bersama	RB
di	IN
kawasan	NN
car	FW
free	FW
day	FW
Monas	NNP
.	Z

Sudah	RB
memesan	VB
tempatnya	NN
.	Z

Maklum	VB
mereka	PRP
berdua	CD
sama-sama	RB
beragama	VB
Katolik	NNP
.	Z

Jakarta	NNP
-	SYM
Batas	NN
waktu	NN
pernyataan	NN
dukungan	NN
anggota	NN
MPR	NNP
terhadap	IN
usulan	NN
amandemen	NN
tinggal	VB
beberapa	ID
saat	SC
.	Z

Semua	ID
usahanya	NN
sia-sia	JJ
belaka	RB
.	Z

Tanki	NNP
nomor	NN
24	CD
Depo	NNP
Plumpang	NNP
terbakar	VB
pada	IN
Minggu	NNP
18	CD
Januari	NNP
2009	CD
.	Z

10.	Z
S.	NNP
Sudjojono	NNP
,	Z
Di	IN
Depan	NN
Kelambu	NNP
Terbuka	VB
,	Z
1939	CD

Dia	PRP
berangkat	VB
haji	NN
bersama	RB
istrinya	NN
.	Z

70	CD
persennya	NN
pasien	NN
miskin	JJ
.	Z

15.	Z
Sudjono	NNP
Abdullah	NNP
,	Z
Diponegoro	NNP
,	Z
1947	CD

Kedua	CD
kapal	NN
ini	PRD
berada	VB
di	IN
dalam	IN
sektor	NN
5	CD
Selat	NNP
Karimata	NNP
.	Z

Dalam	IN
sekolah	NN
kami	PRP
ada	VB
sepuluh	CD
gedung	NN
.	Z

Kamu	PRP
akan	MD
lebih	RB
humanis	JJ
.	Z

Saksi	NN
fakta	NN
tersebut	PRD
merupakan	MD
karyawan	NN
bagian	NN
hukum	NN
PT	NNP
CPI	NNP
,	Z
Gunawan	NNP
Sjamsudin	NNP
.	Z

Situasi	NN
ekonomi	NN
keluarga	NN
kita	PRP
tidak	RB
mengizinkannya	VO
.	Z

Kedua	CD
tetangga	NN
itu	PRD
tolong-menolong	VB
waktu	SC
menemui	VB
kesulitan	NN
.	Z

Korsel	NNP
memiliki	VB
angka	NN
bunuh	VB
diri	NN
tertinggi	JJS
di	IN
kalangan	NN
negara-negara	NN
anggota	NN
Organisation	NNP
for	NNP
Economic	NNP
Cooperation	NNP
and	FW
Development	NNP
.	Z

Telinganya	NN
pun	P
hampir	RB
putus	VB
.	Z

Puluhan	ID
orang	NN
pun	P
sempat	MD
melakukan	VB
perlawanan	NN
.	Z

''	Z
Jangan	RB
coba-coba	VB
mengelabui	VB
rakyat	NN
.	Z

Kamar	NN
itu	PRD
penuh	JJ
dengan	IN
tamu	NN
.	Z

Teman	NN
sekelas	NN
saya	PRP
itu	PRD
suka	VB
menyindir	VB
orang	NN
.	Z

Tindak	NN
tanduk	NN
orang	NN
itu	PRD
diawasi	VB
polisi	NN
.	Z

Aku	PRP
nggak	RB
tega	JJ
melihat	VB
muka	NN
petinju-petinju	NN
itu	PRD
jadi	VB
babak	NN
belur	NN
.	Z

Mereka	PRP
adalah	MD
warga	NN
RT	NNP
2	CD
,	Z
3	CD
,	Z
4	CD
,	Z
5	CD
RW	NNP
11	CD
Meruya	NNP
Utara	NNP
.	Z

Satu	CD
per	CD
satu	CD
ciri-ciri	NN
korban	NN
mulai	VB
terkuak	VB
.	Z

Sayur-sayuran	NN
semacam	RB
itu	PRD
perlu	MD
diairi	VB
dua	CD
kali	NN
tiap	DT
hari	NN
.	Z

4.	Z
VENA	NNP
MELINDA	NNP
,	Z
SE.	NNP
""";"""	Z
Fraksi	NNP
Partai	NNP
Demokrat	NNP

Bagasinya	NN
diambil	VB
di	IN
mana	WH
.	Z

Bisa	MD
minta	VB
beberapa	ID
gantungan	NN
pakaian	NN
.	Z

Buku	NN
baru	JJ
itu	PRD
buku	NN
tata	NN
bahasa	NN
Ma	NNP
Li	NNP
.	Z

Wah	UH
,	Z
cantik	JJ
benar	RB
gadis	NN
ini	PRD
.	Z

Suara	NN
ledakan	NN
sendiri	PRF
terdengar	VB
cukup	RB
keras	JJ
pada	IN
jarak	NN
4	CD
kilometer	NN
dari	IN
lokasi	NN
kejadian	NN
.	Z

Kasus	NN
ini	PRD
baru	RB
pertama	OD
kali	NN
terjadi	VB
.	Z

Dia	PRP
mengemukakan	VB
usul	NN
tentang	IN
penyelesaian	NN
hal	NN
itu	PRD
dalam	IN
rapat	NN
kemarin	NN
.	Z

Jakarta	NNP
merupakan	MD
Ibu	NNP
Kota	NNP
Republik	NNP
Indonesia	NNP
.	Z

Sekitar	IN
100-an	ID
foto-foto	NN
itu	PRD
ditunjukkan	VB
kerabat	NN
keluarga	NN
Kerajaan	NNP
Kelantan	NNP
M	NNP
Iqbal	NNP
Ismail	NNP
Fahmi	NNP
dalam	IN
jumpa	VB
pers	NN
di	IN
Izzi	NNP
Pizza	NNP
,	Z
Blok	NNP
M	NNP
,	Z
Jakarta	NNP
Selatan	NNP
,	Z
Kamis	NNP
(	Z
23/4/2009	SYM
)	Z
malam	NN
.	Z

Dia	PRP
Sekjen	NNP
Deplu	NNP
tahun	NN
2003	CD
-	SYM
2004	CD
dan	CC
mantan	JJ
Dubes	NNP
RI	NNP
untuk	IN
Amerika	NNP
Serikat	NNP
.	Z

Jakarta	NNP
-	SYM
Hakim	NN
PN	NNP
Jaksel	NNP
memvonis	VB
denda	NN
Rp	NNP
150	CD
ribu	CD
subsider	NN
4	CD
hari	NN
kurungan	NN
penjara	NN
bagi	IN
para	DT
pembuang	NN
sampah	NN
sembarangan	JJ
.	Z

Jakarta	NNP
-	SYM
Komisi	NNP
Pemberantasan	NNP
Korupsi	NNP
(	Z
KPK	NNP
)	Z
segera	RB
melakukan	VB
pemeriksaan	NN
terhadap	IN
Anggodo	NNP
Widjoyo	NNP
dalam	IN
dua	CD
pekan	NN
ke	IN
depan	NN
.	Z

Adiknya	NN
juga	RB
mahasiswa	NN
jurusan	NN
bahasa	NN
Inggris	NNP
.	Z

Tingginya	JJ
bisa	MD
mencapai	VB
3	CD
centimeter	NN
di	IN
atas	IN
mata	NN
kaki	NN
.	Z

Ilham	NNP
mengabulkan	VB
permintaan	NN
Hengky	NNP
tersebut	PRD
.	Z

Misalnya	RB
,	Z
menjadi	VB
juru	NN
kampanye	NN
partai	NN
politik	NN
tertentu	JJ
.	Z

Sekali	NN
pun	P
adiknya	NN
tak	RB
pernah	RB
pergi	VB
ke	IN
Beijing	NNP
.	Z

Hasil	NN
pertemuan	NN
tersebut	PRD
menemukan	VB
sebuah	DT
rumusan	NN
dalam	IN
penyelesaian	NN
masalah	NN
narkotika	NN
di	IN
Asia	NNP
.	Z

''	Z
Saya	PRP
bukan	RB
pengedar	NN
ganja	NN
.	Z

Presiden	NNP
SBY	NNP
akan	MD
mengunjungi	VB
Papua	NNP
.	Z

Kami	PRP
akan	MD
bertamasya	VB
ke	IN
Indonesia	NNP
untuk	IN
kedua	OD
kali	NN
.	Z

Di	IN
dalam	IN
kamar	NN
saya	PRP
ada	VB
dua	CD
kursi	NN
.	Z

Coba	VB
saya	PRP
cek	VB
dulu	RB
ya	UH
.	Z

Pernyataan	NN
Ruhut	NNP
pun	P
sontak	JJ
menyedot	VB
perhatian	NN
anggota	NN
dewan	NN
.	Z

Dalam	IN
perhitungan	NN
KPK	NNP
,	Z
biaya	NN
keseluruhan	NN
pembangunan	NN
gedung	NN
nilainya	NN
mencapai	VB
Rp	NNP
225,712	CD
miliar	CD
.	Z

Jawablah	VB
pertanyaan	NN
saya	PRP
ini	PRD
.	Z

Sekolah	NN
gratis	JJ
bagi	IN
siapa	WH
pun	P
itu	PRD
kini	NN
memiliki	VB
58	CD
siswa	NN
kelas	NN
VII-IX	SYM
.	Z

Melalui	IN
Deviardi	NNP
,	Z
Meris	NNP
menyuap	VB
Rudi	NNP
.	Z

Pukulannya	NN
tidak	RB
kena	VB
.	Z

Luka	NN
sayatan	NN
di	IN
wajahnya	NN
diduga	VB
luka	NN
bekas	NN
bacokan	NN
.	Z

Mulai	IN
hari	NN
ini	PRD
saya	PRP
akan	MD
bangun	VB
pagi-pagi	RB
.	Z

Jakarta	NNP
-	SYM
Sedikitnya	RB
300	CD
orang	NN
pendemo	NN
mendatangi	VB
Istana	NNP
Negara	NNP
,	Z
Jakarta	NNP
.	Z

''	Z
Mereka	PRP
manusia	NN
biasa	JJ
.	Z

Kita	PRP
harus	MD
selalu	RB
awas	JJ
terhadap	IN
gerak-gerik	NN
musuh	NN
kita	PRP
.	Z

Ratusan	ID
orang	NN
berkerumun	VB
di	IN
lokasi	NN
kejadian	NN
.	Z

Sebagian	ID
korban	NN
tewas	VB
adalah	MD
anak-anak	NN
.	Z

Dia	PRP
dituduh	VB
menghina	VB
seorang	DT
gadis	NN
.	Z

Sebanyak	JJ
2500	CD
dari	IN
meereka	X
bermukim	VB
distrik	NN
Nasr	NNP
,	Z
Kairo	NNP
.	Z

Petang	NN
ini	PRD
jenasah	X
diterbangkan	VB
ke	IN
tanah	NN
kelahiran	NN
di	IN
Sanglah	NNP
Denpasar	NNP
.	Z
''	Z

Kemarin	NN
malam	NN
(	Z
kami	PRP
pulang	VB
)	Z

Kami	PRP
akan	MD
menyiapkan	VB
presentasi	NN
untuk	IN
itu	PRD
.	Z

Mereka	PRP
mencurahkan	VB
perhatiannya	NN
pada	IN
hal	NN
itu	PRD
.	Z

Dari	IN
mana	WH
Anda	PRP
datang	VB
.	Z

Ibu	NN
kelihatan	RB
jauh	RB
lebih	RB
muda	JJ
.	Z

Toni	NNP
akan	MD
menyerahkan	VB
rumah	NN
itu	PRD
pada	IN
adiknya	NN
.	Z

''	Z
Surat	NN
edaran	NN
itu	PRD
tidak	RB
dikenal	VB
dalam	IN
ranah	NN
hukum	NN
.	Z

Kapan	WH
pembuktian	NN
itu	PRD
dilakukan	VB
?	Z

Bisa-bisa	MD
dia	PRP
datang	VB
ke	IN
rumahmu	NN
malam	NN
ini	PRD
.	Z

Surat	NN
kabar	NN
terjual	VB
oleh	IN
kakaknya	NN
.	Z

Jakarta	NNP
-	SYM
Isu	NN
reshuffle	FW
kabinet	NN
gencar	JJ
dibicarakan	VB
.	Z

Di	IN
sini	PRD
tampak	VB
timbunan	NN
buah	NN
mentimun	NN
.	Z

Semua	NN
sudah	RB
pergi	VB
.	Z

Pemanggilan	NN
harus	MD
benar-benar	RB
serius	JJ
.	Z

Perkembangan	NN
kasus	NN
ini	PRD
juga	RB
menambah	VB
tersangka	VB
baru	JJ
dari	IN
pihak	NN
perbankan	NN
.	Z

Jadi	SC
hakim	NN
kita	PRP
punya	VB
tempat	NN
steril	JJ
.	Z

Berdasarkan	VB
hal	NN
tersebut	PRD
,	Z
kami	PRP
anggota	NN
Fraksi	NNP
Partai	NNP
GOLKAR	NNP
DPR	NNP
RI	NNP
mengajukan	VB
permohonan	NN
kepada	IN
pimpinan	NN
DPR-RI	NNP
untuk	IN
MEREHABILITASI	VB
nama	NN
baik	JJ
Bapak	NN
Drs	NNP
.	Z

Ma	NNP
Li	NNP
dan	CC
Hai	NNP
Di	NNP
seasrama	NN
.	Z

Guangzhou	NNP
terletak	VB
di	IN
bagian	NN
delta	NN
Sungai	NNP
Mutiara	NNP
di	IN
tepi	NN
Laut	NNP
Tiongkok	NNP
Selatan	NNP
.	Z

Di	IN
sepanjang	NN
Jl	NNP
HR	NNP
Rasuna	NNP
Said	NNP
,	Z
bendera	NN
merah	JJ
putih	NN
juga	RB
terpasang	VB
setengah	ID
tiang	NN
.	Z

''	Z
Tidak	RB
ada	VB
sedikit	RB
pun	P
pungutan	NN
.	Z

Ada	VB
warna	NN
apa	WH
saja	RB
.	Z

Asrama	NN
kami	PRP
lantainya	NNP
bersih	JJ
.	Z

Jakarta	NNP
-	SYM
Kejaksaan	NNP
Agung	NNP
(	Z
Kejagung	NNP
)	Z
tengah	RB
mengusut	VB
kasus	NN
dugaan	NN
korupsi	NN
pembangunan	NN
Pembangkit	NNP
Listrik	NNP
Tenaga	NNP
Uap	NNP
(	Z
PLTU	NNP
)	Z
di	IN
Sampit	NNP
,	Z
Kalimantan	NNP
Tengah	NNP
.	Z

Kini	NN
,	Z
pendemo	NN
sudah	RB
pulang	VB
.	Z

Jakarta	NNP
-	SYM
Kapolda	NNP
Sulselbar	NNP
Irjen	NNP
Anton	NNP
Setiadi	NNP
sudah	RB
mendapat	VB
laporan	NN
soal	NN
penangkapan	NN
Guru	NNP
Besar	NNP
Hukum	NNP
Unhas	NNP
Prof	NNP
Musakkir	NNP
di	IN
sebuah	DT
hotel	NN
bersama	VB
seorang	DT
mahasiswi	NN
.	Z

Ma	NNP
Li	NNP
masih	RB
mandi	VB
.	Z

Itu	PRD
menggambarkan	VB
ketidakmampuan	NN
pimpinan	NN
Polri	NNP
di	IN
Sumut	NNP
.	Z

Kejadian	NN
terjadi	VB
sekitar	RB
pukul	NN
01.30	SYM
WIB	NNP
,	Z
Jumat	NNP
(	Z
17/08/2012	SYM
)	Z
dini	NN
hari	NN
.	Z

Hem	UH
,	Z
bukakan	VB
pintu	NN
tak	RB
mau	MD
.	Z

Dari	IN
para	DT
pelaku	NN
,	Z
polisi	NN
menyita	VB
sejumlah	ID
barang	NN
bukti	NN
alat	NN
kejahatan	NN
.	Z

Jakarta	NNP
-	SYM
Ervan	NNP
Adi	NNP
Nugroho	NNP
,	Z
direktur	NN
PT	NNP
Paramount	NNP
Enterprise	NNP
International	NNP
pagi	NN
ini	PRD
mendatangi	VB
gedung	NN
Komisi	NNP
Pemberantasan	NNP
Korupsi	NNP
(	Z
KPK	NNP
)	Z
.	Z

Tiga	CD
kendaraan	NN
mulai	VB
dari	IN
depan	NN
sudah	RB
bisa	MD
menghentikan	VB
lajunya	NN
.	Z

''	Z
Saudara-saudara	NN
mari	UH
pulang	VB
.	Z

''	Z
Saya	PRP
akan	MD
tunggu	VB
prosesnya	NN
.	Z

Aksi	NN
ini	PRD
melibatkan	VB
puluhan	ID
orang	NN
tua	JJ
korban	NN
vaksin	NN
palsu	JJ
.	Z

Teman	NN
Anda	PRP
akan	MD
berada	VB
di	IN
kamar	NN
seberang	NN
kamar	NN
Anda	PRP
.	Z

Beberapa	ID
penginapan	NN
terlihat	VB
sepi	JJ
pengunjung	NN
.	Z

Anak	NN
kecil	JJ
tidak	RB
terhitung	VB
.	Z

Saya	PRP
bisa	MD
ancam	VB
saya	PRP
sendiri	PRF
via	IN
SMS	NNP
.	Z

Mereknya	NN
pun	P
terdengar	VB
trendi	JJ
.	Z

Kerjakanlah	NN
PR	NN
ini	PRD
dengan	IN
sebaik-baiknya	RB
.	Z

Anda	PRP
melihat	VB
Ma	NNP
Li	NNP
di	IN
rumahnya	NN
.	Z

Hasil	NN
pertandingan	NN
kesebelasan	NN
sepak	NN
bola	NN
kami	PRP
agak	RB
mengecewakan	VB
.	Z

Silakan	VB
bayar	VB
di	IN
kasir	NN
sana	PRD
.	Z

Mereka	PRP
berjalan	VB
menuju	VB
ke	IN
arah	NN
itu	PRD
.	Z

Ketua	NNP
Komisi	NNP
A	NNP
DPRD	NNP
Bagus	NNP
Santoso	NNP
mengungkapkan	VB
hal	NN
itu	PRD
dalam	IN
perbincangan	NN
detikcom	NNP
,	Z
Jumat	NNP
(	Z
29/07/2011	SYM
)	Z
di	IN
Pekanbaru	NNP
.	Z

Suasana	NN
memanas	VB
saat	SC
pemilihan	NN
pimpinan	NN
DPR	NNP
.	Z

Mobil	NN
jenis	NN
Renault	NNP
Kango	NNP
warna	NN
putih	NN
itu	PRD
pun	P
dijejerkan	VB
di	IN
halaman	NN
PMI	NNP
.	Z

Pohon	NN
tumbang	VB
di	IN
Semarang	NNP
(	Z
Angling	NNP
/	SYM
detikcom	NNP
)	Z

Anaknya	NN
dipukul	VB
oleh	IN
anak	NN
berandalan	VB
.	Z

Keterangan	NN
dari	IN
warga	NN
,	Z
hanya	RB
bisa	MD
didapat	VB
dari	IN
ketua	NN
RW	NNP
setempat	NN
.	Z

Adiknya	NN
dibesarkan	VB
oleh	IN
neneknya	NN
di	IN
desa	NN
.	Z

Tiba-tiba	RB
saja	RB
mereka	PRP
mengubah	VB
rencana	NN
itu	PRD
.	Z

Kepolisian	NN
Malaysia	NNP
masih	RB
menyelidiki	VB
insiden	NN
ini	PRD
.	Z

Menurutnya	PO
,	Z
saat	NN
ini	PRD
juga	RB
masih	RB
banyak	ID
pekerja	NN
di	IN
kantor	NN
Depkeu	NNP
.	Z

Saya	PRP
tidak	RB
terburu-buru	VB
kok	RB
.	Z

Coba	VB
tebak	VB
.	Z

Pengunjung	NN
bubar	VB
.	Z

Lama-lama	RB
api	NN
makin	RB
membesar	VB
.	Z

Saya	PRP
sudah	RB
tidak	RB
sabar	JJ
menunggu	VB
tibanya	NN
musim	NN
panas	JJ
.	Z

Modelnya	NN
memang	RB
sangat	RB
menarik	VB
.	Z

Setiap	DT
pagi	NN
kami	PRP
berolahraga	VB
bersama-sama	VB
.	Z

Saldo	NN
terakhirnya	RB
per	RB
Januari	NNP
2014	CD
adalah	MD
Rp	NNP
3,244	CD
miliar	CD
.	Z

BAGAIMANA	WH
DENGAN	IN
STRUKTUR	NN
ANGKATAN	NN
BERSENJATA	VB
MONGOLIA	NNP
?	Z

Anak	NN
kecil	JJ
itu	PRD
tidak	RB
berani	JJ
menyeberang	VB
.	Z

Angkanya	NN
saling	RB
menyusul	VB
di	IN
dua	CD
set	NN
pertama	OD
.	Z

Saat	SC
itu	PRD
,	Z
Gus	NNP
Solah	NNP
menjadi	VB
cawapres	NNP
.	Z

PR	NN
hari	NN
ini	PRD
perlu	VB
waktu	NN
kurang	RB
lebih	RB
jam	NN
.	Z

Pembeli	NN
tak	RB
usah	VB
terlalu	RB
banyak	RB
membuang	VB
waktu	NN
.	Z

''	Z
Soal	SC
mencari	VB
pintu	NN
lain	JJ
itu	PRD
hak	NN
dia	PRP
kepada	IN
Allah	NNP
,	Z
''	Z
imbuhnypa	X
.	Z

Ratusan	ID
ribu	CD
di	IN
antaranya	PO
mulai	VB
berani	JJ
kembali	VB
ke	IN
rumah	NN
masing-masing	PRP
pada	IN
Senin	NNP
(	Z
08-Dec	SYM
)	Z
.	Z

Apakah	WH
Bu	NN
Susi	NNP
ada	VB
.	Z

Adiknya	NN
setinggi	JJ
adik	NN
saya	PRP
.	Z

Nama-nama	NN
mereka	PRP
tertulis	VB
semua	ID
di	IN
buku	NN
.	Z

Mantan	JJ
anggota	NN
komisi	NN
IX	CD
itu	PRD
pun	P
mengaku	VB
lelah	JJ
.	Z

Saya	PRP
tidak	RB
mengejar	VB
merek	NN
kok	RB
.	Z

Polisi	NN
juga	RB
menangkap	VB
3	CD
orang	NN
lainnya	JJ
terkait	VB
pembobolan	NN
rekening	NN
di	IN
Bali	NNP
.	Z

Pergilah	VB
sekarang	NN
juga	RB
.	Z

Ketiga	JJ
,	Z
hubungan	NN
antar	IN
umat	NN
beragama	VB
sebanyak	ID
29	CD
kasus	NN
.	Z

Anaknya	NN
sudah	RB
pandai	JJ
membawa	VB
mobil	NN
.	Z

Atas	IN
keputusan	NN
majelis	NN
hakim	NN
tersebut	PRD
ketiga	OD
terdakwa	NN
menyatakan	VB
banding	NN
.	Z

Jakarta	NNP
-	SYM
Anggota	NN
Panja	NNP
RUU	NNP
Pilkada	NNP
Fraksi	NNP
PAN	NNP
,	Z
Yandri	NNP
Susanto	NNP
,	Z
mengkritik	VB
PDIP	NNP
.	Z

Hal	NN
itu	PRD
masih	RB
teringat	VB
olehmu	PO
.	Z

Pengadilan	NNP
Tipikor	NNP
daerah	NN
baru-baru	RB
ini	PRD
telah	RB
membebaskan	VB
29	CD
terdakwa	NN
korupsi	NN
.	Z

Hasil	NN
rekapitulasi	NN
tersebut	PRD
diserahkan	VB
Ketua	NNP
KIP	NNP
NAD	NNP
Muhammad	NNP
Jafar	NNP
kepada	IN
Wakil	NNP
Ketua	NNP
DPRD	NNP
	NNP
,	Z
Zainal	NNP
Abidin	NNP
.	Z

Mas	NN
,	Z
tolong	VB
dihitung	VB
.	Z

Pemain	NN
negara	NN
kita	PRP
,	Z
TJH	NNP
,	Z
melawan	VB
Susi	NNP
Susanti	NNP
.	Z

Sementara	NN
itu	PRD
,	Z
lalu	NN
lintas	NN
dari	IN
Jl	NNP
Gatot	NNP
Subroto	NNP
menuju	VB
Slipi	NNP
lancar	JJ
.	Z

Gulen	NNP
sendiri	PRF
telah	RB
membantah	VB
seluruh	ID
tudingan	NN
terhadap	IN
dirinya	PRF
.	Z

Pemilu	NNP
ini	PRD
kan	P
tinggal	VB
sebentar	RB
lagi	RB
.	Z

Di	IN
kampus	NN
ini	PRD
kan	P
dinding	NN
pun	P
punya	VB
telinga	NN
.	Z

Bajunya	NN
basah	JJ
kena	VB
air	NN
.	Z

Baju	NN
ditarik	VB
ke	IN
atas	IN
.	Z

Terus	RB
,	Z
bagaimana	WH
Kira-kira	RB
berapa	WH
jauh	JJ
dari	IN
halte	NN
Taman	NNP
Yuexiu	NNP
ke	IN
Hotel	NNP
Dongfang	NNP
.	Z

Air	NN
liurku	NN
hampir	RB
menetes	VB
.	Z

Jakarta	NNP
-	SYM
Tak	RB
henti-hentinya	RB
aksi	NN
demonstrasi	NN
berlangsung	VB
di	IN
Jakarta	NNP
.	Z

Di	IN
hadapan	NN
Ketua	NNP
Majelis	NNP
Hakim	NNP
Fetriyanti	NNP
Cut	NNP
memberikan	VB
keterangannya	NN
.	Z

Suasana	NN
halaman	NN
Kemenkum	NNP
HAM	NNP
meriah	VB
!	Z

Orang	NN
tuanya	JJ
cukup	RB
mampu	MD
.	Z

Akhirnya	RB
mereka	PRP
tiba	VB
di	IN
Tib�t	NNP
.	Z

Jakarta	NNP
-	SYM
Pemprov	NN
DKI	NNP
Jakarta	NNP
berencana	VB
memindahkan	VB
event	FW
Pekan	NNP
Raya	NNP
Jakarta	NNP
(	Z
PRJ	NNP
)	Z
dari	IN
arena	NN
Jakarta	NNP
International	NNP
Expo	NNP
di	IN
Kemayoran	NN
ke	IN
kawasan	NN
Monas	NNP
.	Z

Alhasil	SC
kondisi	NN
ini	PRD
membuat	VB
tokoh	NN
nasional	JJ
resah	JJ
.	Z

Terus	RB
dapat	VB
informasi	NN
beasiswa	NN
ini	PRD
dari	IN
mana	WH
?	Z
''	Z
tanya	VB
M.	NNP
Nuh	NNP
lagi	RB
.	Z
''	Z
3,5	CD
,	Z
Pak	NN
.	Z

Dia	PRP
datang	VB
lewat	VB
lorong	NN
kecil	JJ
.	Z

Dia	PRP
sudah	RB
minum	VB
air	NN
pagi	NN
ini	PRD
.	Z

Hai	UH
,	Z
aku	PRP
terlambat	VB
lagi	RB
.	Z

Jakarta	NNP
-	SYM
KPK	NNP
kali	NN
ini	PRD
menjadwalkan	VB
pemeriksaan	NN
terhadap	IN
tersangka	NN
kasus	NN
suap	NN
di	IN
lingkungan	NN
SKK	NNP
Migas	NNP
,	Z
Artha	NNP
Meris	NNP
Simbolon	NNP
.	Z

mereka	PRP
juga	RB
saling	RB
tukar	VB
menukar	VB
informasi	NN
keamanan	NN
.	Z

Kami	PRP
membersihkan	VB
asrama	NN
kami	PRP
tiga	CD
kali	NN
dalam	IN
satu	CD
minggu	NN
.	Z

Jasad	NNP
Fredy	NNP
ditemukan	VB
warga	NN
Bekasi	NNP
Utara	NNP
,	Z
Jumat	NNP
(	Z
24-Apr	SYM
)	Z
pukul	NN
01.30	SYM
WIB	NNP
.	Z

Ya	UH
,	Z
dia	PRP
sudah	RB
datang	VB
.	Z

Rumah	NN
kecil	JJ
itu	PRD
akan	MD
dibesarkan	VB
.	Z

Orang	NN
tua	JJ
masih	RB
ada	VB
.	Z

Ruang	NN
kelas	NN
kami	PRP
sangat	RB
bersih	JJ
.	Z

Jakarta	NNP
-	SYM
Polisi	NN
masih	RB
mengintesifkan	VB
upaya	NN
pengungkapan	NN
identitas	NN
korban	NN
.	Z

Jules	NNP
didakwa	VB
telah	RB
merugikan	VB
negara	NN
sebesar	JJ
Rp	NNP
36,589	CD
miliar	CD
.	Z

Tantowi	NNP
sendiri	PRF
akan	MD
berkunjung	VB
ke	IN
Polandia	NNP
.	Z

Vivek	NNP
lahir	VB
di	IN
sini	PRD
.	Z

Tidak	RB
ada	VB
pertimbangan	NN
kenyamanan	NN
lagi	RB
.	Z

Bukti	NN
akan	MD
diserahkan	VB
ke	IN
Peradi	NNP
.	Z

Adik	NN
pun	P
merangkul	VB
kakak	NN
.	Z

Mega	NNP
hanya	RB
akan	MD
menyerahkan	VB
nama	NN
seorang	DT
pengganti	NN
Taufiq	NNP
Kiemas	NNP
.	Z

Kami	PRP
berdua	CD
memang	RB
ditakdirkan	VB
untuk	IN
bersama	RB
.	Z

Bisa	MD
diikuti	VB
.	Z

Mereka	PRP
semuanya	RB
bisa	MD
bernyanyi	VB
.	Z

Kami	PRP
punya	VB
kuang	NN
lebih	NN
orang	NN
buruh	NN
.	Z

Dia	PRP
pergi	VB
juga	RB
.	Z

Tempat	NN
ini	PRD
menjadi	VB
saksi	NN
pertemuan	NN
kedua	CD
orang	NN
besar	JJ
itu	PRD
.	Z

Saat	SC
ini	PRD
,	Z
pedagang	NN
tengah	RB
menunggu	VB
kepastian	NN
mengenai	IN
nasib	NN
mereka	PRP
.	Z

Jakarta	NNP
-	SYM
Ramadan	NN
bulan	NN
penuh	JJ
berkah	NN
.	Z

Dalam	IN
putusannya	NN
,	Z
Mahkamah	NNP
Partai	NNP
Golkar	NNP
menyebut	VB
Munas	NNP
Ancol	NNP
lebih	RB
demokratis	JJ
.	Z

Ambillah	VB
sebanyak	ID
mungkin	RB
.	Z

Kementerian	NNP
Perhubungan	NNP
akan	MD
memperketat	VB
pemeriksaan	NN
narkotika	NN
kepada	IN
para	DT
pilot	NN
.	Z

Jakarta	NNP
-	SYM
Nasib	NN
naas	JJ
menimpa	VB
dua	CD
pemotor	NN
di	IN
Jakarta	NNP
Utara	NNP
.	Z

Air	NN
sungai	NN
ditepuk-tepuk	VB
untuk	IN
mengarahkan	VB
ketiga	CD
lumba-lumba	NN
itu	PRD
ke	IN
hilir	NN
.	Z

Dia	PRP
membawa	VB
cukup	RB
banyak	ID
bekal	NN
.	Z

Dia	PRP
hampir	RB
setiap	DT
hari	NN
kena	VB
maki	VB
waktu	NN
kecil	JJ
.	Z

Apalagi	CC
bangunan	NN
di	IN
lokasi	NN
THR	NNP
itu	PRD
kini	RB
menjadi	VB
'	Z
pusat	NN
'	Z
kos-kosan	NN
.	Z

Kerjanya	NN
mereka	PRP
ini	PRD
apa	WH
sih	UH
,	Z
ngoceh	VB
melulu	RB
.	Z

Itu	PRD
sudah	RB
diterima	VB
Amerika	NNP
.	Z

Bripka	NNP
Guntur	NNP
pun	P
kini	RB
diperiksa	VB
Polres	NNP
Palu	NNP
atas	IN
dugaan	NN
kelalaian	NN
.	Z

Kondisinya	NN
tidak	RB
kinclong	VB
lagi	RB
.	Z

Cara	NN
belajar	VB
mereka	PRP
berbeda-beda	VB
.	Z

Kuala	NNP
Lumpur	NNP
-	SYM
Lagi-lagi	RB
berita	NN
menyedihkan	JJ
mengenai	IN
TKI	NNP
di	IN
luar	NN
negeri	NN
.	Z

Kereta	NN
api	NN
berjalan	VB
menurut	VB
rel	NN
.	Z

Kita	PRP
selalu	RB
dianggap	VB
remeh	JJ
.	Z

Phelps	NNP
mencetak	VB
tujuh	CD
rekor	NN
dunia	NN
di	IN
kolam	NN
renang	NN
.	Z

Akibatnya	RB
40	CD
orang	NN
tewas	VB
.	Z

Keamanan	NN
di	IN
sejumlah	ID
titik	NN
pun	P
diperketat	VB
.	Z

Polri	NNP
menunggu	VB
hasil	NN
Kemenlu	NNP
.	Z

Total	NN
sembilan	CD
orang	NN
ditangkap	VB
saat	SC
itu	PRD
.	Z

Saya	PRP
meminjam	VB
buku	NN
di	IN
perpustakaan	NN
.	Z

Adik	NN
sudah	RB
pergi	VB
ke	IN
Shanghai	NNP
.	Z

Ini	PRD
tanda	NN
terimanya	NN
.	Z

Kotak	NN
itu	PRD
lalu	SC
diturunkan	VB
dua	CD
anggota	NN
linmas	NN
.	Z

Mereka	PRP
adalah	MD
Sholeh	NNP
(	Z
warga	NN
Garut	NNP
,	Z
penjaga	NN
rumah	NN
)	Z
,	Z
Andriansyah	NNP
(	Z
warga	NN
Jakarta	NNP
,	Z
staf	NN
kantor	NN
)	Z
,	Z
Agus	NNP
(	Z
warga	NN
Jakarta	NNP
,	Z
tamu	NN
)	Z
,	Z
Yanto	NNP
Fadhilah	NNP
(	Z
staf	NN
bagian	NN
dakwah	NN
JAT	NNP
Jakarta	NNP
)	Z
,	Z
dan	CC
Mahali	NNP
(	Z
warga	NN
Ciamis	NNP
,	Z
tamu	NN
)	Z
.	Z

''	Z
Kemasan	NN
nasi	NN
bungkus	NN
itu	PRD
menyediakan	VB
lauk	NN
ikan	NN
tongkol	NN
.	Z

Untuk	IN
bertamasya	VB
.	Z

Delegasi	NN
Indonesia	NNP
dipimpim	VB
oleh	IN
Menhan	NNP
Juwono	NNP
Sudarsono	NNP
.	Z

''	Z
Bagi	IN
kita	PRP
,	Z
reshuffle	FW
bagus	JJ
,	Z
tidak	RB
reshuffle	FW
juga	RB
bagus	JJ
.	Z

Ada	VB
berapa	WH
Karsih	NNP
?	Z

Bersatulah	VB
rakyat	NN
negeri	NN
kita	PRP
.	Z

Konvoi	NN
telah	RB
dimulai	VB
pukul	NN
09.45	SYM
WIB	NNP
.	Z

Program	NN
KJS	NNP
tak	RB
sepenuhnya	RB
bisa	MD
disalahkan	VB
untuk	IN
utang	NN
tersebut	PRD
.	Z

Dia	PRP
pun	P
dibawa	VB
ke	IN
RS	NNP
Pertamina	NNP
.	Z

Pukul	NN
03.19	SYM
WIB	NNP
,	Z
pemotor	NN
mengalami	VB
kecelakaan	NN
di	IN
Bunderan	NNP
HI	NNP
,	Z
Jl	NNP
MH	NNP
Thamrin	NNP
.	Z

Serangan	NN
mortir	NN
itu	PRD
terjadi	VB
pada	IN
sekitar	RB
pukul	NN
07.40	SYM
waktu	NN
setempat	NN
.	Z

Di	IN
hari	NN
kedua	OD
,	Z
SBY	NNP
kembali	RB
akan	MD
menerima	VB
penganugerahan	NN
gelar	NN
kehormatan	NN
.	Z

Terus	RB
sekarang	NN
kamu	PRP
mau	MD
gimana	WH
sama	IN
Rangga	NNP
.	Z

Harder	NNP
dihukum	VB
lima	CD
tahun	NN
penjara	NN
.	Z

Di	IN
survei	NN
internal	JJ
Golkar	NNP
,	Z
Jokowi	NNP
juga	RB
cukup	RB
'	Z
mengancam	VB
'	Z
.	Z

Tema	NN
WEFEA	NNP
kali	NN
ini	PRD
adalah	MD
''	Z
leveraging	FW
growth	FW
for	NNP
equitable	FW
progress	FW
.	Z
''	Z

Lafal	NN
Allah	NNP
dalam	IN
tulisan	NN
Arab	NNP
itu	PRD
memang	RB
sangat	RB
jelas	JJ
terlihat	VB
.	Z

''	Z
Akibatnya	RB
harga	NN
besi	NN
tua	JJ
itu	PRD
menjadi	VB
rendah	JJ
.	Z

Kalah	VB
kok	RB
dikatakan	VB
canggih	JJ
.	Z

Awalnya	RB
,	Z
dua	CD
penumpang	NN
gelap	JJ
tersebut	PRD
ditemukan	VB
.	Z

Kami	PRP
akan	MD
segera	RB
menyusun	VB
surat	NN
perjanjian	NN
.	Z

OP	NNP
dilakukan	VB
di	IN
20	CD
titik	NN
di	IN
Jateng	NNP
.	Z

Dia	PRP
bukan	RB
adik	NN
saya	PRP
.	Z

Bus	NN
tidak	RB
melewati	VB
sekolah	NN
kami	PRP
.	Z

Tembok	NNP
Besar	NNP
sungguh	RB
tak	RB
ternilai	VB
bagi	IN
tanah	NN
air	NN
kita	PRP
.	Z

Pada	IN
pukul	NN
kami	PRP
mulai	VB
kuliah	VB
.	Z

Sebagian	NN
kendaraan	NN
juga	RB
diparkir	VB
di	IN
belakang	NN
gedung	NN
kementerian	NN
itu	PRD
.	Z

Belum	RB
ada	VB
keterangan	NN
resmi	JJ
dari	IN
polisi	NN
mengenai	IN
asal	IN
bom	NN
.	Z

Bisa	MD
duduk	VB
dekat	JJ
jendela	NN
.	Z

Kalian	PRP
kebanyakan	ID
malas-malas	JJ
.	Z

Insiden	NN
ini	PRD
menuai	VB
sindiran	NN
dari	IN
para	DT
pengguna	NN
media	NN
sosial	NN
setempat	NN
,	Z
Sina	NNP
Weibo	NNP
.	Z

Di	IN
Ngruki	NNP
saya	PRP
belajar	VB
mengenai	IN
Islam	NNP
secara	IN
sebenar-benarnya	RB
.	Z

Sekarang	NN
tinggal	VB
kontrol	NN
masyarakatnya	NN
lebih	RB
ketat	JJ
.	Z

Nindu	NNP
kembali	VB
mengulang	VB
jawabannya	NN
.	Z

Dia	PRP
datang	VB
bersama	RB
3	CD
stafnya	NN
.	Z

Sebagian	NN
besar	JJ
dari	IN
mereka	PRP
adalah	MD
warga	NN
sipil	JJ
.	Z

Jakarta	NNP
-	SYM
Ryan	NNP
tampaknya	RB
berdarah	VB
dingin	JJ
.	Z

Jakarta	NNP
-	SYM
Petugas	NNP
Dinas	NNP
Perhubungan	NNP
membersihkan	VB
ranjau	NN
paku	NN
di	IN
kawasan	NN
Roxy	NNP
,	Z
Jakarta	NNP
Pusat	NNP
.	Z

Akibatnya	RB
,	Z
anak	NN
malang	JJ
tersebut	PRD
mengalami	VB
beberapa	ID
penyakit	NN
kelamin	NN
.	Z

Washington	NNP
-	SYM
Hubungan	NN
AS	NNP
-	SYM
Kuba	NNP
memanas	VB
.	Z

Dia	PRP
tahun	NN
lebih	RB
muda	JJ
dari	IN
saya	PRP
.	Z

Kita	PRP
berangkat	VB
,	Z
ya	UH
.	Z

Kita	PRP
masih	RB
menghargai	VB
pembicaraan	NN
teman-teman	NN
mitra	NN
koalisi	NN
terutama	RB
Foke-Demokrat	NNP
.	Z

Status	NN
wall-nya	NN
penuh	JJ
dengan	IN
ucapan	NN
penyesalan	NN
.	Z

Mereka	PRP
membawa	VB
keranda	NN
mayat	NN
.	Z

Sebuah	DT
kontainer	NN
asal	NN
dari	IN
Shenzen	NNP
,	Z
China	NNP
,	Z
tujuan	NN
Indonesia	NNP
tiba	VB
8	CD
Mei	NNP
2012	CD
.	Z

Memang	RB
dia	PRP
ruangannya	NN
terpisah	VB
.	Z

Kontraknya	NN
sudah	RB
siap	VB
.	Z

Sidoarjo	NNP
-	SYM
Suasana	NN
duka	JJ
menyelimuti	VB
rumah	NN
pilot	NN
AdamAir	NNP
Kapten	NNP
Pilot	NNP
Refri	NNP
Agus	NNP
Widodo	NNP
.	Z

Bella	NNP
sudah	RB
membayar	VB
tunai	NN
biaya	NN
sewa	VB
apartemen	NN
itu	PRD
.	Z

Boleh	MD
saya	PRP
tahu	VB
harga	NN
CIF	NNP

Semarang	NNP
-	SYM
Misteri	NN
kematian	NN
Jaksa	NN
Umbu	NNP
terungkap	VB
.	Z

Mas	NN
suka	VB
baju	NN
ini	PRD
enggak	RB
.	Z

Aduh	UH
,	Z
gobloknya	NN
bukan	RB
main	VB
.	Z

Seorang	DT
pemuda	NN
baru	RB
masuk	VB
ke	IN
kamar	NN
.	Z

Yuddy	NNP
akan	MD
kembali	RB
berkarya	VB
di	IN
Universitas	NNP
Nasional	NNP
di	IN
Jakarta	NNP
.	Z

Datangnya	NN
agak	RB
di	IN
luar	NN
dugaan	NN
saya	PRP
.	Z

Ini	PRD
peringatan	NN
keras	JJ
buat	IN
para	DT
perokok	NN
.	Z

Angin	NN
ini	PRD
mengandung	VB
banyak	ID
air	NN
.	Z

Jakarta	NNP
-	SYM
Memasuki	VB
awal	NN
tahun	NN
baru	JJ
2012	CD
,	Z
para	DT
anggota	NN
DPR	NNP
kembali	RB
disorot	VB
.	Z

Hakim	NN
memberikan	VB
kesempatan	NN
kepada	IN
tim	NN
kuasa	NN
hukum	NN
terdakwa	NN
Yayan	NNP
.	Z

Dia	PRP
yakin	VB
kondisi	NN
di	IN
Papua	NNP
sudah	RB
jauh	RB
lebih	RB
baik	JJ
di	IN
banding	NN
dahulu	NN
.	Z

Apakah	WH
Anda	PRP
dapat	MD
menyelesaikan	VB
latihan	NN
ini	PRD
.	Z

Baju	NN
itu	PRD
masih	RB
terletak	VB
di	IN
dalam	IN
lemari	NN
.	Z

Tuduhan	NN
ini	PRD
berulang	VB
kali	NN
dibantah	VB
negara	NN
republik	NN
Islam	NNP
itu	PRD
.	Z

Gelas	NN
itu	PRD
sudah	RB
penuh	JJ
dengan	IN
air	NN
.	Z

Tolong	VB
ya	UH
.	Z

Saat	NN
ini	PRD
sedang	RB
berlangsung	VB
tanggapan	NN
dari	IN
partai	NN
politik	NN
atas	IN
pembacaan	NN
rekapitulasi	NN
hasil	NN
verifikasi	NN
di	IN
tingkat	NN
provinsi	NN
.	Z

Syukur	UH
,	Z
regu	NN
kami	PRP
bisa	MD
unggul	JJ
dalam	IN
pertandingan	NN
itu	PRD
.	Z

Kesepian	NN
malam	NN
semacam	RB
itu	PRD
menakutkan	VB
.	Z

Siapa	WH
lagi	RB
berulah	VB
?	Z

Nasihat	NN
orang	NN
tua	JJ
itu	PRD
sia-sia	JJ
saja	RB
bagi	IN
anaknya	NN
.	Z

Mereka	PRP
bergambar	VB
di	IN
halaman	NN
depan	NN
rumah	NN
Pak	NNP
Li	NNP
.	Z

Surabaya	NNP
-	SYM
Wali	NN
Kota	NNP
Surabaya	NNP
Tri	NNP
Rismaharini	NNP
tidak	RB
permasalahkan	NN
PNS	NNP
mengantar	VB
anak	NN
ke	IN
sekolah	NN
di	IN
hari	NN
pertama	OD
.	Z

Saya	PRP
akan	MD
pulang	VB
/	SYM
kembali	VB
ke	IN
asrama	NN
saya	PRP
.	Z

Secara	IN
keseluruhan	NN
,	Z
kami	PRP
tidak	RB
melihat	VB
ancaman	NN
terorisme	NN
nyata	JJ
di	IN
Maladewa	NNP
.	Z

Kita	PRP
jalan	VB
bersama-sama	VB
,	Z
ya	RB
.	Z

Saya	PRP
tinggal	VB
di	IN
asrama	NN
.	Z

Kehadirannya	NN
pada	IN
malam	NN
gembira	JJ
itu	PRD
sekali-kali	RB
bukan	RB
atas	IN
kemauannya	NN
.	Z

Sebaiknya	RB
kalian	PRP
menyelesaikan	VB
pekerjaan	NN
ini	PRD
dalam	IN
waktu	NN
tertentu	JJ
.	Z

Menlu	NNP
Marty	NNP
Natalegawa	NNP
menampik	VB
.	Z

Gawangnya	NN
kebobolan	VB
tiga	CD
gol	NN
.	Z

Pelurunya	NN
menembus	VB
pantat	NN
.	Z

Dari	IN
tempat	NN
itu	PRD
,	Z
mereka	PRP
akan	MD
melakukan	VB
longmarch	FW
menuju	VB
gedung	NN
DPRD	NNP
DIY	NNP
di	IN
Jl	NNP
Maliboro	NNP
.	Z

Saya	PRP
lihat-lihat	VB
dulu	RB
.	Z

Mereka	PRP
hanya	RB
akan	MD
muncul	VB
di	IN
tempat	NN
tertentu	JJ
.	Z

Dia	PRP
kerap	RB
blusukan	VB
ke	IN
sekolah-sekolah	NN
di	IN
Kalimantan	NNP
Barat	NNP
.	Z

Pecahlah	JJ
perang	NN
saudara	NN
dalam	IN
sejarah	NN
AS	NNP

Saya	PRP
enggak	RB
bisa	MD
terima	VB
.	Z

Apel	NN
itu	PRD
dipetik	VB
oleh	IN
Li	NNP
Li	NNP
.	Z

Bagaimana	WH
kalau	SC
Sabtu	NNP
.	Z

''	Z
Dari	IN
hasil	NN
(	Z
pertemuan	NN
)	Z
tadi	NN
rencananya	NN
mau	MD
ditingkatkan	VB
ke	IN
penyidikan	NN
.	Z

Anda	PRP
sudah	RB
mempelajari	VB
proposal	NN
kami	PRP
.	Z

Samuel	NNP
Pang	NNP
adalah	MD
adik	NN
kelas	NN
Felix	NNP
.	Z

Jakarta	NNP
-	SYM
Perpanjangan	NN
cuti	VB
bersama	RB
lebaran	NN
2007	CD
ditanggapi	VB
beragam	VB
.	Z

Perintah	NN
atasanmu	NN
kok	RB
disangkal	VB
.	Z

Jakarta	NNP
-	SYM
Reshuffle	FW
Kabinet	NNP
Indonesia	NNP
Bersatu	VB
dianggap	VB
tidak	RB
relevan	JJ
.	Z

Hal	NN
ini	PRD
dijelaskan	VB
Wakil	NNP
Ketua	NNP
Komite	NNP
Etik	NNP
Munaslub	NNP
Lawrence	NNP
TP	NNP
Siburian	NNP
di	IN
Bali	NNP
Nusa	NNP
Dua	NNP
Convention	NNP
Center	NNP
,	Z
Jumat	NNP
(	Z
13/05/2016	SYM
)	Z
malam	NN
.	Z

Angkutan	NN
diparkir	VB
di	IN
kawasan	NN
terminal	NN
Pangkerang	NNP
.	Z

Nachrowi	NNP
berterima	VB
kasih	VB
atas	IN
omongan	NN
Ahok	NNP
tersebut	PRD
.	Z

Urusan	NN
rumah	NN
tangga	NN
ditangani	VB
oleh	IN
isterinya	NN
sendiri	PRF
.	Z

Rencana	NN
reshuffle	FW
sempat	MD
dihembuskan	VB
Presiden	NNP
SBY	NNP
Minggu	NNP
15	CD
April	NNP
.	Z

Dalyono	NNP
diperiksa	VB
subdit	NNP
Jatanras	NNP
Ditreskrimum	NNP
Polda	NNP
Metro	NNP
Jaya	NNP
pada	IN
Kamis	NNP
(	Z
07-Nov	SYM
)	Z
malam	NN
.	Z

Suasana	NN
juga	RB
sempat	MD
ricuh	JJ
.	Z

Limbah	NN
kota	NN
berbahaya	VB
bagi	IN
kesehatan	NN
penduduk	NN
kota	NN
.	Z

''	Z
Prosedurnya	NN
harus	MD
ada	VB
permintaan	NN
(	Z
pembatalan	NN
keppres	NNP
)	Z
resmi	JJ
dari	IN
Ketua	NNP
DPR	NNP
melalui	IN
Setneg	NNP
.	Z

Saat	SC
ini	PRD
,	Z
Robert	NNP
telah	RB
divonis	VB
4	CD
tahun	NN
penjara	NN
oleh	IN
Pengadilan	NNP
Negeri	NNP
Jakarta	NNP
Pusat	NNP
.	Z

Hidup	VB
orang	NN
kaya	JJ
itu	PRD
berlebih-lebihan	VB
.	Z

Akhir	NN
tahun	NN
boleh	MD
.	Z

Jaksa	NN
Cirus	NNP
lantas	RB
menimpali	VB
balik	VB
.	Z

Kabut	NN
asap	NN
sudah	RB
lebih	RB
dari	IN
1	CD
bulan	NN
ini	PRD
menyelimuti	VB
sejumlah	ID
wilayah	NN
di	IN
Malaysia	NNP
.	Z

Harta	NN
Plt	NNP
Ketua	NNP
KPK	NNP
Tumpak	NNP
H	NNP
Panggabean	NNP
per	RB
8	CD
Januari	NNP
2010	CD
mencapai	VB
Rp	NNP
2.642.679.000	CD
.	Z

Pertemuan	NN
tersebut	PRD
untuk	IN
membahas	VB
pengerahan	NN
tentara	NN
AS	NNP
.	Z

Saya	PRP
sendiri	PRF
masih	RB
belum	RB
membaca	VB
.	Z

Selain	IN
di	IN
Tendean	NNP
,	Z
Satpol	NNP
PP	NNP
juga	RB
telah	RB
mulai	VB
mencopoti	VB
atribut	NN
kampanye	NN
di	IN
kawasan	NN
Dharmawangsa	NNP
.	Z

Kehidupan	NN
16	CD
wanita	NN
ini	PRD
tidaklah	P
mudah	JJ
.	Z

Identitasnya	NN
juga	RB
berubah	VB
.	Z

Pukul	NN
setengah	ID
delapan	CD
kami	PRP
sudah	RB
berada	VB
dalam	IN
ruang	NN
kelas	NN
.	Z

Berita	NN
ini	PRD
masih	RB
akan	MD
dilengkapi	VB

Bagaimana	WH
ada	VB
efek	NN
jera	JJ
?	Z

Siapa	WH
yang	PRL
mengurus	VB
pabrik	NN
ini	PRD
.	Z

Bandung	NNP
-	SYM
Gubernur	NNP
DKI	NNP
Jakarta	NNP
Joko	NNP
Widodo	NNP
(	Z
Jokowi	NNP
)	Z
urung	VB
memberikan	VB
kuliah	NN
umum	JJ
di	IN
Kampus	NNP
ITB	NNP
.	Z

Penangguhan	NN
penahanan	NN
para	DT
terdakwa	NN
sangat	RB
melukai	VB
perasaan	NN
keluarga	NN
korban	NN
.	Z

Sejumlah	ID
spanduk	NN
dibentangkan	VB
oleh	IN
mahasiswa	NN
.	Z

Mohon	VB
dimatikan	VB
HP	NNP

Pada	IN
perhitungan	NN
pertama	OD
Amien-Siswono	NNP
meraih	VB
105	CD
suara	NN
.	Z

Ngomongnya	NN
jangan	RB
sembarangan	JJ
.	Z

Ke	IN
mana	WH
mereka	PRP
pergi	VB
.	Z

Mereka	PRP
suka	VB
berolahraga	VB
setiap	DT
hari	NN
.	Z

Keluarga	NN
Paniyah	NNP
ikut	VB
angkat	VB
bicara	VB
.	Z

Mereka	PRP
masih	RB
belum	RB
masuk	VB
.	Z

Kami	PRP
menginap	VB
semalam	RB
di	IN
hotel	NN
ini	PRD
.	Z

Selain	IN
di	IN
kawasan	NN
gerbang	NN
tol	NN
Pondok	NNP
Pinang	NNP
,	Z
penilangan	NN
juga	RB
dilakukan	VB
di	IN
kawasan	NN
sekitar	RB
Stasiun	NNP
Pal	NNP
Merah	NNP
,	Z
Jakbar	NNP
.	Z

Ketepatan	NN
pengambilan	NN
kesimpulan	NN
bergantung	VB
pada	IN
tiga	CD
unsur	NN
kebenaran	NN
.	Z

Kairo	NNP
-	SYM
Empat	CD
warga	NN
Palestina	NNP
dilaporkan	VB
diculik	VB
di	IN
wilayah	NN
Semenanjung	NNP
Peninsula	NNP
,	Z
Mesir	NNP
.	Z

Golkar	NNP
merupakan	MD
koordinator	NN
dari	IN
KMP	NNP
.	Z

Mudah-mudahan	RB
kenaikannya	NN
tidak	RB
terlalu	RB
tinggi	JJ
.	Z

Penyebab	NN
kecelakaan	NN
pun	P
belum	RB
diketahui	VB
.	Z

Kendaraan	NN
barracuda	NN
juga	RB
disiagakan	VB
.	Z

Jadi	SC
total	NN
jenderal	NN
ada	VB
59	CD
orang	NN
.	Z

Kota	NN
ini	PRD
telah	RB
terbentuk	VB
jauh	JJ
pada	IN
zaman	NN
Dinasti	NNP
Zhou	NNP
.	Z

Puan	NNP
sedikit	RB
membocorkan	VB
figur	NN
pengganti	NN
Taufiq	NNP
Kiemas	NNP
.	Z

Kekacauan	NN
terus	RB
terjadi	VB
di	IN
jalan-jalan	NN
ibukota	NN
Haiti	NNP
,	Z
Port-au-Prince	NNP
pada	IN
Minggu	NNP
,	Z
17	CD
Januari	NNP
waktu	NN
setempat	NN
.	Z

Pada	IN
tiang	NN
gantungan	NN
,	Z
polisi	NN
tidak	RB
menemukan	VB
bekas	NN
tali	NN
.	Z

Aksi	NN
geng	NN
motor	NN
di	IN
Bandung	NNP
memang	RB
sudah	RB
cukup	RB
meresahkan	VB
warga	NN
Bandung	NNP
.	Z

Ia	PRP
meninggal	VB
dunia	NN
pukul	NN
12.00	SYM
WIB	NNP
,	Z
Kamis	NNP
(	Z
03/02/2005	SYM
)	Z
.	Z

Jakarta	NNP
-	SYM
Sekitar	IN
20	CD
mahasiswa	NN
Universitas	NNP
Nasional	NNP
(	Z
Unas	NNP
)	Z
mendatangi	VB
Kantor	NN
Ikatan	NNP
Dokter	NNP
Indonesia	NNP
(	Z
IDI	NNP
)	Z
.	Z

Presiden	NNP
SBY	NNP
akan	MD
menerima	VB
gelar	NN
Order	NNP
of	IN
Sikatuna	NNP
with	IN
the	DT
rank	NNP
of	IN
Raja	NNP
(	Z
Grand	NNP
Collar	NNP
)	Z
dari	IN
Pemerintah	NNP
Filipina	NNP
.	Z

dalam	IN
rangka	NN
memperingati	VB
hari	NN
sumpah	NN
pemuda	NN
.	Z

Pasukan	VB
oranya	X
disebar	VB
ke	IN
setiap	DT
kelurahan	NN
.	Z

Dia	PRP
lahir	VB
di	IN
Shanghai	NNP
.	Z

''	Z
Saya	PRP
minta	VB
Menkumham	NNP
bertangungjawab	VB
.	Z

Menurut	IN
Sapto	NNP
,	Z
masih	RB
dalam	IN
penyelidikan	NN
penyebab	NN
lori	NN
jalan	VB
sendiri	PRF
.	Z

Jakarta	NNP
-	SYM
Kemacetan	NN
sore	NN
ini	PRD
tidak	RB
hanya	RB
terjadi	VB
di	IN
jalur	NN
arteri	NN
saja	RB
.	Z

Ada	VB
ikan	NN
tidak	RB
.	Z

Ketum	NNP
Patai	NNP
Demokrat	NNP
(	Z
PD	NNP
)	Z
Prof.	NNP
Dr.	NNP
Budhisantoso	NNP
menjabarkan	VB
pernyataan	NN
SBY	NNP
di	IN
depan	NN
25	CD
purnawirawan	NN
jenderal	NN
TNI	NNP
itu	PRD
.	Z

Aksi	NN
ini	PRD
dilakukan	VB
sekitar	RB
pukul	NN
16.00	SYM
Wita	NNP
,	Z
Jumat	NNP
(	Z
10/11/2006	SYM
)	Z
.	Z

Jangan	RB
coba-coba	VB
main	VB
api	NN
.	Z

Pabrik	NN
itu	PRD
banyak	ID
menyerap	VB
tenaga	NN
buruh	NN
.	Z

Anggaran	NN
Dasar	NN
PKB	NNP
merujuk	VB
pada	IN
AD	NNP
NU	NNP
.	Z

Di	IN
TPS	NNP
132	CD
ini	PRD
sempat	MD
terjadi	VB
pengulangan	NN
perhitungan	NN
suara	NN
.	Z

Saat	SC
ini	PRD
polisi	NN
masih	RB
menyelidiki	VB
peristiwa	NN
ini	PRD
.	Z

Rupanya	RB
Mubarok	NNP
tak	RB
ingin	MD
serius	JJ
menghadapi	VB
konvensi	NN
capres	NNP
PD	NNP
.	Z

Perkawinan	NN
mereka	PRP
berdua	CD
telah	RB
disepakati	VB
oleh	IN
keluarga	NN
kedua	CD
belah	NN
pihak	NN
.	Z

Susno	NNP
dituduh	VB
terlibat	VB
dalam	IN
kasus	NN
suap	NN
terkait	VB
penanganan	NN
kasus	NN
PT	NNP
Salmah	NNP
Arowana	NNP
Lestari	NNP
(	Z
SAL	NNP
)	Z
.	Z

Li	NNP
Li	NNP
akan	MD
mengembalikan	VB
buku	NN
itu	PRD
pada	IN
akhir	NN
bulan	NN
ini	PRD
.	Z

Saya	PRP
ketuk	VB
pintu	NN
masih	RB
dibukakan	VB
.	Z

Buritan	NN
kapal	NN
juga	RB
berada	VB
di	IN
geladak	NN
ini	PRD
.	Z

Beberapa	ID
saksi	NN
dari	IN
pegawai	NN
showroom	FW
masih	RB
diperiksa	VB
.	Z

Kita	PRP
tunggu	VB
hasil	NN
pemeriksaan	NN
dulu	RB
.	Z

Gerakan	NN
ini	PRD
juga	RB
mendapatkan	VB
dukungan	NN
dari	IN
kelompok	NN
katolik	NN
.	Z

Jakarta	NNP
-	SYM
Presiden	NNP
Joko	NNP
Widodo	NNP
akan	MD
segera	RB
menaikkan	VB
harga	NN
BBM	NNP
subsidi	NN
.	Z

Novanto	NNP
hari	NN
ini	PRD
ngantor	VB
ke	IN
DPR	NNP
menggunakan	VB
mobil	NN
Jaguar	NNP
XJL	NNP
.	Z

Asrama	NN
kami	PRP
tidak	RB
bersih	JJ
,	Z
tidak	RB
teratur	VB
juga	RB
.	Z

Mentimun	NN
itu	PRD
murah	JJ
harganya	NN
.	Z

Lokasi	NN
kebakaran	NN
tepatnya	RB
di	IN
Jalan	NNP
H	NNP
Yahya	NNP
,	Z
Kelurahan	NNP
Cipinang	NNP
Cempedak	NNP
,	Z
Kecamatan	NNP
Jatinegara	NNP
,	Z
Jakarta	NNP
Timur	NNP
.	Z

Ia	PRP
meninggal	VB
dunia	NN
di	IN
usia	NN
70	CD
tahun	NN
.	Z

Dia	PRP
tinggal	VB
di	IN
sini	PRD
baru	RB
dua	CD
tiga	CD
tahun	NN
.	Z

Saluran	NN
air	NN
dibersihkan	VB
.	Z

Dari	IN
RT	NNP
,	Z
lurah	NNP
,	Z
dirjen	NNP
.	Z

Sisanya	NN
disimpan	VB
saja	RB
ya	UH
.	Z

Mendingan	NN
saya	PRP
titip	VB
saja	RB
sama	IN
teman	NN
.	Z

Polisi	NN
masih	RB
melakukan	VB
identifikasi	NN
.	Z

Jakarta	NNP
-	SYM
Dukungan	NN
kepada	IN
calon	NN
presiden	NN
Sri	NNP
Sultan	NNP
Hemangkubuwono	NNP
X	SYM
terus	RB
bertambah	VB
.	Z

Kamulah	PRP
yang	PRL
terpintar	JJS
di	IN
antara	IN
teman-teman	NN
sekelasmu	NN
.	Z

Hal	NN
senada	JJ
dikemukakan	VB
Wakil	NN
Ketua	NNP
DPR	NNP
Muhaimin	NNP
Iskandar	NNP
.	Z

Berapa	WH
tahun	NN
Anda	PRP
sekalian	ID
tinggal	VB
di	IN
Guangzhou	NNP
.	Z

Mereka	PRP
ingin	MD
menyaksikan	VB
secara	IN
langsung	RB
ikan	NN
raksasa	JJ
ini	PRD
.	Z

Pada	IN
Jumat	NNP
(	Z
27-Dec	SYM
)	Z
lalu	JJ
,	Z
seorang	CD
penebar	NN
ranjau	NN
paku	NN
bernama	VB
Ali	NNP
Usman	NNP
alias	NN
Bejo	NNP
dihajar	VB
massa	NN
di	IN
flyover	FW
Roxy	NNP
.	Z

Bagasinya	NN
sudah	RB
penuh	RB
.	Z

Pihaknya	NN
masih	RB
mengecek	VB
satu	CD
per	CD
satu	CD
perhitungan	NN
suara	NN
.	Z

Olaragawan	NN
kami	PRP
masih	RB
dapat	MD
mempertahankan	VB
kedudukan	NN
supremasi	NN
dalam	IN
pertandingan	NN
perorangan	NN
.	Z

Pejabat-pejabat	NN
dari	IN
Beijing	NNP
akan	MD
meninjau	VB
Taman	NNP
Iptek	NNP
kota	NNP
Guangzhou	NNP
.	Z

''	Z
Mekanisme	NN
itu	PRD
urusan	NN
orang	NN
hukum	NN
.	Z

Kecelakaan	NN
lalu	NN
lintas	NN
itu	PRD
disaksikan	VB
oleh	IN
banyak	ID
orang	NN
.	Z

Jakarta	NNP
-	SYM
Pengadilan	NNP
Negeri	NNP
Jakarta	NNP
Timur	NNP
menghadirkan	VB
saksi	NN
ahli	NN
dr	NNP
Cut	NNP
Kusmiawati	NNP
.	Z

Dalam	IN
setiap	DT
teleponnya	NN
,	Z
biasanya	RB
Polly	NNP
mengambil	VB
topik	NN
pembicaraan	NN
keimanan	NN
.	Z

Kini	RB
ketiga	CD
mayat	NN
bandit	NN
itu	PRD
terbaring	VB
kaku	JJ
di	IN
RSUD	NNP
Pekanbaru	NNP
.	Z

Kami	PRP
sangat	RB
menghargai	VB
ketulusan	NN
kerja	NN
sama	NN
pihak	NN
Anda	PRP
.	Z

Kakaknya	NN
belajar	VB
di	IN
suatu	DT
universitas	NN
di	IN
Nanjing	NNP
.	Z

setiap	DT
agama	NN
mempunyai	VB
pantangan	NN
masing-masing	PRP
.	Z

Jakarta	NNP
-	SYM
KPK	NNP
kembali	RB
memeriksa	VB
tersangka	NN
kasus	NN
suap	NN
,	Z
Bupati	NNP
Buol	NNP
Amran	NNP
Batalipu	NNP
.	Z

Sehari	NN
pun	P
saya	PRP
tidak	RB
mau	MD
tinggal	VB
di	IN
sini	PRD
lagi	RB
.	Z

Surat	NN
itu	PRD
ditujukan	VB
pada	IN
Ketua	NNP
Umum	NNP
DPP	NNP
Partai	NNP
Golkar	NNP
Jusuf	NNP
Kalla	NNP
(	Z
JK	NNP
)	Z
.	Z

Jakarta	NNP
-	SYM
Partai	NNP
Demokrat	NNP
menggelar	VB
Rapat	NNP
Pimpinan	NNP
Nasional	NNP
(	Z
Rapimnas	NNP
)	Z
.	Z

3.	Z
Wiranto-Sholah	NNP
:	Z
26.286.788	CD
(	Z
22,154	CD
%	SYM
)	Z

Washington	NNP
,	Z
-	SYM
Paus	NNP
baru	JJ
telah	RB
terpilih	VB
.	Z

Aksi	NN
penghalang	NN
ini	PRD
tentu	RB
saja	RB
menyulut	VB
kejengkelan	NN
pihak	NN
eksekutor	NN
.	Z

Itu	PRD
tergantung	VB
.	Z

Rombongan	NN
ini	PRD
tidak	RB
bisa	MD
langsung	RB
naik	VB
ke	IN
atas	IN
.	Z

Saya	PRP
pelajar	NN
.	Z

Resolusi	NN
itu	PRD
dikecam	VB
keras	JJ
oleh	IN
Dubes	NNP
Suriah	NNP
untuk	IN
PBB	NNP
Bashar	NNP
al-Jaafari	NNP
.	Z

Saya	PRP
akan	MD
serahkan	VB
ke	IN
Dinas	NN
Penerangan	NN
TNI	NNP
AU	NNP
.	Z

Hampir	RB
50	CD
juta	CD
orang	NN
tidak	RB
menggunakan	VB
haknya	NN
.	Z

Ada	VB
rasa	NN
damai	JJ
dan	CC
tenang	JJ
di	IN
sana	PRD
.	Z

Tong	NN
kosong	JJ
nyaring	JJ
bunyinya	NN
.	Z

Artis	NN
itu	PRD
juga	RB
diberi	VB
minuman	NN
air	NN
.	Z

Bagian	NN
depan	NN
TransJakarta	NNP
memang	RB
dibuat	VB
khusus	JJ
untuk	IN
para	DT
wanita	NN
.	Z

Aksi	NN
demonstrasi	NN
AMMPEL	NNP
Sumut	NNP
hanya	RB
berlangsung	VB
sekitar	RB
tiga	CD
puluh	CD
menit	NN
.	Z

Ini	PRD
merek	NN
internasional	JJ
.	Z

Akibat	SC
dari	IN
kecelakaan	NN
tersebut	PRD
3	CD
orang	NN
penumpang	NN
Ford	NNP
Fiesta	NNP
tewas	VB
dalam	IN
kejadian	NN
tersebut	PRD
.	Z

Saya	PRP
mengajar	VB
bahasa	NN
Indonesia	NNP
di	IN
sekolah	NN
itu	PRD
.	Z

Menteri	NNP
Pertahanan	NNP
Suriah	NNP
,	Z
Daoud	NNP
Rajiha	NNP
,	Z
tewas	VB
dalam	IN
serangan	NN
bom	NN
bunuh	VB
diri	NN
di	IN
kantor	NN
pusat	NN
Biro	NNP
Keamanan	NNP
Nasional	NNP
di	IN
ibukota	NN
Damaskus	NNP
,	Z
hari	NN
Rabu	NNP
(	Z
18-Jul	SYM
)	Z
.	Z

Pemeriksaan	NN
itu	PRD
terkait	VB
kredit	NN
macet	JJ
Rp	NNP
50	CD
miliar	CD
di	IN
bank	NN
itu	PRD
.	Z

Dia	PRP
berbelanja	VB
sesuka	VB
hatinya	NN
.	Z

Semua	ID
infotainment	NN
edisi	NN
pagi	NN
memberitakan	VB
perkembangan	NN
gegeran	NN
itu	PRD
.	Z

Masa	RB
mereka	PRP
belum	RB
berangkat	VB
.	Z

Pacar	NN
pun	P
belum	RB
punya	VB
.	Z

Kondisi	NN
ketiganya	CD
membaik	VB
.	Z

Jakarta	NNP
-	SYM
DPP	NNP
PPP	NNP
hasil	NN
Muktamar	NN
VII	CD
Bandung	NNP
menggelar	VB
Muktamar	NN
ke	IN
VIII	CD
di	IN
Pondok	NNP
Gede	NNP
,	Z
Jakarta	NNP
Timur	NNP
.	Z

Kecelakaan	NN
terjadi	VB
di	IN
samping	NN
gerbang	NN
Tol	NNP
Slipi	NNP
1	CD
arah	NN
ke	IN
Grogol	NNP
.	Z

Situasi	NN
perlahan	NN
kondusif	JJ
.	Z

Pekerjaan	NN
ini	PRD
ditugaskan	VB
kepada	IN
regu	NN
kami	PRP
.	Z

Pelaut	NN
Angkatan	NNP
Laut	NNP
India	NNP
berbaris	VB
dalam	IN
barisan	NN
kehormatan	NN
di	IN
kapal	NN
induk	NN
INS	NNP
Viraat	NNP
di	IN
Mumbai	NNP
,	Z
India	NNP
pada	IN
April	NNP
2015	CD
.	Z

''	Z
Dalam	IN
politik	NN
kan	P
kita	PRP
juga	RB
menentukan	VB
pilihan-pilihan	NN
.	Z

Tasnya	NN
hilang	VB
.	Z

Cewek	NN
itu	PRD
kayaknya	IN
campuran	NN
Jawa-Prancis	NNP
.	Z

Foto	NN
diambil	VB
pada	IN
29	CD
Januari	NNP
2008	CD
lalu	JJ
di	IN
kantor	NN
KBRI	NNP
Riyadh	NNP
.	Z

Regu	NN
A	NNP
minta	VB
time-out	FW
.	Z

Seharusnya	RB
,	Z
hasil	NN
penelitian	NN
tentang	IN
baku	NN
mutu	NN
lingkungan	NN
terhadap	IN
251	CD
perusahaan	NN
itu	PRD
akan	MD
diumumkan	VB
hari	NN
ini	PRD
.	Z

Tas	NN
Ibu	NN
boleh	MD
taruh	VB
di	IN
bawah	NN
kursi	NN
.	Z

Kaburnya	NN
Gunawan	NNP
kini	RB
masih	RB
diselidiki	VB
.	Z

Kakak	NN
perempuanku	NN
pun	P
sudah	RB
belajar	VB
di	IN
perguruan	NN
tinggi	JJ
.	Z

Pada	IN
2004	CD
,	Z
dia	PRP
mencapai	VB
jabatan	NN
Wakil	NNP
Presiden	NNP
Direktur	NNP
Bank	NNP
Artha	NNP
Graha	NNP
.	Z

Ada	VB
apa	WH
di	IN
atas	IN
meja	NN
.	Z

Jakarta	NNP
-	SYM
Gunung	NNP
Merapi	NNP
kembali	RB
meletus	VB
pada	IN
hari	NN
ini	PRD
.	Z

Ma	NNP
Li	NNP
tidak	RB
mengikuti	VB
kuliah	NN
hari	NN
ini	PRD
.	Z

Mereka	PRP
adalah	MD
Samuel	NNP
Paulus	NNP
,	Z
J.	NNP
Mattew	NNP
Lulan	NNP
,	Z
Hero	NNP
Nggili	NNP
,	Z
Norman	NNP
Anderson	NNP
,	Z
Stef	NNP
Frederick	NNP
Kale	NNP
,	Z
dan	CC
Viktor	NNP
Oksinus	NNP
Wado	NNP
.	Z

Dia	PRP
belum	RB
bisa	MD
berkomentar	VB
lebih	RB
jauh	JJ
.	Z

Sepuluh	CD
tokoh	NN
akan	MD
membawa	VB
penonton	NN
ke	IN
dunia	NN
musik	NN
mereka	DT
masing-masing	PRP
.	Z

Silakan	VB
saja	RB
kita	PRP
lihat	VB
nanti	NN
fakta	NN
hukumnya	NN
.	Z

''	Z
Apa	WH
memang	RB
semua	ID
departemen	NN
store	FW
gitu	PRD
?	Z

Kenaikan	NN
tajam	JJ
kasus	NN
penyakit	NN
ini	PRD
juga	RB
terjadi	VB
di	IN
Tajikistan	NNP
.	Z

Kami	PRP
sangat	RB
ingin	MD
membantu	VB
,	Z
cuma	RB
.	Z

Hal	NN
ini	PRD
membutuhkan	VB
perhatian	NN
khusus	JJ
dari	IN
guru	NN
kelas	NN
,	Z
Cheung	NNP
Choi	NNP
Wan	NNP
.	Z

Sekitar	IN
12	CD
bus	NN
Trans	NNP
J	NNP
terlihat	VB
antre	VB
di	IN
depan	NN
Monas	NNP
.	Z

Dalam	IN
hal	NN
ini	PRD
amal	NN
publik	NN
dikurangi	VB
dosa	NN
publik	NN
.	Z

Kabul	NNP
,	Z
-	SYM
Pangeran	NNP
Harry	NNP
dari	IN
Inggris	NNP
telah	RB
menyelesaikan	VB
tugas	NN
militernya	NN
di	IN
Afghanistan	NNP
.	Z

Ia	PRP
bangun	VB
pukul	NN
tujuh	CD
tadi	RB
pagi	NN
.	Z

Awalnya	RB
,	Z
studio	NN
desain	NN
ramah	JJ
lingkungan	NN
ini	PRD
tidak	RB
memiliki	VB
kantor	NN
resmi	JJ
.	Z

Selain	IN
Khairiansyah	NNP
,	Z
tiga	CD
tersangka	NN
lainnya	JJ
adalah	MD
Mukron	NNP
As'ad	NNP
,	Z
Harijanto	NNP
,	Z
dan	CC
Tuhari	NNP
Sawanto	NNP
.	Z

Pak	NNP
Li	NNP
punya	VB
koneksi	NN
luas	JJ
di	IN
dunia	NN
bisnis	NN
.	Z

Gusnar	NNP
bersama	RB
rombongan	NN
sudah	RB
7	CD
hari	NN
berada	VB
di	IN
Madinah	NNP
.	Z

Cukup	RB
mahal	JJ
untuk	IN
ruas	NN
tol	NN
sepanjang	NN
35	CD
km	NN
saja	RB
.	Z

Para	DT
jago	NN
renang	NN
kami	PRP
akan	MD
diperkenalkan	VB
satu	CD
per	CD
satu	CD
.	Z

Kita	PRP
konsisten	JJ
saja	RB
.	Z

Saya	PRP
berasal	VB
dari	IN
keluarga	NN
miskin	JJ
.	Z

Pengaduan	NN
PDIP	NNP
itu	PRD
diterima	VB
anggota	NN
KY	NNP
Taher	NNP
Saemema	NNP
.	Z

Cinta	JJ
itu	PRD
buta	JJ
.	Z

Itu	PRD
lebih	RB
murah	JJ
lagi	RB
,	Z
Barang	NN
obralan	NN
ganti	VB
musim	NN
.	Z

Mereka	PRP
juga	RB
harus	MD
dites	VB
apakah	WH
memiliki	VB
komitmen	NN
antikorupsi	NN
.	Z

Dia	PRP
tak	RB
pernah	RB
mendatangi	VB
desa	NN
kami	PRP
.	Z

Bantulah	VB
dia	PRP
sedapat-dapatnya	RB
.	Z

Kedua	CD
sahabat	NN
itu	PRD
cerita-menceritakan	VB
pengalaman	NN
masing-masing	PRP
tiga	CD
tahun	NN
ini	PRD
.	Z

Di	IN
luar	NN
negeri	NN
ini	PRD
kriminal	JJ
lho	UH
.	Z

Ransel	NN
itu	PRD
milik	NN
Bapak	NN
.	Z

Jakarta	NNP
-	SYM
Pembunuh	NN
sadis	JJ
wanita	NN
hamil	VB
7	CD
bulan	NN
,	Z
Mia	NNP
Peragawati	NNP
(	Z
21	CD
)	Z
,	Z
sudah	RB
ditangkap	VB
.	Z

Menurut	IN
Sugiarso	NNP
,	Z
total	NN
ada	VB
20	CD
perkara	NN
pelanggaran	NN
Perda	NNP
nomor	NN
3	CD
Tahun	NNP
2013	CD
tentang	IN
Pengelolaan	NN
Sampah	NN
.	Z

Alamat	NN
saya	PRP
terlewat	VB
.	Z

Rombongan	NN
tidak	RB
mengenakan	VB
seragam	NN
khusus	JJ
.	Z

Apakah	WH
kamarnya	NN
cukup	RB
tenang	JJ
.	Z

Buku	NN
di	IN
kamar	NN
saya	PRP
kepunyaan	NN
saya	PRP
.	Z

Jakarta	NNP
-	SYM
Ketua	NNP
Umum	NNP
PD	NNP
Anas	NNP
Urbaningrum	NNP
tengah	RB
menjadi	VB
sorotan	NN
publik	NN
.	Z

Kamu	PRP
boleh	MD
ke	IN
tempat	NN
itu	PRD
asal	SC
ayahmu	NN
setuju	VB
.	Z

Tiongkok	NNP
termasuk	VB
negara	NN
dunia	NN
ketiga	OD
.	Z

Kamu	PRP
berani	JJ
membantah	VB
fakta	NN
.	Z

Jakarta	NNP
-	SYM
Ketegangan	NN
sempat	MD
terjadi	VB
saat	SC
sesi	NN
pertanyaan	NN
anggota	NN
Komisi	NNP
I	CD
DPR	NNP
ke	IN
calon	NN
Panglima	NNP
TNI	NNP
Marsekal	NNP
TNI	NNP
Djoko	NNP
Soeyanto	NNP
.	Z

Mario	NNP
akan	MD
menumpang	VB
pesawat	NN
Lion	NNP
Air	NNP
.	Z

Korban	NN
mengalami	VB
luka-luka	NN
.	Z

''	Z
Kami	PRP
tidak	RB
ada	VB
tekan-menekan	NN
.	Z

''	Z
Ayo	UH
dong	UH
,	Z
PD	NNP
dukung	VB
KPK	NNP
tuntaskan	VB
pemberantasan	NN
korupsi	NN
.	Z

Sebulan	NN
lamanya	NN
ia	PRP
menjalani	VB
fisioterapi	NN
.	Z

Jakarta	NNP
-	SYM
Fenomena	NN
politik	NN
dinasti	NN
masih	RB
terjadi	VB
di	IN
Indonesia	NNP
.	Z

Mereka	PRP
berdua	CD
bergiliran	VB
menjenguknya	VO
.	Z

Rekonstruksi	NN
berakhir	VB
sekitar	RB
pukul	NN
14.00	SYM
WIB	NNP
.	Z

Syahrul	NNP
Yasin	NNP
Limpo	NNP
sudah	RB
mengunjungi	VB
showroom	FW
Kalla	NNP
pada	IN
Minggu	NNP
20	CD
Januari	NNP
2008	CD
.	Z

Itu	PRD
bagi	IN
saya	PRP
menghina	VB
agama	NN
.	Z

Ya	UH
ampun	UH
!	Z
Ini	PRD
jalan	NN
satu	CD
arah	NN
,	Z
tidak	RB
boleh	MD
mutar	VB
di	IN
sini	PRD
.	Z

Efisiensi	NN
pekerjaannya	NN
sangat	RB
tinggi	JJ
.	Z

Peresmian	NN
gedung	NN
ini	PRD
akan	MD
dilakukan	VB
pada	IN
tanggal	NN
11	CD
Januari	NNP
mendatang	VB
di	IN
PN	NNP
Jakbar	NNP
.	Z

Kualitas	NN
produk	NN
kami	PRP
bisa	MD
diandalkan	VB
.	Z

Gempa	NN
terjadi	VB
di	IN
187	CD
kilometer	NN
dari	IN
dasar	NN
laut	NN
.	Z

Bersama	RB
calon	NN
Wakil	NNP
Gubernur	NNP
Sumut	NNP
Jumiran	NNP
Abdi	NNP
ikut	VB
senam	NN
bersama	RB
warga	NN
.	Z

Tali	NN
itu	PRD
sudah	RB
lama	JJ
putus	VB
.	Z

Celana	NN
dibuka	VB
sedikit	RB
.	Z

Utangnya	NN
belum	RB
beres	JJ
.	Z

Boleh	MD
saya	PRP
minta	VB
kuncinya	NN
.	Z

Jakarta	NNP
-	SYM
AAA	NNP
urung	VB
bersekolah	VB
di	IN
SMP	NNP
Islam	NNP
Terpadu	NNP
Nururrahman	NNP
,	Z
Pancoran	NNP
Mas	NNP
,	Z
Depok	NNP
.	Z

Sebagian	ID
gedung	NN
mengalami	VB
kerusakan	NN
akibat	SC
serangan	NN
itu	PRD
.	Z

Berdasar	VB
data	NN
kepolisian	NN
Malaysia	NNP
,	Z
kebanyakan	NN
korban	NN
masih	RB
berusia	VB
16	CD
tahun	NN
ke	IN
bawah	NN
.	Z

Kerasan	JJ
tidak	RB
tinggal	VB
di	IN
Indonesia	NNP
.	Z

Damaskus	NNP
-	SYM
Militan	NNP
Islamic	NNP
State	NNP
of	IN
Iraq	NNP
and	FW
Syria	NNP
(	Z
ISIS	NNP
)	Z
membebaskan	VB
lebih	RB
dari	IN
70	CD
anak-anak	NN
sekolah	NN
Kurdi	NNP
.	Z

Wah	UH
,	Z
hebat	JJ
sekali	RB
anak	NN
ini	PRD
.	Z

Polisi	NN
membubarkan	VB
massa	NN
.	Z

7.	Z
Partai	NNP
Gerakan	NNP
Indonesia	NNP
Raya	NNP
(	Z
Gerindra	NNP
)	Z

Kapten	NNP
Bram	NNP
tertangkap	VB
pada	IN
10	CD
Juni	NNP
2007	CD
lalu	JJ
.	Z

Jakarta	NNP
-	SYM
Cawagub	NNP
Jabar	NNP
Deddy	NNP
Mizwar	NNP
(	Z
57	CD
)	Z
melaporkan	VB
harta	NN
kekayaannya	NN
ke	IN
KPK	NNP
.	Z

Jakarta	NNP
-	SYM
Pengusaha	NN
Prajogo	NNP
Pengestu	NNP
pukul	NN
14.00	SYM
WIB	NNP
mendatangi	VB
Mabes	NNP
Polri	NNP
.	Z

Kelima	CD
orang	NN
itu	PRD
adalah	MD
Akbar	NNP
Tandjung	NNP
,	Z
Ketua	NNP
DPR	NNP
Agung	NNP
Laksono	NNP
,	Z
Ketua	NNP
PAN	NNP
Soetrisno	NNP
Bachir	NNP
,	Z
Rizal	NNP
Ramli	NNP
,	Z
dan	CC
Rizal	NNP
Malarangeng	NNP
.	Z

Tagihannya	NN
sudah	RB
beres	JJ
.	Z

Salat	NN
lima	CD
waktu	NN
juga	RB
wajib	VB
bagi	IN
penganut	NN
Islam	NNP
.	Z

Jakarta	NNP
-	SYM
Tol	NNP
Cikampek	NNP
dari	IN
arah	NN
Jakarta	NNP
padat	JJ
.	Z

Amat	RB
panas	JJ
hari	NN
ini	PRD
.	Z

Biaya	NN
tersebut	PRD
adalah	MD
biaya	NN
paling	RB
ekonomis	JJ
untuk	IN
pembangunan	NN
sebuah	DT
lab	NN
khusus	JJ
.	Z

Saya	PRP
sudah	RB
siap	VB
balik	VB
ke	IN
Yogyakarta	NNP
minggu	NN
depan	JJ
.	Z

''	Z
Kita	PRP
ingin	RB
mendengar	VB
keterangan	NN
dari	IN
kedua	CD
belah	NN
pihak	NN
.	Z

Saya	PRP
tak	RB
tahu	VB
kenapa	WH
.	Z

Kita	PRP
sudah	RB
ajuin	VB
semua	ID
.	Z

''	Z
Lima	CD
indikator	NN
itu	PRD
sebaiknya	RB
diperiksa	VB
.	Z

Kehidupan	NN
kami	PRP
semakin	RB
baik	JJ
.	Z

Gatot	NNP
Brajamusti	NNP
Diperiksa	VB
Resmob	NNP
Polda	NNP
/	SYM
Foto	NN
:	Z
Rachman	NNP
Haryanto	NNP

Biasanya	RB
orang	NN
mengirim	VB
surat	NN
lewat	IN
pos	NN
.	Z

Perang	NN
saudara	NN
itu	PRD
sudah	RB
berlangsung	VB
tahun	NN
.	Z

Ini	PRD
hanya	RB
transit	NN
biasa	JJ
.	Z

Dia	PRP
nggak	RB
pantas	JJ
buat	IN
kamu	PRP
.	Z

Kritik	NN
Ali	NNP
langsung	RB
diprotes	VB
Shidku	NNP
.	Z

Berangkatlah	VB
sekarang	NN
juga	RB
.	Z

Kalian	PRP
tidak	RB
suka	VB
belajar	VB
bahasa	NN
Indonesia	NNP
.	Z

Bungkusan	NN
ini	PRD
perlu	MD
diperiksa	VB
dulu	RB
.	Z

Boediono	NNP
menghabiskan	VB
masa	NN
kecilnya	JJ
di	IN
Blitar	NNP
,	Z
Jawa	NNP
Timur	NNP
.	Z

Kairo	NNP
-	SYM
KBRI	NNP
Kairo	NNP
selalu	RB
siap	VB
tanggap	VB
bagi	IN
perlindungan	NN
warga	NN
negaranya	NN
.	Z

Kalau	SC
tanggal	NN
Oktober	NNP
,	Z
bagaimana	WH
.	Z

Anda	PRP
sekalian	ID
harus	MD
membuat	VB
latihan	NN
setiap	DT
hari	NN
.	Z

Pisang	NN
dilalap	VB
habis	VB
oleh	IN
si	DT
Kera	NN
.	Z

Lantai	NN
kamar	NN
ini	PRD
mudah	JJ
menyerap	VB
air	NN
.	Z

Komisi	NNP
I	CD
DPR	NNP
akan	MD
melawat	VB
ke	IN
4	CD
negara	NN
pada	IN
pertengahan	NN
April	NNP
2012	CD
.	Z

Yulvie	NNP
seperti	IN
mengintegorasi	VB
saya	PRP
.	Z

Tadinya	NN
sempat	MD
berdiri	VB
.	Z

Apalagi	CC
pembuluh	NN
darah	NN
di	IN
tubuh	NN
anda	PRP
menjadi	VB
kaku	JJ
.	Z

Kasus	NN
tertinggi	JJS
yakni	IN
penyesatan	NN
agama	NN
43	CD
tindakan	NN
.	Z

Pipit	NN
sama	IN
pipit	NN
,	Z
enggang	NN
sama	IN
enggang	NN
.	Z

''	Z
Mereka	PRP
beli	VB
tiketnya	NN
pukul	NN
00.40	SYM
WIB	NNP
.	Z

Jalan	VB
sih	UH
boleh	MD
,	Z
cuma	RB
agak	RB
sakit	JJ
.	Z

Ini	PRD
merupakan	MD
gangguan	NN
baginya	PO
.	Z

Mereka	PRP
mengambil	VB
air	NN
di	IN
tempat	NN
itu	PRD
.	Z

Hal	NN
senada	JJ
diungkapkan	VB
pengamat	NN
politik	NN
dari	IN
LIPI	NNP
Syamsuddin	NNP
Haris	NNP
.	Z

Saya	PRP
mau	MD
ke	IN
rumahmu	NN
.	Z

Kejadian	NN
tersebut	PRD
berlangsung	VB
pada	IN
Selasa	NNP
(	Z
13-Mar	SYM
)	Z
kemarin	NN
,	Z
sekitar	RB
pukul	NN
14.30	SYM
WIB	NNP
di	IN
perumahan	NN
Permata	NNP
Regency	NNP
,	Z
Srengseng	NNP
Jakbar	NNP
.	Z

Langkah	NN
ini	PRD
juga	RB
dilakukan	VB
PKS	NNP
.	Z

Topi	NN
itu	PRD
diletakkannya	VB
di	IN
atas	IN
meja	NN
.	Z

Pohon-pohon	NN
itu	PRD
mulai	VB
menghijau	VB
pada	IN
musim	NN
semi	NN
.	Z

Saya	PRP
mau	MD
pergi	VB
ke	IN
kota	NN
nanti	NN
sore	NN
.	Z

Minggu	NNP
(	Z
18/02/2007	SYM
)	Z
Masehi	NNP
,	Z
kalender	NN
China	NNP
memasuki	VB
1	CD
Cia	NNP
Gwee	NNP
2558	CD
Tahun	NN
Babi	NNP
Api	NNP
.	Z

Saya	PRP
akan	MD
menulis	VB
surat	NN
nanti	NN
sore	NN
.	Z

Dia	PRP
pun	P
pindah	VB
ruang	NN
kerja	NN
.	Z

Nanti	NN
saya	PRP
cek	VB
semua	ID
.	Z

Di	IN
sebelah	NN
kiri	NN
Gus	NNP
Dur	NNP
,	Z
duduk	VB
putri	NN
keduanya	NN
,	Z
Yenny	NNP
Wahid	NNP
.	Z

''	Z
Itu	PRD
nanti	NN
akan	MD
dibahas	VB
dalam	IN
Bamus	NNP
.	Z

Sekarang	NN
,	Z
bolehkah	P
saya	PRP
melihat	VB
kartu	NN
kredit	NN
Anda	PRP
.	Z

Kebijakannya	NN
itu	PRD
merugikan	VB
negara	NN
sedikitnya	RB
Rp	NNP
346	CD
miliar	CD
.	Z

Pesan	NN
singkat	JJ
melalui	IN
fasilitas	NN
short	FW
message	FW
service	FW
itu	PRD
berasal	VB
dari	IN
nomor	NN
handphone	FW
081341262XXX	SYM
.	Z

Jadi	SC
udara	NN
bergerak	VB
ke	IN
sana	PRD
.	Z

Puluhan	ID
juta	CD
obat	NN
ilegal	JJ
ditemukan	VB
petugas	NN
.	Z

Rekor	NN
fantastis	JJ
juga	RB
dibuat	VB
oleh	IN
Usain	NNP
Bolt	NNP
,	Z
pelari	NN
Jamaika	NNP
.	Z

Mereka	PRP
membaca	VB
surat	NN
kabar	NN
itu	PRD
satu	CD
per	CD
satu	CD
.	Z

Saat	SC
ini	PRD
ketiganya	CD
masih	RB
meringkuk	VB
di	IN
Rumah	NNP
Tahanan	NNP
Militer	NNP
Cimanggis	NNP
.	Z

Korea	NNP
merupakan	MD
sebuah	DT
negara	NN
maju	JJ
.	Z

Belajarlah	VB
dengan	IN
baik-baik	JJ
.	Z

Mereka	PRP
mencari	VB
titik	NN
keramaian	NN
.	Z

Gedung	NN
tempat	NN
kami	PRP
pernah	RB
mengikuti	VB
kuliah	NN
tahun	NN
lalu	JJ
sudah	RB
dibongkar	VB
.	Z

Dalam	IN
pengakuannya	NN
,	Z
dia	PRP
meminta	VB
maaf	NN
kepada	IN
korban	NN
.	Z

Senjata	NN
makan	VB
tuan	NN
.	Z

Tolong	VB
bonnya	NN
.	Z

Jokowi	NNP
tak	RB
mau	MD
memikirkan	VB
poling	NN
elektabilitasnya	NN
.	Z

Dari	IN
sini	PRD
aku	PRP
mau	MD
terus	RB
saja	RB
ke	IN
asrama	NN
.	Z

Biasanya	RB
,	Z
tanggal	NN
mudik	VB
favorit	JJ
adalah	MD
H-3	NNP
lebaran	NN
.	Z

''	Z
Saya	PRP
kepikiran	NN
alih	VB
profesi	NN
jadi	VB
sopir	NN
di	IN
Arab	NNP
Saudi	NNP
saja	RB
.	Z

Mereka	PRP
ingin	MD
menyaksikan	VB
iring-iringan	NN
jenazah	NN
Pak	NNP
Harto	NNP
.	Z

Penggrebekan	NN
pada	IN
Kamis	NNP
kemarin	NN
sudah	RB
lama	JJ
direncanakan	VB
Polri	NNP
.	Z

Sungguh	RB
bersih	JJ
kamar	NN
kalian	PRP
.	Z

Saya	PRP
mau	MD
membaca	VB
sebentar	RB
lagi	RB
.	Z

Jakarta	NNP
-	SYM
Serikat	NNP
Rakyat	NNP
Miskin	NNP
Kota	NNP
menggelar	VB
aksi	NN
di	IN
Bundaran	NNP
HI	NNP
Jakarta	NNP
.	Z

Jakarta	NNP
-	SYM
Kejaksaan	NNP
Agung	NNP
(	Z
Kejagung	NNP
)	Z
menjadwalkan	VB
pemeriksaan	NN
terhadap	IN
empat	CD
pejabat	NN
Bank	NNP
Indonesia	NNP
(	Z
BI	NNP
)	Z
.	Z

Seorang	CD
teman	NN
saya	PRP
sudah	RB
pergi	VB
ke	IN
Indonesia	NNP
.	Z

Sewa	VB
rumahnya	NN
dapat	MD
dibayar	VB
berangsur	VB
.	Z

Anak	NN
itu	PRD
sudah	RB
menyelesaikan	VB
latihannya	NN
.	Z

Negara	NN
saya	PRP
belum	RB
siap	VB
menghadapi	VB
terorisme	NN
.	Z

Peristiwa	NN
ini	PRD
terjadi	VB
dekat	JJ
pintu	NN
tol	NN
Cengkareng	NNP
.	Z

Lalu	RB
bagaimana	WH
pentingnya	NN
dokumen	NN
itu	PRD
?	Z

Pohon	NN
l�ngk�ng	NN
tumbuh	VB
di	IN
Tiongkok	NNP
Selatan	NNP
.	Z

Kasus	NN
itu	PRD
pun	P
segera	RB
melangkah	VB
ke	IN
tahap	NN
penyidikan	NN
.	Z

Kulit	NN
tangannya	NN
melepuh	VB
.	Z

Ini	PRD
buat	IN
kamu	PRP
.	Z

Salam	NN
buat	IN
Bu	NNP
Jati	NNP
.	Z

Ketiga	OD
,	Z
pembatasan	NN
kebebasan	NN
berekspresi	VB
sebanyak	ID
27	CD
tindakan	NN
.	Z

Pulangnya	NN
dibolehkan	VB
oleh	IN
gurunya	NN
.	Z

Polisi	NN
terus	RB
mengejar	VB
massa	NN
John	NNP
Kei	NNP
.	Z

Pemeriksaan	NN
akan	MD
dilanjutkan	VB
besok	NN
.	Z

Badrodin	NNP
tak	RB
mau	MD
berandai-andai	VB
soal	NN
kemungkinan	NN
putusan	NN
ringan	JJ
terhadap	IN
pelaku	NN
.	Z

Udah	RB
ah	UH
jangan	RB
ngebahas	VB
dia	PRP
lagi	RB
,	Z
males	JJ
aku	PRP
.	Z

Jakarta	NNP
-	SYM
Pesta	NN
Budaya	NN
Melayu	NNP
Sumatra	NNP
Utara	NNP
Waktu	NN
:	Z

Kita	PRP
tunggu	VB
klarifikasi	NN
Tri	NNP
.	Z

Dia	PRP
belum	RB
sanggup	MD
membayar	VB
sewaannya	NN
.	Z

Tulisanmu	NN
jel�k	JJ
benar	RB
.	Z

Iya	UH
kan	P
dulunya	NN
teriak-teriak	VB
katakan	VB
tidak	RB
pada	IN
korupsi	NN
.	Z

''	Z
Membangun	VB
daerah	NN
butuh	VB
kerja	NN
sama	JJ
banyak	ID
pihak	NN
.	Z

Ibu	NN
dengarkan	VB
saja	RB
pengumuman	NN
bis	NN
.	Z

Sulit	JJ
untuk	IN
melindungi	VB
satu	CD
negara	NN
saja	RB
.	Z

Jakarta	NNP
-	SYM
Yuddy	NNP
Chrisnandi	NNP
telah	RB
memindahkan	VB
semua	ID
barang	NN
pribadinya	NN
dari	IN
kantor	NN
Kementerian	NNP
PAN	NNP
RB	NNP
ke	IN
rumah	NN
pribadinya	NN
.	Z

Dua	CD
jabatan	NN
lainnya	JJ
itu	PRD
adalah	MD
Menteri	NNP
Luar	NNP
Negri	NNP
dan	CC
Kepala	NNP
Badan	NNP
Pusat	NNP
Intelijen	NNP
(	Z
BPI	NNP
)	Z
.	Z

Tidak	RB
ada	VB
sambal	NN
kacang	NN
,	Z
tidak	RB
ada	VB
gado-gado	NN
.	Z

Kami	PRP
tidak	RB
pergi	VB
.	Z

Pihak	NN
keluarga	NN
sudah	RB
membawa	VB
jenazah	NN
Mia	NNP
Senin	NNP
(	Z
1/2/2010	SYM
)	Z
dari	IN
RSCM	NNP
.	Z

Dia	PRP
belum	RB
dapat	MD
membayar	VB
sewaannya	NN
.	Z

Gunakan	VB
air	NN
sehemat	JJ
mungkin	RB
.	Z

Temuan	NN
tersebut	PRD
merupakan	MD
hasil	NN
kerja	NN
tim	NN
independen	JJ
bentukan	NN
Departemen	NNP
Kehutanan	NNP
.	Z

Wewenang	NN
KY	NNP
itu	PRD
jelas	JJ
.	Z

Aksi	NN
SPFKK	NNP
PTDI	NNP
di	IN
depan	NN
Gedung	NNP
DPR/MPR	NNP
,	Z
Senayan	NNP
,	Z
Jakarta	NNP
,	Z
Rabu	NNP
(	Z
22/12/2004	SYM
)	Z
dimulai	VB
pukul	NN
10.00	SYM
WIB	NNP
.	Z

Celana	NN
cutbray	FW
ini	PRD
terlalu	RB
longgar	JJ
.	Z

Rumahnya	NN
kelihatan	VB
dari	IN
jauh	JJ
.	Z

Tim	NN
ini	PRD
membawa	VB
alat	NN
pendeteksi	NN
logam	NN
yakni	MD
Beacon	NNP
.	Z

Di	IN
bawah	NN
foto	NN
tersebut	PRD
ada	VB
lambang	NN
Forum	NNP
Bersama	NNP
Jakarta	NNP
.	Z

Hanya	RB
saja	RB
pada	IN
akhirnya	RB
Rusli	NNP
hanya	RB
mentransfer	VB
Rp	NNP
2,989	CD
miliar	CD
.	Z

Kota	NNP
Guangzhou	NNP
letaknya	NN
di	IN
Tiongkok	NNP
Selatan	NNP
.	Z

Siapa	WH
yang	PRL
memegang	VB
setir	NN
mobil	NN
.	Z

Masalah	NN
ini	PRD
harus	MD
dipecahkan	VB
bersama	RB
.	Z

Perlu	MD
diperiksa	VB
lebih	RB
lanjut	JJ
,	Z
Bu	NN
.	Z

ABC	NNP
)	Z
Tomas	NNP
Ayah	NN
dari	IN
tiga	CD
anak	NN
Tomas	NNP
Pinto	NNP
(	Z
34	CD
tahun	NN
)	Z
bisa	MD
meninggal	VB
setiap	DT
saat	SC
.	Z

Ma	NNP
Li	NNP
akan	MD
datang	VB
malam	NN
ini	PRD
.	Z

Di	IN
sejumlah	ID
lokasi	NN
,	Z
aksi	NN
penjarahan	NN
marak	JJ
terjadi	VB
.	Z

Dalam	IN
Asian	NNP
Games	NNP
Guangzhou	NNP
,	Z
akan	MD
dipertandingkan	VB
cabang	NN
olahraga	NN
,	Z
di	IN
antaranya	PO
cabang	NN
resmi	JJ
Olimpiade	NN
.	Z

Saat	SC
ditanya	VB
mereka	PRP
hanya	RB
menggeleng	VB
kepala	NN
.	Z

Ruang	NN
kelas	NN
kami	PRP
banyak	ID
jendelanya	NN
.	Z

Jasad	NNP
Mia	NNP
ditemukan	VB
di	IN
saluran	NN
air	NN
dekat	JJ
pintu	NN
dua	CD
Barat	NNP
Ancol	NNP
.	Z

Mentimun	NN
itu	PRD
manis	JJ
rasanya	NN
.	Z

Langkah	NN
itu	PRD
dilakukan	VB
maskapai	NN
penerbangan	NN
terkemuka	JJ
Jerman	NNP
,	Z
Lufthansa	NNP
.	Z

Dalam	IN
talkshow	NNP
ini	PRD
,	Z
hadir	VB
pula	RB
anggota	NN
Komisi	NNP
III	CD
Bambang	NNP
Soesatyo	NNP
.	Z

Bintang	NN
film	NN
itu	PRD
tidak	RB
lupa	VB
melontarkan	VB
senyuman	NN
kepada	IN
penggemarnya	NN
.	Z

Wisnu	NNP
Tjandra	NNP
adalah	MD
lulusan	NN
Fakultas	NNP
Ekonomi	NNP
Universitas	NNP
Indonesia	NNP
.	Z

Dia	PRP
masih	RB
belum	RB
datang	VB
Masa	RB
.	Z

Dalam	IN
batin	NN
ia	PRP
tidak	RB
menyukai	VB
orang	NN
itu	PRD
.	Z

Banyak	ID
mobil	NN
Mercedes	NNP
tua	JJ
buatan	NN
1952	CD
juga	RB
ikut	VB
konvoi	NN
.	Z

kami	PRP
merebut	VB
gelar	NN
juara	NN
beregu	VB
.	Z

Muncikari	NNP
memberikan	VB
foto	NN
calon	NN
klien	NN
melalui	IN
chat	FW
messenger	FW
.	Z

Ibu	NN
sering	RB
mengirimi	VB
saya	PRP
majalah	NN
bahasa	NN
Inggris	NNP
.	Z

Lumpur	NN
disingkirkan	VB
.	Z

Toh	RB
,	Z
Mahkamah	NNP
Konstitusi	NNP
sudah	RB
membolehkan	VB
.	Z

Ada	VB
saran	NN
.	Z

Mereka	PRP
berdua	CD
ketinggalan	VB
kereta	NN
api	NN
.	Z

Kak	NNP
Seto	NNP
menimpali	VB
.	Z

Megawati	NNP
saat	SC
ini	PRD
fokus	VB
mendorong	VB
regenerasi	NN
kader	NN
.	Z

Hujan	NN
mereda	VB
.	Z

Kita	PRP
mulai	VB
kuliah	VB
.	Z

''	Z
Tidak	RB
mau	MD
,	Z
tidak	RB
mau	MD
.	Z

Faktor	NN
utama	JJ
adalah	MD
posisi	NN
matahari	NN
.	Z

Indonesia	NNP
hanya	RB
mengenal	VB
dua	CD
musim	NN
.	Z

Dia	PRP
mulai	VB
menyapu	VB
lantai	NN
di	IN
kamarnya	NN
.	Z

Sesekali	RB
mantan	JJ
Pimpinan	NNP
KPK	NNP
ini	PRD
mengusap	VB
raut	NN
wajahnya	NN
.	Z

Sang	DT
anak	NN
merasa	VB
tak	RB
enak	JJ
hati	NN
.	Z

Lelaki	NN
itu	PRD
memegang	VB
tangan	NN
isterinya	NN
erat-erat	JJ
.	Z

Batuan	NN
tersebut	PRD
sangat	RB
kaya	JJ
akan	MD
campuran	NN
mineral	NN
.	Z

Sunny	NNP
memang	RB
ingin	MD
mengerti	VB
soal	NN
kiprah	NN
Ahok	NNP
di	IN
jagat	NN
politik	NN
negeri	NN
ini	PRD
.	Z

Riau	NNP
-	SYM
Panwaslu	NNP
Riau	NNP
malam	NN
ini	PRD
melakukan	VB
pemantauan	NN
di	IN
kediaman	NN
Sekjen	NNP
PKB	NNP
Lukman	NNP
Edy	NNP
di	IN
Pekanbaru	NNP
,	Z
Riau	NNP
.	Z

Mari	UH
,	Z
Bu	NN
/	SYM
Pak	NN
.	Z

Orang	NN
ini	PRD
tinggi	JJ
benar	RB
.	Z

Kondisi	NN
Senayan	NNP
relatif	JJ
sepi	JJ
.	Z

''	Z
Jadi	SC
Senin	NNP
malam	NN
ada	VB
perbaikan	NN
.	Z

Baru	RB
pukul	NN
malam	NN
sudah	RB
terasa	VB
sepi	JJ
di	IN
kota	NN
kecil	JJ
itu	PRD
.	Z

Saya	PRP
akan	MD
pulang	VB
besok	NN
.	Z

Dia	PRP
hanya	RB
mengacungkan	VB
jempol	NN
saat	SC
ditanya	VB
mengenai	IN
ayahnya	NN
oleh	IN
wartawan	NN
.	Z

Pengembangan	NN
kualitas	NN
produknya	NN
sangat	RB
penting	JJ
bagi	IN
sebuah	DT
perusahaan	NN
.	Z

Tidak	RB
bisa	MD
putuskan	VB
apa-apa	NN
.	Z

Ada	VB
kasur	NN
,	Z
kursi	NN
,	Z
baju	NN
,	Z
barang	NN
elektronik	NN
,	Z
semua	ID
berceceran	VB
.	Z

Motif	NN
penusukan	NN
ini	PRD
juga	RB
masih	RB
diselidiki	VB
oleh	IN
otoritas	NN
setempat	NN
.	Z

Dari	IN
tangan	NN
Edy	NNP
,	Z
KPK	NNP
menyita	VB
uang	NN
Rp	NNP
50	CD
juta	CD
.	Z

Sepatunya	NN
susah	JJ
diikat	VB
.	Z

Gempa	NN
bumi	NN
ini	PRD
merusak	VB
infrastruktur	NN
Yogyakarta	NNP
.	Z

Boleh	MD
saya	PRP
panggil	VB
Anda	PRP
'	Z
Sari	NNP
'	Z

Tunjukkan	VB
paspor	NN
Anda	PRP
.	Z

Sejumlah	ID
calon	NN
penumpang	NN
KM	NNP
Kelimutu	NNP
menuju	VB
Bau-bau	NNP
,	Z
Sulawesi	NNP
Tenggara	NNP
,	Z
mulai	VB
berdatangan	VB
.	Z

Bulan	NN
depan	JJ
Presiden	NNP
Hu	NNP
Jingtao	NNP
akan	MD
berkunjung	VB
ke	IN
Amerika	NNP
Serikat	NNP
.	Z

Rencana	NN
itu	PRD
telah	RB
disepakati	VB
oleh	IN
atasannya	NN
.	Z

Jakarta	NNP
-	SYM
APBD	NNP
DKI	NNP
berjalan	VB
lambat	JJ
.	Z

Masa	RB
tulis	VB
surat	NN
pun	P
tidak	RB
sempat	MD
.	Z

Selain	IN
ada	VB
kalimat	NN
bahasa	NN
Arab	NNP
,	Z
bahasa	NN
Inggris	NNP
,	Z
Prancis	NNP
,	Z
ada	VB
juga	RB
bahasa	NN
Indonesia	NNP
.	Z

Amarah	NN
warga	NN
pun	P
tak	RB
terbendung	VB
.	Z

Kamar	NN
itu	PRD
teratur	VB
.	Z

Kedua	CD
kegiatan	NN
laut	NN
itu	PRD
memberi	VB
Charlene	NNP
inspirasi	NN
.	Z

Satpam	NNP
kantor	NN
Multipiranti	NNP
Graha	NNP
itu	PRD
akan	MD
dioperasi	VB
.	Z

Fenomena	NN
ini	PRD
sangat	RB
berdampak	VB
negatif	JJ
terhadap	RB
penyelenggaraan	NN
pemerintahan	NN
di	IN
daerah	NN
.	Z

Apalagi	CC
lokasi	NN
kejadian	NN
ada	VB
di	IN
sana	PRD
.	Z

Insiden	NN
semacam	RB
ini	PRD
cukup	RB
sering	RB
terjadi	VB
di	IN
wilayah	NN
China	NNP
,	Z
akhir-akhir	NN
ini	PRD
.	Z

Saya	PRP
turis	NN
.	Z

Berapa	WH
jauh	JJ
dari	IN
Guangzhou	NNP
ke	IN
Shenzhen	NNP
.	Z

''	Z
Di	IN
sini	PRD
banyak	JJ
sekali	RB
motor	NN
.	Z

Lalu	SC
cerita	NN
dari	IN
Hagus	NNP
pun	P
mengalir	VB
.	Z

Rasanya	RB
aku	PRP
harus	MD
berhenti	VB
sekolah	NN
.	Z

Li	NNP
Li	NNP
tidak	RB
hadir	VB
kemarin	NN
pagi	NN
.	Z

''	Z
Ada	VB
satu	CD
dua	CD
.	Z

Abu	NN
vulkanik	JJ
Merapi	NNP
berbahaya	VB
bagi	IN
penerbangan	NN
.	Z

Dia	PRP
mengangani	VB
segala	ID
pekerjaan	NN
rumah	NN
.	Z

15	CD
Armada	NNP
pemadam	NN
kebakaran	NN
diturunkan	VB
.	Z

Saya	PRP
naik	VB
dari	IN
pasar	NN
baru	JJ
ke	IN
arah	NN
Mal	NNP
Citraland/Ciputra	NNP
.	Z

Dia	PRP
tak	RB
sanggup/mampu	MD
lagi	RB
melanjutkan	VB
pelajarannya	NN
.	Z

Sejauh	RB
ini	PRD
belum	RB
ada	VB
angka	NN
pasti	JJ
berapa	WH
kerugian	NN
pemerintahan	NN
daerah	NN
NAD	NNP
akibat	SC
bencana	NN
tsunami	NN
ini	PRD
.	Z

Tiga	CD
hakim	NN
itu	PRD
adalah	MD
Ahmad	NNP
Fadlil	NNP
Sumadi	NNP
,	Z
Muhammad	NNP
Ali	NNP
dan	CC
Anwar	NNP
Usman	NNP
.	Z

Lagi	RB
mengulang	VB
pelajaran	NN
nih	UH
.	Z

Operasi	NN
Malinda	NNP
di	IN
RS	NNP
Siloam	NNP
berjalan	VB
sekitar	RB
enam	CD
jam	NN
.	Z

Ada	VB
berapa	WH
warna	NN
.	Z

HP	NNP
Pak	NNP
Erwin	NNP
ketinggalan	VB
di	IN
rumah	NN
.	Z

Ada	VB
penerbangan	NN
langsung	RB
dari	IN
Guangzhou	NNP
ke	IN
Bali	NNP
tidak	RB
.	Z

Jakarta	NNP
-	SYM
PAN	NNP
sudah	RB
menerima	VB
SK	NNP
pengesahan	NNP
kepengurusan	NNP
dari	IN
Menkum	NNP
HAM	NNP
kemarin	NN
.	Z

Pasal	NN
pencalonan	NN
ini	PRD
masih	RB
utuh	JJ
.	Z

Sidoarjo	NNP
-	SYM
Sopir	NN
bus	NN
ekonomi	NN
jurusan	NN
Surabaya-Semarang	NNP
mengancam	VB
mogok	VB
jalan	VB
.	Z

Pemeriksaan	NN
melibatkan	VB
dishub-dishub	NN
daerah	NN
.	Z

Jakarta	NNP
-	SYM
Pilkada	NNP
DKI	NNP
digelar	VB
.	Z

Jangan	RB
banyak-banyak	RB
,	Z
dua	CD
tiga	CD
helai	NN
saja	RB
cukup	JJ
.	Z

Dalam	IN
peta	NN
tersebut	PRD
ada	VB
keterangan	NN
jalur	NN
I	CD
:	Z
Asemdoyong-Tegalmlati	NNP
,	Z
jalur	NN
II	CD
:	Z
Tegalmlati-Jatiredjo	NNP
,	Z
jalur	NN
III	CD
:	Z
Prompong-Ambo	NNP
Kulon	NNP
,	Z
jalur	NN
IV	CD
:	Z
Ambo	NNP
Wetan-Pasar	NNP
Uli	NNP
,	Z
jalur	NN
V	CD
:	Z
Pos	NNP
Sipait-Pospam	NNP
comal	NNP
,	Z
jalur	NN
VI	CD
:	Z
pospam	NNP
comal-Ujunggede	NNP
,	Z
jalur	NN
VII	CD
:	Z
Ujunggede-Banjardawa	NNP
TMN	NNP
.	Z

Empat	CD
kabupaten	NN
/	SYM
kota	NN
tersebut	PRD
adalah	MD
Ratu	NNP
Tatu	NNP
/	SYM
adik	NN
tiri	NN
Atut	NNP
(	Z
Kabupaten	NNP
Serang	NNP
)	Z
,	Z
Heryani	NNP
/	SYM
ibu	NN
tiri	NN
Atut	NNP
(	Z
Kabupaten	NNP
Pandeglang	NNP
)	Z
,	Z
Tubagus	NNP
Haerul	NNP
Jaman	NNP
/	SYM
adik	NN
tiri	NN
Atut	NNP
(	Z
Kota	NN
Serang	NNP
)	Z
,	Z
dan	CC
Airin	NNP
Rachmi	NNP
Diany	NNP
/	SYM
adik	NN
ipar	NN
(	Z
Kota	NNP
Tangerang	NNP
Selatan	NNP
)	Z
.	Z

Dia	PRP
pernah	RB
pergi	VB
ke	IN
Shanghai	NNP
.	Z

Universitas	NN
ini	PRD
sibuk	JJ
mempersiapkan	VB
pekan	NN
olahraga	NN
.	Z

Aksi	NN
pengosongan	NN
secara	IN
paksa	VB
mulai	VB
dilakukan	VB
sekitar	RB
pukul	NN
07.30	SYM
WIB	NNP
.	Z

Dia	PRP
sudah	RB
minum	VB
pagi	NN
ini	PRD
.	Z

Saya	PRP
mau	MD
memberitahukan	VB
sesuatu	PRI
kepada	IN
kalian	PRP
.	Z

Peristiwa	NN
''	Z
September	NNP
''	Z
tak	RB
akan	MD
lepas	VB
dari	IN
ingatan	NN
rakyat	NN
Amerika	NNP
Serikat	NNP
dalam	IN
waktu	NN
dekat	JJ
.	Z

Ini	PRD
merupakan	MD
pemanggilan	NN
merupakan	MD
pemanggilan	NN
Saragih	NNP
oleh	IN
KPK	NNP
.	Z

KPU	NNP
mensyaratkan	VB
kelolosan	NN
100	CD
persen	NN
partai	NN
politik	NN
di	IN
tingkat	NN
provinsi	NN
.	Z

Jakarta	NNP
-	SYM
Ketegasan	NN
Presiden	NNP
Susilo	NNP
Bambang	NNP
Yudhoyono	NNP
(	Z
SBY	NNP
)	Z
terhadap	IN
Polri	NNP
dalam	IN
sengketa	NN
kasus	NN
simulator	NN
SIM	NNP
masih	RB
dinanti	VB
.	Z

Pada	IN
malam	NN
ini	PRD
mereka	PRP
akan	MD
pergi	VB
ke	IN
kota	NN
.	Z

Mereka	PRP
datang	VB
juga	RB
.	Z

DA	NNP
ini	PRD
menjalankan	VB
praktik	NN
protitusinya	NN
ini	PRD
sewilayah	NN
Jabodetabek	NNP
.	Z

Pantasan	RB
saya	PRP
baru	RB
pertama	OD
kali	NN
melihat	VB
Ibu	NN
di	IN
kampus	NN
.	Z

Dalam	IN
tahun	NN
ini	PRD
saya	PRP
tidak	RB
akan	MD
pergi	VB
ke	IN
Shanghai	NNP
.	Z

Untuk	IN
berbisnis	VB
.	Z

Saya	PRP
agak	RB
mabuk	JJ
udara	NN
.	Z

Sepatu	NN
ini	PRD
pas	JJ
untuk	IN
adikku	NN
.	Z

Anas	NNP
sempat	MD
dikonfirmasi	VB
beberapa	ID
wartawan	NN
.	Z

Mereka	PRP
meninggalkan	VB
Blok	NNP
M	NNP
sekitar	RB
pukul	NN
20.00	SYM
WIB	NNP
.	Z

Untuk	IN
menengok	VB
keluarga	NN
.	Z

Jepang	NNP
pernah	RB
menundukkan	VB
beberapa	ID
negara	NN
Asia	NNP
dalam	IN
Perang	NNP
Dunia	NNP
Kedua	NNP
.	Z

Uni	NNP
Soviet	NNP
sudah	RB
pecah	VB
menjadi	VB
beberapa	ID
negeri	NN
.	Z

Makin	RB
lama	JJ
makin	RB
banyak	ID
relawan	NN
di	IN
kota	NNP
Guangzhou	NNP
.	Z

Kini	NN
mereka	PRP
terhenti	VB
di	IN
lantai	NN
dasar	NN
.	Z

KY	NNP
juga	RB
akan	MD
meminta	VB
keterangan	NN
anggota	NN
majelis	NN
hakim	NN
kasus	NN
Gayus	NNP
pada	IN
Senin	NNP
19	CD
April	NNP
2010	CD
.	Z

Pelantikan	NN
Harini	NNP
dilakukan	VB
di	IN
Balaikota	NNP
Semarang	NNP
,	Z
Jl.	NNP
Pemuda	NNP
,	Z
Kamis	NNP
(	Z
30/07/2009	SYM
)	Z
.	Z

Siapa	WH
belum	RB
datang	VB
.	Z

Madinah	NNP
-	SYM
Wakil	NNP
Gubernur	NNP
Gorontalo	NNP
Gusnar	NNP
Ismail	NNP
berani	JJ
tampil	VB
beda	NN
.	Z

Ribuan	ID
pengendara	NN
terjebak	VB
macet	JJ
hampir	RB
2	CD
jam	NN
dari	IN
Pondok	NNP
Gede-Cawang-Semanggi	NNP
.	Z

Jakarta	NNP
-	SYM
Eks	NNP
cawapres	NNP
Salahuddin	NNP
Wahid	NNP
(	Z
Gus	NNP
Solah	NNP
)	Z
memberi	VB
wejangan	NN
kepada	IN
Capres	NNP
Wiranto	NNP
.	Z

Untuk	IN
apa	WH
datang	VB
ke	IN
sini	PRD
.	Z

Nasihat	NN
ibu	NN
telah	RB
menyerap	VB
ke	IN
dalam	IN
hatiku	NN
.	Z

''	Z
Belum	RB
ada	VB
tanggapan	NN
lagi	RB
dari	IN
beliau	PRP
.	Z

Anis	NNP
akan	MD
langsung	RB
menyerahkan	VB
surat	NN
pengunduran	NN
dirinya	PRF
dalam	IN
rapat	NN
pimpinan	NN
DPR	NNP
RI	NNP
.	Z

Anakku	NN
dapat	MD
belajar	VB
secara	IN
efisien	JJ
.	Z

Reza	NNP
hilang	VB
di	IN
Bandara	NNP
Soekarno-Hatta	NNP
Cengkareng	NNP
setibanya	VB
dari	IN
Surabaya	NNP
pada	IN
Minggu	NNP
12	CD
Desember	NNP
2004	CD
pukul	NN
11.00	SYM
WIB	NNP
.	Z

Ankara	NNP
-	SYM
Aliansi	NN
militer	NN
Barat	NN
,	Z
NATO	NNP
tak	RB
akan	MD
ikut	VB
campur	VB
dalam	IN
konflik	NN
di	IN
Suriah	NNP
.	Z

Hal	NN
kecil-kecil	JJ
itu	PRD
diperhatikannya	VB
juga	RB
.	Z

Bandung	NNP
-	SYM
Kekeringan	NN
melanda	VB
sebagian	NN
wilayah	NN
di	IN
Jabar	NNP
.	Z

Mobil	NN
itu	PRD
tak	RB
bisa	MD
dijalankan	VB
.	Z

Kita	PRP
akan	MD
menumbangkan	VB
pada	IN
pengkhianat	NN
ini	PRD
dari	IN
mana	WH
saja	RB
,	Z
dari	IN
dalam	IN
negara	NN
,	Z
bisnis	NN
,	Z
politik	NN
.	Z

Mereka	PRP
berdua	CD
meninggalkan	VB
kota	NNP
Guangzhou	NNP
menuju	VB
ke	IN
Zhuhai	NNP
.	Z

''	Z
Sisanya	NN
kita	PRP
datangkan	VB
dari	IN
Pasar	NNP
Kramat	NNP
Jati	NNP
.	Z

Ibu	NN
saya	PRP
sudah	RB
mempersiapkan	VB
bekal	NN
untuk	IN
saya	PRP
.	Z

Mereka	PRP
bergiliran	VB
membersihkan	VB
asrama	NN
.	Z

Isi	NN
karangan	NN
ini	PRD
penuh	JJ
dengan	IN
rasa	NN
kehilangan	NN
.	Z

Hasyim	NNP
kembali	RB
mengingatkan	VB
betapa	WH
besar	JJ
jasa	NN
Soeharto	NNP
bagi	IN
bangsa	NN
Indonesia	NNP
.	Z

Mamah	VB
melarangnya	VO
.	Z

(	Z
Terkait	VB
)	Z
Putusan	NN
tadi	RB
kami	PRP
tidak	RB
berkomentar	VB
dulu	RB
.	Z

Dia	PRP
kembali	VB
ke	IN
ruang	NN
kelas	NN
.	Z

Banding	NN
akan	MD
diajukan	VB
Selasa	NNP
19	CD
Agustus	NNP
.	Z

Konvensi	NN
capres	NNP
PD	NNP
sendiri	PRF
akan	MD
dimulai	VB
pada	IN
September	NNP
2013	CD
mendatang	VB
.	Z

Pada	IN
sepuluh	CD
tahun	NN
belakangan	NN
ini	PRD
tim	NN
bola	NN
voli	NN
kami	PRP
tak	RB
terkalahkan	VB
.	Z

Anda	PRP
pergi	VB
ke	IN
kota	NN
tidak	RB
.	Z

Bagi	IN
saya	PRP
,	Z
tidak	RB
ada	VB
masalah	NN
.	Z

Sebagian	ID
polisi	NN
membawa	VB
senjata	NN
laras	NN
panjang	JJ
.	Z

Produksi	NN
pabrik	NN
kertas	NN
itu	PRD
menjadi	VB
macet	JJ
akibat	SC
kekurangan	NN
bahan	NN
baku	NN
.	Z

Kedua	CD
pertandingan	NN
tersebut	PRD
juga	RB
berlangsung	VB
di	IN
bawah	NN
waktu	NN
30	CD
menit	NN
.	Z

Ke-16	CD
WNI	NNP
ini	PRD
berangkat	VB
ke	IN
Kamboja	NNP
pada	IN
Februari	NNP
2015	CD
lalu	JJ
.	Z

SB	NNP
mendatangi	VB
kediaman	NN
Habibie	NNP
di	IN
Jl	NNP
Patra	NNP
Kuningan	NNP
XIII	CD
No	NN
1	CD
,	Z
Kuningan	NNP
,	Z
Jakarta	NNP
Selatan	NNP
,	Z
Kamis	NNP
(	Z
16/11/2006	SYM
)	Z
pukul	NN
13.00	SYM
WIB	NNP
.	Z

Anak	NN
itu	PRD
aneh	JJ
sekali	RB
.	Z

Tripoli	NNP
,	Z
-	SYM
Libya	NNP
terus	RB
berkecamuk	VB
.	Z

Lima	CD
belas	CD
menit	NN
lagi	RB
pintu	NN
masuknya	NN
akan	MD
ditutup	VB
.	Z

Apakah	WH
akan	MD
mengirim	VB
surat	NN
ke	IN
lambaga	NN
tinggi	JJ
negara	NN
?	Z

Tingkah	NN
laku	NN
abang	NN
sulungnya	NN
kewanita-wanitaan	JJ
.	Z

Pencarian	NN
puing-puing	NN
Malaysia	NNP
Airlines	NNP
(	Z
MAS	NNP
)	Z
MH370	NNP
terus	RB
berlanjut	VB
di	IN
bagian	NN
selatan	NN
Samudera	NNP
Hindia	NNP
.	Z

Ada	VB
berapa	WH
jumlah	NN
buruh	NN
di	IN
pabrik	NN
anda	PRP
.	Z

Gunung	NN
ini	PRD
terakhir	JJS
kali	NN
meletus	VB
pada	IN
tahun	NN
1976	CD
silam	JJ
.	Z

Saya	PRP
harus	MD
menjalaninya	VB
.	Z

Kenaikan	NN
pangkat	NN
dari	IN
Inspektur	NN
Polisi	NN
Satu	CD
(	Z
Iptu	NNP
)	Z
menjadi	VB
AKP	NNP
sebanyak	ID
24	CD
orang	NN
.	Z

Anda	PRP
suka	VB
belajar	VB
bahasa	NN
Indonesia	NNP
,	Z
ya	UH
.	Z

Petugas	NN
haji	NN
akan	MD
mulai	VB
menyisir	VB
tenda	NN
jamaah	NN
haji	NN
di	IN
Mina	NNP
.	Z

Masakannya	NN
agak	RB
tawar	JJ
rasanya	NN
.	Z

Eka	NNP
didampingi	VB
istrinya	NN
,	Z
I	NNP
Gusti	NNP
Ayu	NNP
Sriani	NNP
.	Z

Hujan	NN
deras	JJ
mengguyur	VB
sekitar	RB
45	CD
menit	NN
.	Z

Ancaman	NN
hukumannya	NN
13,5	CD
tahun	NN
penjara	NN
dan	CC
denda	NN
Rp	NNP
100	CD
juta	CD
.	Z

Mereka	PRP
sudah	RB
lama	JJ
berpisah	VB
.	Z

Kapan	WH
pamanmu	NN
berangkat	VB
.	Z

Data	NN
di	IN
atas	IN
adalah	MD
hasil	NN
perhitungan	NN
ulang	RB
.	Z

Gawang	NN
mereka	PRD
terbobol	VB
.	Z

Belum	RB
terlihat	VB
petugas	NN
kebersihan	NN
.	Z

Dulu	RB
ayahnya	NN
jagoan	NN
main	VB
catur	NN
.	Z

''	Z
Di	IN
mahkamah	NN
partai	NN
jelas	JJ
pertimbangannya	NN
di	IN
halaman	NN
135	CD
.	Z

Menurut	IN
sumber	NN
detikcom	NNP
di	IN
internal	JJ
PKS	NNP
,	Z
Wakil	NN
Ketua	NN
DPR	NNP
pengganti	NN
Anis	NNP
Matta	NNP
Adalah	MD
anggota	NN
Komisi	NNP
VI	CD
DPR	NNP
Sohibul	NNP
Iman	NNP
.	Z

Petugas	NN
masih	RB
melakukan	VB
perbaikan	NN
di	IN
lokasi	NN
.	Z

''	Z
Saya	PRP
terbebani	VB
.	Z

Atas	IN
peristiwa	NN
ini	PRD
,	Z
Gedung	NNP
Putih	NNP
menyampaikan	VB
belasungkawa	NN
.	Z

Kemarin	NN
asap	NN
belum	RB
masuk	VB
.	Z

Adikku	NN
meminang	VB
pacarnya	NN
di	IN
depan	NN
banyak	ID
orang	NN
.	Z

Ada	VB
100	CD
lembar	DT
dolar	NN
palsu	JJ
pecahan	NN
US	NNP
$	SYM
100	CD
.	Z

Jenazah	NNP
tiba	VB
di	IN
rumah	NN
duka	NN
dari	IN
RS	NNP
Kosgoro	NNP
pada	IN
pukul	NN
14.30	SYM
WIB	NNP
,	Z
Rabu	NNP
(	Z
14/1/2009	SYM
)	Z
.	Z

Apalagi	CC
PKS	NNP
juga	RB
mempunyai	VB
basis	NN
massa	NN
Islam	NNP
.	Z

Para	DT
pengusaha	NN
pun	P
mengeluhkan	VB
terjadinya	NN
perang	NN
tarif	NN
.	Z

3.	Z
Wiranto-Sholah	NNP
:	Z
23.727.613	CD
(	Z
22.19	CD
%	SYM
)	Z

Mereka	PRP
berangkat	VB
pada	IN
pukul	NN
tujuh	CD
.	Z

Semasa	NN
hidupnya	NN
,	Z
perempuan	NN
itu	PRD
rajin	JJ
mengaji	VB
.	Z

Itu	PRD
belum	RB
termasuk	VB
suap	NN
dalam	IN
bentuk	NN
lainnya	JJ
.	Z

Belum	RB
diketahui	VB
penyebab	NN
kerusuhan	NN
itu	PRD
.	Z

Kami	PRP
bisa	MD
menggunakan	VB
semua	ID
teknologi	NN
modern	JJ
di	IN
seluruh	ID
Angkatan	NNP
Bersenjata	VB
.	Z

Saya	PRP
sangat	RB
rindu	VB
kepada	IN
adikku	NN
.	Z

Tolong	VB
dipercepat	VB
Saya	PRP
lagi	RB
memburu	VB
waktu	NN
.	Z

Hari	NN
ini	PRD
terasa	VB
dingin	JJ
sekali	RB
.	Z

Anaknya	NN
suka	VB
bersembunyi	VB
di	IN
balik	NN
pintu	NN
.	Z

Dalam	IN
pemilu	NNP
Rabu	NNP
25	CD
Januari	NNP
lalu	JJ
,	Z
Hamas	NNP
merebut	VB
76	CD
dari	IN
132	CD
kursi	NN
.	Z

Pemuda-pemuda	NN
harus	MD
mengejar	VB
cita-cita	NN
mereka	PRP
masing-masing	PRP
.	Z

Isti	NNP
masuk	VB
ke	IN
Malaysia	NNP
secara	IN
legal	JJ
.	Z

Boleh	MD
saya	PRP
lihat	VB
surat	NN
penerimaan	NN
sekolah	NN
.	Z

Jakarta	NNP
-	SYM
Lengsernya	NN
mantan	JJ
Presiden	NNP
Soeharto	NNP
memasuki	VB
tahun	NN
kesepuluh	OD
.	Z

Kenapa	WH
Bapak	NN
tidak	RB
langsung	RB
menelepon	VB
ke	IN
HPnya	NNP
.	Z

Suaranya	NN
merendah	VB
.	Z

Saya	PRP
akan	MD
mengirim	VB
surat	NN
kepada	IN
temanku	NN
.	Z

Mobil	NN
itu	PRD
rusak	JJ
di	IN
bagian	NN
depannya	NN
.	Z

Guru	NN
itu	PRD
amat	RB
baik	JJ
.	Z

Kelihatannya	RB
ayahku	NN
sudah	RB
tua	JJ
.	Z

Sejauh	RB
ini	PRD
garis	NN
pembatas	NN
masih	RB
terpasang	VB
.	Z

Pamannya	NN
akan	MD
pergi	VB
.	Z

''	Z
Dalam	IN
simulasi	NN
dua	CD
pasangan	NN
(	Z
head	FW
to	FW
head	FW
)	Z
,	Z
elektabilitas	NN
pasangan	NN
Risma-Anies	NNP
unggul	JJ
dibandingkan	VB
pasangan	NN
Ahok-Heru	NNP
.	Z

Di	IN
ASEAN	NNP
,	Z
isu	NN
narkotika	NN
juga	RB
menjadi	VB
konsentrasi	NN
negara-negara	NN
Asia	NNP
Tenggara	NNP
.	Z

Jumlah	NN
itu	PRD
mengalami	VB
kenaikan	NN
.	Z

Dalam	IN
sepekan	NN
ini	PRD
,	Z
pihak	NN
Lapas	NNP
Gintung	NNP
telah	RB
menyerahkan	VB
dua	CD
barang	NN
bukti	NN
.	Z

Ayahnya	NN
pergi	VB
ke	IN
Shanghai	NNP
lewat	VB
Wuhan	NNP
.	Z

Jakarta	NNP
-	SYM
Joko	NNP
S	NNP
Tjandra	NNP
masih	RB
berkeliaran	VB
bebas	JJ
.	Z

Minggu	NNP
kedua	OD
November	NNP
2013	CD
,	Z
Novi	NNP
baru	RB
saja	RB
keluar	VB
dari	IN
RS	NNP
Ketergantungan	NNP
Obat	NNP
(	Z
RSKO	NNP
)	Z
di	IN
Cibubur	NNP
.	Z

Hujan	NN
dicurahkan	VB
dari	IN
langit	NN
.	Z

Saya	PRP
belum	RB
mengenal	VB
teman	NN
sekelas	NN
saya	PRP
.	Z

Perutnya	NN
terasa	VB
lapar	JJ
.	Z

Stetoskop	NN
itu	PRD
ditekankan	VB
pada	IN
punggungnya	NN
.	Z

7.	Z
Henk	NNP
Ngantung	NNP
,	Z
Memanah	VB
,	Z
1943	CD
(	Z
reproduksi	NN
orisinal	JJ
oleh	IN
Haris	NNP
Purnomo	NNP
)	Z

Nah	UH
,	Z
saya	PRP
ingin	MD
beralih	VB
ke	IN
Laporan	NN
Tahunan	NN
.	Z

Tinggi	JJ
gunung	NN
itu	PRD
meter	NN
.	Z

Tahun	NN
berapa	WH
dia	PRP
keluar	VB
dari	IN
sekolah	NN
.	Z

Topi	NN
ini	PRD
bagus	JJ
benar	RB
.	Z

Jakarta	NNP
-	SYM
Eks	NNP
Bupati	NNP
Lampung	NNP
Tengah	NNP
,	Z
Andi	NNP
Ahmad	NNP
Sampurna	NNP
,	Z
akan	MD
bersaksi	VB
untuk	IN
mantan	JJ
Menteri	NNP
Dalam	NNP
Negeri	NNP
,	Z
Hari	NNP
Sabarno	NNP
.	Z

Prabowo	NNP
juga	RB
menyinggung	VB
terjadinya	NN
ancaman	NN
terhadap	IN
saksi-saksi	NN
dari	IN
koalisi	NN
Merah	NNP
Putih	NNP
.	Z

Orang	NN
itu	PRD
tak	RB
teringat	VB
olehku	PO
.	Z

Kertas-kertas	NN
semacam	RB
itu	PRD
masih	RB
banyak	JJ
.	Z

Uang	NN
saya	PRP
hanya	RB
yuan	NN
saja	RB
.	Z

Jam	NN
menunjukkan	VB
kira-kira	RB
19:30	SYM
(	Z
hari	NN
Sabtu	NNP
)	Z
.	Z

Saya	PRP
akan	MD
mengurus	VB
tempat	NN
tinggalmu	VB
.	Z

Beberapa	ID
tetangga	NN
Deny	NNP
juga	RB
ikut	VB
salat	NN
jenazah	NN
.	Z

Anak	NN
itu	PRD
(	Z
merasa	VB
)	Z
heran	JJ
sekali	RB
.	Z

Sultan	NNP
HB	NNP
X	CD
tiba	VB
ke	IN
RS	NNP
Lapangan	NNP
di	IN
GOR	NNP
Universitas	NNP
Negeri	NNP
Yogyakarta	NNP
(	Z
UNY	NNP
)	Z
,	Z
Minggu	NNP
(	Z
04/06/2006	SYM
)	Z
pukul	NN
13.15	SYM
WIB	NNP
.	Z

Mana	WH
boleh	MD
rontgen	NN
banyak	JJ
sekali	RB
,	Z
''	Z
lanjut	VB
Yasher	NNP
.	Z

Hanya	RB
menimbulkan	VB
korban	NN
materi	NN
saja	RB
.	Z

Mereka	PRP
tidak	RB
datang	VB
.	Z

Saya	PRP
tidak	RB
pernah	RB
sakit	JJ
maag	NN
.	Z

Titik	NN
kemacetan	NN
di	IN
Jakarta	NNP
pun	P
lenyap	JJ
.	Z

Harta	NN
keluarganya	NN
dimiliki	VB
secara	IN
turun-temurun	VB
.	Z

Apakah	WH
pesawatnya	NN
akan	MD
berangkat	VB
sesuai	JJ
jadwalnya	NN
.	Z

Dia	PRP
ditemukan	VB
pingsan	VB
di	IN
Lantai	NN
5	CD
,	Z
Gedung	NNP
Summitmas	NNP
,	Z
Sudirman	NNP
,	Z
Jaksel	NNP
.	Z

Jombang	NNP
-	SYM
Hama	NN
tikus	NN
menjadi	VB
momok	NN
bagi	IN
para	DT
petani	NN
di	IN
Jombang	NNP
,	Z
Jawa	NNP
Timur	NNP
.	Z

Pohon	NN
itu	PRD
tumbang	VB
pukul	NN
15.00	SYM
WIB	NNP
,	Z
Rabu	NNP
(	Z
26/12/2007	SYM
)	Z
tepat	JJ
di	IN
depan	NN
BCA	NNP
Klender	NNP
.	Z

Penganiayaan	NN
ini	PRD
terjadi	VB
Rabu	NNP
,	Z
(	Z
23/03/2005	SYM
)	Z
,	Z
pukul	NN
21.10	SYM
WIB	NNP
di	IN
kediaman	NN
mereka	PRP
,	Z
Jl.	NNP
Elang	NNP
Indonesia	NNP
B	NNP
I	NNP
No.	NN
17	CD
,	Z
Rt05/08	X
,	Z
Kelurahan	NNP
Cipinang	NNP
Melayu	NNP
,	Z
Jakarta	NNP
Timur	NNP
.	Z

''	Z
Aku	PRP
kan	P
sudah	RB
cek	VB
semua	ID
.	Z

Maklum	VB
saja	RB
berulang	VB
kali	NN
upaya	NN
eksekusi	NN
gedung	NN
perkantoran	NN
itu	PRD
selalu	RB
dihalang-halangi	VB
.	Z

Guru	NN
kami	PRP
baru	RB
kembali	VB
.	Z

Mereka	PRP
baru	RB
datang	VB
.	Z

Hong	NNP
Kong	NNP
benar-benar	RB
merupakan	MD
kota	NN
dunia	NN
.	Z

Bagaimana	WH
anda	PRP
mengkontrol	VB
kualitas	NN
produknya	NN
.	Z

Ucok	NNP
cs	NNP
dibawa	VB
ke	IN
ruang	NN
tahanan	NN
pengadilan	NN
.	Z

Buku-buku	NN
bahasa	NN
Indonesia	NNP
itu	PRD
harus	MD
dipisahkan	VB
dari	IN
buku-buku	NN
bahasa	NN
Tionghoa	NNP
.	Z

Pelaku	NN
utama	JJ
atas	IN
nama	NN
Goenarni	NNP
Gunawan	NNP
telah	RB
ditetapkan	VB
tersangka	NN
pada	IN
kasus	NN
tersebut	PRD
.	Z

Kesepakatan	NN
itu	PRD
dituangkan	VB
dalam	IN
tanda	NN
tangan	NN
deklarasi	NN
damai	JJ
.	Z

Jadi	SC
itu	PRD
pun	P
salah	JJ
.	Z

Penyalur	NN
migas	NN
di	IN
Indonesia	NNP
kan	P
memang	RB
bukan	RB
hanya	RB
Pertamina	NNP
.	Z

Aku	PRP
terkejut	VB
setengah	ID
mati	VB
.	Z

Dalam	IN
kunjungannya	NN
Sri	NNP
Sultan	NNP
didampingi	VB
oleh	IN
Kepala	NNP
Basarnas	NNP
dr	NNP
Anang	NNP
Prayudi	NNP
.	Z

Gambar	NN
ini	PRD
tak	RB
ternilai	VB
harganya	NN
.	Z

Rata-rata	NN
kecelakaan	NN
tersebut	PRD
dialami	VB
para	DT
pemotor	NN
.	Z

Dia	PRP
selingkuh	VB
ama	IN
cewek	NN
lain	JJ
.	Z

Depok	NNP
-	SYM
DA	NNP
adalah	MD
perempuan	NN
raja	NN
tega	JJ
.	Z

Saya	PRP
pernah	RB
menjadi	VB
guru	NN
SD	PRP

Dia	PRP
sudah	RB
berdiri	VB
tiga	CD
jam	NN
.	Z

Mereka	PRP
adalah	MD
Mus	NNP
Mulyadi	NNP
,	Z
Abdul	NNP
Rachman	NNP
,	Z
G	NNP
Asman	NNP
Gilir	NNP
,	Z
Suriadi	NNP
,	Z
Suwaji	NNP
,	Z
Sudarto	NNP
,	Z
Rusliandi	NNP
,	Z
Salehuddin	NNP
,	Z
Abu	NNP
Bakar	NNP
Has	NNP
,	Z
Abdul	NNP
Sani	NNP
,	Z
Mahdalena	NNP
,	Z
Sutopo	NNP
Gasip	NNP
,	Z
Idrus	NNP
Tanjung	NNP
dan	CC
Saiful	NNP
Aduar	NNP
.	Z

Ia	PRP
lalu	SC
menyapa	VB
mahasiswa	NN
.	Z

Ledakan	NN
itu	PRD
terjadi	VB
sekitar	RB
pukul	NN
03.30	SYM
WIB	NNP
di	IN
kantor	NN
Multipiranti	NNP
Graha	NNP
,	Z
Duren	NNP
Sawit	NNP
,	Z
Jakarta	NNP
Timur	NNP
.	Z

Isinya	NN
sangat	RB
mencurigakan	JJ
.	Z

Raker	NNP
dimulai	VB
pukul	NN
09.30	SYM
WIB	NNP
.	Z

Jekke	NNP
Pereira	NNP
menderita	VB
penyakit	NN
jantung	NN
.	Z

Jakarta	NNP
-	SYM
Komisi	NNP
Pemberantasan	NNP
Korupsi	NNP
(	Z
KPK	NNP
)	Z
memberikan	VB
pendidikan	NN
antikorupsi	NN
kepada	IN
puluhan	ID
mahasiswa	NN
Universitas	NNP
Negeri	NNP
Jakarta	NNP
.	Z

Cirebon	NNP
-	SYM
Sebanyak	JJ
6	CD
butir	NN
pil	NN
jenis	NN
happy	FW
five	FW
diselundupkan	VB
ke	IN
Lembaga	NNP
Pemasyarakatan	NNP
Khusus	NNP
Narkotika	NNP
Gintung	NNP
Cirebon	NNP
.	Z

Anggota	NN
DPD	NNP
itu	PRD
tengah	RB
menerima	VB
suap	NN
dari	IN
seorang	DT
pengusaha	NN
.	Z

Dia	PRP
akan	MD
kembali	RB
besok	NN
.	Z

Ulah	NN
mesum	JJ
itu	PRD
terendus	VB
warga	NN
.	Z

Itulah	PRD
Sekolah	NNP
Indonesia	NNP
Nederland	NNP
(	Z
SIN	NNP
)	Z
di	IN
Wassenaar	NNP
.	Z

Kita	PRP
tidak	RB
ingin	MD
sembunyi-sembunyi	RB
.	Z

Satu	CD
orang	NN
di	IN
antaranya	PO
mendapat	VB
kenaikan	NN
pangkat	NN
penghargaan	NN
dalam	IN
rangka	NN
pensiun	NN
.	Z

Ayo	UH
berkreasi	VB
untuk	IN
negeri	NN
,	Z
detik	NN
ini	PRD
juga	RB
!	Z

Penilaian	NN
terhadap	IN
novel	NN
itu	PRD
terlalu	RB
tinggi	JJ
.	Z

Dia	PRP
berasal	VB
dari	IN
keluarga	NN
petani	NN
.	Z

Polisi	NN
masih	RB
mengusut	VB
peristiwa	NN
perampokan	NN
tersebut	PRD
.	Z

Golkar	NNP
tidak	RB
mempunyai	VB
target	NN
angka	NN
.	Z

Semua	ID
temannya	NN
hadir	VB
dalam	IN
pestanya	NN
.	Z

Ada	VB
buku	NN
,	Z
majalah	NN
,	Z
surat	NN
kabar	NN
dan	CC
lain-lain	JJ
.	Z

Berbagai	ID
kontingen	NN
Prajurit	NN
P.B.B	NNP
.	Z
mengalami	VB
masalah	NN
disiplin	NN
di	IN
masa	NN
lalu	JJ
.	Z

(	Z
Terkait	VB
)	Z
Putusan	NN
tadi	RB
kami	PRP
tidak	RB
berkomentar	VB
dulu	RB
.	Z

Guru	NN
kami	PRP
sering	RB
menunjukkan	VB
kesalahan	NN
percakapan	NN
kami	PRP
dalam	IN
bahasa	NN
Indonesia	NNP
.	Z

Visa	NN
ke	IN
Australia	NNP
masih	RB
berlaku	VB
.	Z

SK	NNP
Penonaktifan	NNP
diserahkan	VB
kepada	IN
Marim	NNP
Purba	NNP
oleh	IN
Gubernur	NNP
Sumut	NNP
HT	NNP
Rizal	NNP
Nurdin	NNP
.	Z

Anggito	NNP
Abimanyu	NNP
adalah	MD
Kepala	NNP
Badan	NNP
Kebijakan	NNP
Fiskal	NNP
Kemenkeu	NNP
pada	IN
masa	NN
kepemimpinan	NN
Sri	NNP
Mulyani	NNP
.	Z

Kalimat	NN
ini	PRD
berasal	VB
dari	IN
cerita	NN
itu	PRD
.	Z

Kami	PRP
merasa	VB
bangga	JJ
atas	IN
hasilmu	NN
.	Z

Tjahjo	NNP
Kumolo	NNP
Mengangkat	VB
tangan	NN

Pada	IN
kesempatan	NN
ini	PRD
perkenankanlah	VB
saya	PRP
atas	IN
nama	NN
panitia	NN
menyampaikan	VB
penghargaan	NN
kepada	IN
jago-jago	NN
renang	NN
kami	PRP
.	Z

Saya	PRP
memang	RB
bagian	NN
ticketing	FW
di	IN
piala	NN
AFF	NNP
.	Z

Ribuan	ID
orang	NN
akan	MD
menggelar	VB
aksi	NN
demo	NN
di	IN
berbagai	ID
tempat	NN
usai	SC
salat	NN
Jumat	NNP
.	Z

Kita	PRP
harus	MD
membangun	VB
negeri	NN
kita	PRD
.	Z

Luncuran	NN
awan	NN
panas	JJ
terlihat	VB
jelas	JJ
pada	IN
pukul	NN
11.20	SYM
WIb	NNP
.	Z

Singapura	NNP
hidup	VB
dari	IN
ekspor	NN
energi	NN
ke	IN
Indonesia	NNP
.	Z

Ferry	NNP
sendiri	PRF
telah	RB
diserahkan	VB
tahap	NN
kedua	OD
ke	IN
Kejati	NNP
DKI	NNP
beberapa	ID
pekan	NN
lalu	JJ
.	Z

Pesawat	NN
kita	PRP
sekarang	NN
ada	VB
di	IN
ketinggian	NN
meter	NN
.	Z

Pada	IN
Oktober	NNP
2013	CD
lalu	JJ
,	Z
sekitar	RB
115	CD
orang	NN
tewas	VB
terinjak-injak	VB
di	IN
dekat	JJ
kuil	NN
Hindu	NNP
lainnya	JJ
di	IN
Madhya	NNP
Pradesh	NNP
.	Z

''	Z
Pak	NNP
Yohanes	NNP
dipanggil	VB
lagi	RB
untuk	IN
dikonfrontir	VB
.	Z

Buku-buku	NN
itu	PRD
diambili	VB
oleh	IN
anaknya	NN
.	Z

Pengamanan	NN
memang	RB
diperketat	VB
.	Z

Dalam	IN
pertandingan	NN
semi-final	NN
,	Z
dia	PRP
tampil	VB
jauh	JJ
di	IN
bawah	NN
penampilan	NN
prima	JJ
.	Z

Ya	UH
ampun	UH
!	Z
Mudah-mudahan	RB
lancar	JJ
ya	UH
hari	NN
ini	PRD
.	Z

Aksi	NN
pencurian	NN
itu	PRD
terjadi	VB
pada	IN
Sabtu	NNP
(	Z
11-Apr	SYM
)	Z
sekitar	RB
pukul	NN
12.00	SYM
Wita	NNP
.	Z

Pacar	NN
putrinya	NN
tidak	RB
berkenan	VB
di	IN
hati	NN
ayah	NN
.	Z

Lokasinya	NN
sekitar	RB
50	CD
kilometer	NN
di	IN
luar	NN
ibu	NN
kota	NNP
Ulaanbaatar	NNP
.	Z

AKR	NNP
(	Z
Aneka	NNP
Kimia	NNP
Raya	NNP
)	Z
itu	PRD
perusahaan	NN
penyalur	NN
migas	NN
,	Z
''	Z
terang	JJ
Bambang	NNP
.	Z

''	Z
Ya	UH
saya	PRP
kira	VB
arahan	NN
itu	PRD
(	Z
revisi	NN
UU	NNP
Pilkada	NNP
)	Z
wajar	JJ
ya	UH
.	Z

Acara	NN
dimulai	VB
pukul	NN
14.25	SYM
WIB	NNP
di	IN
ruang	NN
auditorium	NN
Kemenag	NNP
,	Z
Jl	NNP
MH	NNP
Thamrin	NNP
,	Z
Jakarta	NNP
Pusat	NNP
.	Z

Canberra	NNP
,	Z
-	SYM
Pesawat	NNP
AirAsia	NNP
QZ8501	NNP
menghilang	VB
secara	IN
misterius	JJ
.	Z

Penjual	NN
itu	PRD
memilihkan	VB
buah	NN
semangka	NN
untuk	IN
saya	PRP
.	Z

Tinggi	JJ
sekali	RB
gunung	NN
ini	PRD
.	Z

Dia	PRP
juga	RB
pergi	VB
.	Z

Ada	VB
berapa	WH
kali	NN
penerbangan	NN
dalam	IN
sehari	NN
.	Z

Penyidik	NN
akan	MD
memeriksa	VB
mereka	PRP
secara	IN
terpisah	VB
.	Z

Sisi	NN
feminitas	NN
dalam	IN
sosok	NN
Icha	NNP
,	Z
memerlukan	VB
pengakuan	NN
dari	IN
figur	NN
seorang	DT
laki-laki	NN
.	Z

Saat	SC
ini	PRD
anggota	NN
DPD	NNP
tersebut	PRD
tengah	RB
menjalani	VB
pemeriksaan	NN
intensif	JJ
di	IN
KPK	NNP
.	Z

Kami	PRP
semua	ID
suka	VB
membaca	VB
buku	NN
.	Z

Dia	PRP
langsung	RB
masuk	VB
ke	IN
dalam	IN
gedung	NN
tersebut	PRD
.	Z

Damaskus	NNP
,	Z
-	SYM
Gedung	NNP
bank	NN
sentral	JJ
Suriah	NNP
terkena	VB
serangan	NN
mortir	NN
.	Z

Neneknya	NN
pantang	NN
dibantah	VB
.	Z

Mia	NNP
merupakan	MD
warga	NN
Petamburan	JJ
,	Z
Jakarta	NNP
Barat	NNP
.	Z

Brisbane	NNP
-	SYM
Australia	NNP
serius	JJ
menggelar	VB
KTT	NNP
G20	NNP
.	Z

Jaksa	NN
akan	MD
diberi	VB
kesempatan	NN
pada	IN
Senin	NNP
(	Z
26-Sep	SYM
)	Z
pagi	NN
sekitar	RB
pukul	NN
09.00	SYM
WIB	NNP
.	Z

Kami	PRP
pun	P
tak	RB
bisa	MD
membantu	VB
.	Z

Banyak	ID
dari	IN
mereka	PRP
datang	VB
kemari	VB
di	IN
pergantian	NN
abad	NN
.	Z

Kesederhanaan	NN
Hoegeng	NNP
selalu	RB
menjadi	VB
harapan	NN
masyarakat	NN
soal	NN
kepemimpinan	NN
Polri	NNP
saat	SC
ini	PRD
.	Z

Tidak	RB
perlu	MD
menuduh	VB
satu	CD
negara	NN
.	Z

Pertemuan	NN
mereka	PRP
kali	NN
ini	PRD
di	IN
luar	NN
dugaan	NN
kami	PRP
.	Z

Sepeda	NN
ini	PRD
sepeda	NN
baru	JJ
.	Z

Saya	PRP
punya	VB
perasaan	NN
buruk	JJ
terhadap	IN
mereka	PRP
.	Z

Dia	PRP
tidak	RB
rajin	JJ
belajar	VB
dalam	IN
beberapa	ID
minggu	NN
ini	PRD
.	Z

Melalui	IN
tes	NN
urin	NN
,	Z
keduanya	NN
positif	JJ
menggunakan	VB
narkoba	NN
jenis	NN
sabu	NN
.	Z

Moe	NNP
(	Z
Kwan	NNP
Wing-lun	NNP
)	Z
berumur	VB
30	CD
di	IN
tahun	NN
ini	PRD
.	Z

Mobil	NN
Maria	NNP
Eva	NNP
diamankan	VB
di	IN
Polda	NNP
Metro	NNP
Jaya	NNP
.	Z

Kedatangan	NN
Jokowi	NNP
disambut	VB
pelanggan	NN
gedung	NN
empat	CD
lantai	NN
tersebut	PRD
.	Z

Pokoknya	RB
beres	JJ
deh	UH
.	Z

Kita	PRP
bersama-sama	VB
pergi	VB
,	Z
ya	UH
.	Z

Bapak	NN
sebaiknya	RB
tunggu	VB
saja	RB
di	IN
sini	PRD
.	Z

Minumlah	VB
obat	NN
ini	PRD
.	Z

''	Z
Kita	PRP
harus	MD
prihatin	VB
ini	PRD
.	Z

Jakarta	NNP
-	SYM
Polisi	NN
menahan	VB
atasan	NN
Gayus	NNP
Tambunan	NNP
,	Z
Maruli	NNP
Pandapotan	NNP
Manurung	NNP
.	Z

Rem	NN
sepedaku	NN
ini	PRD
macet	JJ
.	Z

Tiga	CD
terdakwa	NN
kasus	NN
pembunuhan	NN
Nasrudin	NNP
telah	RB
divonis	VB
.	Z

Dia	PRP
pamit	VB
ke	IN
kamar	NN
pukul	NN
21.30	SYM
WIB	NNP
.	Z

Jakarta	NNP
-	SYM
Ketua	NNP
Umum	NNP
PBNU	NNP
KH	NNP
Hasyim	NNP
Muzadi	NNP
meminta	VB
proses	NN
hukum	NN
atas	IN
mantan	JJ
Presiden	NNP
Soeharto	NNP
.	Z

Beberapa	ID
kader	NN
PD	NNP
memang	RB
tengah	RB
terseret	VB
kasus	NN
hukum	NN
.	Z

Bicaranya	NN
mengesankan	VB
sekali	RB
.	Z

Ulama	NN
harus	MD
mencerdaskan	VB
umat	NN
dalam	IN
arti	NN
sebenar-benarnya	RB
.	Z

Jakarta	NNP
-	SYM
Tim	NNP
Pemberantasan	NN
Korupsi	NNP
sejenis	NN
Timtas	NNP
Tipikor	NNP
akan	MD
segera	RB
dibentuk	VB
di	IN
Aceh	NNP
.	Z

''	Z
Saya	PRP
capek	JJ
urusi	VB
mereka	PRP
terus	RB
.	Z

Hati-hati	RB
waktu	SC
melewati	VB
jembatan	NN
ini	PRD
.	Z

Berikut	VB
elektabilitas	NN
10	CD
besar	JJ
tokoh	NN
menjelang	VB
Pilpres	NNP
2019	CD
menurut	IN
responden	NN
.	Z

Jakarta	NNP
-	SYM
Kerja	NN
sama	JJ
Kejaksaan	NNP
Agung	NNP
(	Z
Kejagung	NNP
)	Z
dan	CC
Komisi	NNP
Pemberantasan	NNP
Korupsi	NNP
(	Z
KPK	NNP
)	Z
dalam	IN
menangani	VB
dugaan	NN
korupsi	NN
mantan	JJ
Dirut	NNP
Perum	NNP
Bulog	NNP
Widnajarko	CD
Puspoyo	CD
luar	NN
biasa	JJ
.	Z

Saat	SC
berjalan	VB
kaki	NN
dari	IN
lapangan	NN
depan	NN
People	NNP
Comittee	NNP
Hall	NNP
ke	IN
Jalan	NN
Le	NNP
Loi	NNP
,	Z
bress	FW
!	Z

Rekaman	NN
itu	PRD
berisi	VB
pengaturan	NN
dalam	IN
pemeriksaan	NN
dugaan	NN
monopoli	NN
Temasek	NNP
di	IN
KPPU	NNP
.	Z

Polisi	NN
itu	PRD
sudah	RB
mengikat	VB
tangan	NN
pencopet	NN
.	Z

Semua	ID
dilelang	VB
.	Z

Di	IN
setiap	DT
traksaksi	NN
tersebut	PRD
,	Z
DA	NNP
mendapat	VB
komisi	NN
Rp	NNP
300	CD
ribu	CD
dari	IN
jasa	NN
gadis-gadisnya	NN
ini	PRD
.	Z

Freeport	NNP
diwakili	VB
oleh	IN
Nindu	NNP
Pangaribuan	NNP
.	Z

Petani	NN
itu	PRD
hendak	RB
ke	IN
kota	NN
.	Z

''	Z
Sekali	NN
lagi	RB
,	Z
ini	PRD
kan	P
tidak	RB
bisa	MD
berandai-andai	VB
.	Z

Kartu	NN
keberangkatan	NN
Ibu	NN
kok	RB
belum	RB
diisi	VB
.	Z

Pada	IN
waktu	NN
itu	PRD
pemimpin	NN
negeri	NN
kita	PRP
dapat	MD
menguasai	VB
keadaan	NN
seluruh	ID
negeri	NN
.	Z

Para	DT
korban	NN
pun	P
meragukan	VB
keaslian	NN
'	Z
Selly	NNP
Wati	NNP
'	Z
.	Z

Kami	PRP
mohon	VB
maaf	NN
atas	IN
keterlambatan	NN
pesawat	NN
.	Z

Tak	RB
ada	VB
korban	NN
dalam	IN
insiden	NN
ini	PRD
.	Z

Dia	PRP
tertinggi	JJS
di	IN
kelasnya	NN
.	Z

Selain	IN
pada	IN
momen	NN
itu	PRD
,	Z
ada	VB
beberapa	ID
momen	NN
lain	JJ
'	Z
nyanyian	NN
kode	NN
'	Z
Jokowi	NNP
soal	NN
pencapresannya	NN
.	Z

Orang	NN
itu	PRD
banyak	JJ
membantu	VB
saya	PRP
.	Z

Pemberlakuan	NN
status	NN
keamanan	NN
Siaga	NNP
I	CD
berlaku	VB
untuk	IN
seluruh	ID
wilayah	NN
RI	NNP
.	Z

Tas	NN
itu	PRD
sebaru	NN
tas	NN
saya	PRP
.	Z

Situasi	NN
politik	NN
internasional	JJ
sekarang	NN
sangat	RB
menguntungkan	VB
pihak	NN
kami	PRP
.	Z

Gawang	NN
mereka	PRP
kebobolan	VB
.	Z

Mesin	NN
televisi	NN
di	IN
kamar	NN
rusak	JJ
.	Z

Polisi	NN
juga	RB
membekuk	VB
seorang	DT
penyusup	NN
.	Z

Mereka	PRP
mengalahkan	VB
tujuh	CD
pasangan	NN
lainnya	JJ
.	Z

Untuk	IN
pertama	OD
kali	NN
saya	PRP
pergi	VB
ke	IN
Jakarta	NNP
.	Z

Massa	NN
juga	RB
sempat	MD
melakukan	VB
perusakan	NN
di	IN
sekitar	RB
areal	NN
Pasar	NNP
Inpres	NNP
Kalianda	NNP
.	Z

Kami	PRP
sudah	RB
pesan	VB
meja	NN
untuk	IN
jam	NN
malam	NN
.	Z

Jakarta	NNP
-	SYM
Hatta	NNP
Rajasa	NNP
sudah	RB
mencicipi	VB
3	CD
pos	NN
menteri	NN
.	Z

Perlu	MD
juga	RB
datang	VB
pagi-pagi	RB
.	Z

Gereja	NNP
Katedral	NNP
Bandung	NNP
ini	PRD
berkapasitas	VB
1.600	CD
jamaat	FW
.	Z

Sisanya	NN
ternyata	VB
masih	RB
dianggap	VB
sah	JJ
.	Z

Mereka	PRP
menertawakan	VB
saya	PRP
.	Z

Indonesia	NNP
kaya	JJ
akan	MD
sumber	NN
daya	NN
alamnya	JJ
.	Z

Lift	FW
ada	VB
di	IN
sebelah	NN
kiri	NN
.	Z

Kepadatan	NN
arus	NN
lalu	NN
lintas	NN
terjadi	VB
.	Z

Hal	NN
itu	PRD
menyebabkan	VB
kekalahan	NN
partai	NN
tersebut	PRD
dari	IN
partai	NN
militan	NN
Hamas	NNP
.	Z

Peti	NN
itu	PRD
tak	RB
terangkat	VB
oleh	IN
ayahku	NN
.	Z

Ma	NNP
Li	NNP
paling	RB
tinggi	JJ
.	Z

Ma	NNP
Li	NNP
merebut	VB
gelar	NN
juara	NN
perorangan	NN
.	Z

Presiden	NNP
SBY	NNP
bersama	RB
Ibu	NNP
Negara	NNP
Ani	NNP
Yudhoyono	NNP
akan	MD
berkunjung	VB
ke	IN
Filipina	NNP
pada	IN
22	CD
-	SYM
24	CD
Mei	NNP
2014	CD
.	Z

Lantai	NN
kamar	NN
itu	PRD
bersih	JJ
.	Z

Kemenangan	NN
tersebut	PRD
sudah	RB
disetujui	VB
oleh	IN
seluruh	ID
panitia	NN
pilkada	NNP
.	Z

Sekali	NN
naik	VB
,	Z
berapa	WH
.	Z

Proses	NN
evakuasi	NN
berlangsung	VB
cepat	JJ
.	Z

Tawuran	NN
sempat	MD
memutus	VB
arus	NN
lalu	NN
lintas	NN
.	Z

Rosa	NNP
tiba	VB
di	IN
Pengadilan	NNP
Tipikor	NNP
Jl	NNP
HR	NNP
Rasuna	NNP
Said	NNP
,	Z
sekitar	RB
pukul	NN
09.20	SYM
WIB	NNP
,	Z
Rabu	NNP
(	Z
20/07/2011	SYM
)	Z
.	Z

Dita	NNP
Aditia	NNP
tidak	RB
hadir	VB
dalam	IN
pelaporan	NN
ini	PRD
.	Z

''	Z
Semua	ID
sudah	RB
berhasil	VB
lompat	VB
dari	IN
pesawat	NN
.	Z

Mungkin	RB
cuma	RB
teman	NN
biasa	JJ
aja	RB
.	Z

Departemen	NNP
Luar	NNP
Negeri	NNP
(	Z
Deplu	NNP
)	Z
AS	NNP
tidak	RB
mau	MD
berkomentar	VB
atas	IN
berita	NN
ini	PRD
.	Z

Sekarang	NN
ia	PRP
sudah	RB
dapat	MD
menyesuaikan	VB
diri	PRF
.	Z

Mohon	VB
dimaafkan	VB
.	Z

Kapan	WH
Anda	PRP
datang	VB
ke	IN
rumah	NN
saya	PRP
.	Z

''	Z
Pak	NN
menteri	NN
dingatkan	VB
tentang	IN
cacat	VB
sejarah	NN
.	Z

Kisah	NN
asmara	NN
Rom�o	NNP
dan	CC
Juliet	NNP
penuh	JJ
bara	NN
dan	CC
gelora	NN
.	Z

1.	Z
Affandi	NNP
,	Z
Laskar	NNP
Rakyat	NNP
Mengatur	NNP
Siasat	NNP
,	Z
1946	CD

Dia	PRP
baru	RB
keluar	VB
.	Z

Mobil	NN
semacam	RB
ini	PRD
mengganggu	VB
lalu	NN
lintas	NN
kota	NN
Guangzhou	NNP
.	Z

Adik	NN
menuliskan	VB
surat	NN
kakek	NN
.	Z

Baca	VB
terus	RB
,	Z
Ma	NNP
Li	NNP
.	Z

Di	IN
mana	WH
saja	RB
terdapat	VB
tim	NN
pemantau	NN
cuaca	NN
?	Z

Orangnya	NN
juga	RB
sudah	RB
pindah	VB
.	Z

Bandung	NNP
-	SYM
Gereja	NNP
Katedral	NNP
Bandung	NNP
juga	RB
disisir	VB
oleh	IN
Tim	NNP
Gegana	NNP
.	Z

Kepadatan	NN
bertambah	VB
saat	SC
menjelang	IN
rest	FW
area	NN
.	Z

Museum	NN
seni	NN
itu	PRD
belum	RB
terbuka	VB
untuk	IN
umum	JJ
.	Z

Operasi	NN
pun	P
akan	MD
segera	RB
berakhir	VB
.	Z

''	Z
Di	IN
tingkat	NN
basis	NN
massa	NN
PDIP	NNP
sudah	RB
terjadi	VB
switching	FW
.	Z

Insiden	NN
tersebut	PRD
terjadi	VB
sekitar	RB
pukul	NN
04.20	SYM
WIB	NNP
.	Z

Dugaan	NN
mantan	JJ
hakim	NN
konstitusi	NN
Arsyad	NNP
Sanusi	NNP
berada	VB
di	IN
balik	NN
kasus	NN
ini	PRD
makin	RB
kuat	JJ
.	Z

Ditolaknya	NN
pendapat	NN
ahli	NN
itu	PRD
memang	RB
di	IN
luar	NN
dugaan	NN
kami	PRP
.	Z

Datangnya	NN
mendadak	RB
sekali	RB
.	Z

Masyarakat	NNP
Arkeologi	NNP
Indonesia	NNP
(	Z
MARI	NNP
)	Z
pun	P
kembali	RB
melakukan	VB
ekspedisi	NN
arkeologi	NN
publik	NN
di	IN
Situs	NNP
Batu	NNP
Naga	NNP
di	IN
Dusun	NNP
Banjaran	NNP
Desa	NNP
Jabranti	NNP
Kecamatan	NNP
Karangkancana	NNP
Kabupaten	NNP
Kuningan	NNP
Jawa	NNP
Barat	NNP
pada	IN
23	CD
-	SYM
25	CD
Januari	NNP
.	Z

Ambil	NN
saja	RB
kembalinya	NN
.	Z

Tidak	RB
apa-apa	NN
Kami	PRP
juga	RB
baru	RB
datang	VB
.	Z

Tak	RB
habis-habisnya	RB
perempuan	NN
itu	PRD
memaki	VB
suaminya	NN
.	Z

Kami	PRP
sudah	RB
membuat	VB
lima	CD
kalimat	NN
.	Z

para	DT
ahli	NN
biasanya	RB
meninjau	VB
masalah-masalah	NN
ekonomi	NN
dari	IN
segi	NN
keahliannya	NN
.	Z

Anggota	NN
Tim	NNP
9	CD
Imam	NNP
Prasodjo	NNP
pun	P
mempertanyakan	VB
proses	NN
seleksi	NN
di	IN
DPR	NNP
itu	PRD
.	Z

Di	IN
tengah	RB
jalan	NN
,	Z
bus	NN
dicegat	VB
oleh	IN
sekelompok	NN
pria	NN
bersenjata	VB
.	Z

TP	NNP
kan	P
orangnya	NN
suka	VB
mendengar	VB
.	Z

Paris	NNP
,	Z
-	SYM
Pemerintah	NNP
Prancis	NNP
akan	MD
mengajukan	VB
resolusi	NN
soal	NN
Suriah	NNP
ke	IN
Dewan	NNP
Keamanan	NNP
PBB	NNP
.	Z

Keputusan	NN
ini	PRD
membuat	VB
konggres	X
geram	JJ
.	Z

Malu	JJ
bertanya	VB
,	Z
sesat	JJ
di	IN
jalan	NN
.	Z

Beliau	PRP
tidak	RB
pulang	VB
semalam	RB
.	Z

Sudah	RB
dimengerti	VB
kalimat	NN
ini	PRD
.	Z

Keberadaan	NN
Puteh	NNP
di	IN
Aceh	NNP
simpang	NN
siur	VB
.	Z

Anda	PRP
ada	VB
di	IN
rumah	NN
,	Z
ya	UH
.	Z

Mari	UH
kita	PRP
berangkat	VB
sekarang	NN
juga	RB
.	Z

Kedua	CD
gedung	NN
itu	PRD
berjauhan	VB
letaknya	NN
.	Z

Kota	NNP
Guangzhou	NNP
seperti	IN
sebuah	DT
taman	NN
bunga	NN
.	Z

Terus	RB
Ma	NNP
Li	NNP
baca	VB
.	Z

Panggil	VB
saja	RB
'	Z
Xiao	NNP
Li	NNP
'	Z

Penghapusan	NN
aturan	NN
3	CD
in	FW
1	CD
membuat	VB
kendaraan	NN
tak	RB
gerak	JJ
.	Z

Saat	SC
keluar	VB
hotel	NN
,	Z
kabut	NN
asap	NN
lebih	RB
pekat	JJ
.	Z

Mobilnya	NN
dirusak	VB
.	Z

Jadi	SC
akhirnya	RB
dia	PRP
mundur	VB
dari	IN
pertandingan	NN
itu	PRD
.	Z

Cinta	JJ
tumbuh	VB
seiring	NN
berjalannya	NN
waktu	NN
.	Z

Turut	VB
diamankan	VB
kedua	CD
keris	NN
itu	PRD
.	Z

Bantuanmu	NN
benar-benar	RB
meringankan	VB
pekerjaanku	NN
.	Z

Ketua	NNP
DPC	NNP
Partai	NNP
Gerindra	NNP
Banyuwangi	NNP
Nauval	NNP
Badri	NNP
mengakui	VB
arah	NN
dukungan	NN
partainya	NN
ke	IN
Anas	NNP
.	Z

Saya	PRP
boleh	MD
keluar	VB
malam	NN
hari	NN
asal	SC
seizin	NN
ayah	NN
saya	PRP
.	Z

Kecil-kecil	JJ
sudah	RB
mencari	VB
nafkah	NN
sendiri	PRF
.	Z

Peristiwa	NN
lori	NN
jalan	VB
sendiri	PRF
itu	PRD
terjadi	VB
pukul	NN
03.40	SYM
WIB	NNP
.	Z

OP	NNP
akan	MD
dilakukan	VB
sepanjang	NN
Okotober	NN
-	SYM
Desember	NNP
.	Z

Dua	CD
orang	NN
tewas	VB
dalam	IN
insiden	NN
itu	PRD
.	Z

''	Z
Firasat	NNP
ada	VB
.	Z

Kita	PRP
sendiri	PRF
juga	RB
masih	RB
panik	JJ
menghadapi	VB
masalah	NN
ini	PRD
.	Z

Jakarta	NNP
-	SYM
Kapolda	NNP
Metro	NNP
Irjen	NNP
Tito	NNP
Karnavian	NNP
menyambangi	VB
lokasi	NN
ledakan	NN
granat	NN
di	IN
Duren	NNP
Sawit	NNP
,	Z
Jaktim	NNP
.	Z

Mereka	PRP
didampingi	VB
tim	NN
advokasi	NN
dari	IN
Asosiasi	NNP
Profesi	NNP
Sumber	NNP
Daya	NNP
Manusia	NNP
Indonesia	NNP
(	Z
APSDMI	NNP
)	Z
.	Z

Targetnya	NN
untuk	IN
pemilu	NNP
ke	IN
depan	NN
PKB	NNP
bisa	MD
jadi	VB
nomor	NN
satu	CD
.	Z

Saya	PRP
sudah	RB
minta	VB
anak	NN
buah	NN
saya	PRP
untuk	IN
menjawab	VB
pertanyaan	NN
Ibu	NN
.	Z

Adiknya	NN
berdiri	VB
di	IN
sampingnya	NN
.	Z

Unjuk	VB
rasa	NN
ketiga	OD
diselenggarakan	VB
di	IN
depan	NN
Kantor	NN
KPU	NNP
,	Z
Jl	NNP
Imam	NNP
Bonjol	NNP
,	Z
Jakpus	NNP
.	Z

''	Z
P3K	SYM
itu	PRD
hanya	RB
kelengkapan	NN
darurat	NN
.	Z

Petugas	NN
memergoki	VB
selnya	NN
kosong	JJ
sekitar	RB
pukul	NN
07.00	SYM
WIB	NNP
.	Z

Ruangan	NN
itu	PRD
sudah	RB
padat	JJ
dengan	IN
mahasiswa	NN
.	Z

Baca	VB
kalimat	NN
ini	PRD
.	Z

Pasti	RB
akan	MD
menyejahterakan	VB
sekeliling	NN
kotanya	NN
.	Z

Lho	UH
kenapa	WH
argonya	NN
tidak	RB
dinyalakan	VB
.	Z

Pelaku	NN
digerebek	VB
.	Z

Apakah	WH
proses	NN
produksinya	NN
bisa	MD
otomatis	JJ
semua	ID
.	Z

Saya	PRP
sering	RB
mengajari	VB
adik	NN
saya	PRP
bahasa	NN
Inggris	NNP
.	Z

Standar	NN
kelulusan	NN
untuk	IN
tingkat	NN
SD	PRP
tergantung	VB
masing-masing	JJ
sekolah	NN
.	Z

Jakarta	NNP
-	SYM
Pimpinan	NN
KPK	NNP
non	RB
aktif	JJ
Bambang	NNP
Widjojanto	NNP
(	Z
BW	NNP
)	Z
menyambangi	VB
Bareskrim	NNP
Polri	NNP
terkait	VB
pelimpahan	NN
tahap	NN
dua	CD
kasus	NN
dugaan	NN
keterangan	NN
palsu	JJ
.	Z

Dia	PRP
memiliki	VB
alasan	NN
.	Z

Pabrik	NN
anda	PRP
sangat	RB
muda	JJ
usianya	NN
.	Z

Sudah	RB
ditemukan	VB
banyak	ID
sumber	NN
minyak	NN
di	IN
Laut	NNP
Tiongkok	NNP
Selatan	NNP
.	Z

Pilpres	NNP
menurut	RB
Muhammad	NNP
adalah	MD
hajatan	NN
bersama	RB
.	Z

Anda	PRP
sekalian	ID
tidak	RB
boleh	MD
masuk	VB
.	Z

Bagaimana	WH
dengan	IN
KPK	NNP
?	Z

Tertarik	VB
melihat-lihat	VB
batu	NN
konglomerat	NN
di	IN
Jabal	NNP
Magnet	NNP
?	Z

Dia	PRP
belum	RB
banyak	JJ
pengalaman	NN
di	IN
pertandingan	NN
tingkat	NN
dunia	NN
.	Z

Anda	PRP
tinggal	VB
di	IN
lantai	NN
berapa	WH
.	Z

Ma	NNP
Li	NNP
menganggap	VB
dirinya	PRF
cukup	RB
pintar	JJ
.	Z

Kami	PRP
bilang	VB
siap	VB
.	Z

Jakarta	NNP
-	SYM
Presiden	NNP
Susilo	NNP
Bambang	NNP
Yudhoyono	NNP
(	Z
SBY	NNP
)	Z
akan	MD
melakukan	VB
kunjungan	NN
kerja	NN
ke	IN
Manila	NNP
,	Z
Filipina	NNP
.	Z

Untuk	IN
tahun	NN
2012	CD
ini	PRD
anggaran	NN
untuk	IN
perawatan	NN
gedung	NN
tersebut	PRD
mencapai	VB
500	CD
miliar	CD
rupiah	NN
.	Z

Pentungan	NN
di	IN
pinggang	NN
kiri	NN
,	Z
borgol	NN
di	IN
sebelah	NN
kanan	NN
.	Z

Empat	CD
orang	NN
ikut	VB
dalam	IN
pertandingan	NN
perorangan	NN
.	Z

Saya	PRP
tak	RB
akan	MD
pergi	VB
ke	IN
luar	NN
negeri	NN
dalam	IN
tahun	NN
ini	PRD
.	Z

Suasana	NN
di	IN
dalam	IN
hotel	NN
pun	P
tak	RB
kalah	JJ
ketat	JJ
.	Z

Itu	PRD
belum	RB
terang	JJ
penjelasannya	NN
.	Z

''	Z
Kami	PRP
tidak	RB
khawatir	JJ
tidak	RB
bisa	MD
menampung	VB
.	Z

Perbaikan	NN
aspal	NN
runway	FW
dilakukan	VB
Sabtu	NNP
(	Z
13/10/2012	SYM
)	Z
kemarin	NN
.	Z

Kami	PRP
ingin	MD
cek-out	VB
.	Z

Mereka	PRP
menggugat	VB
UU	NNP
22/2001	SYM
tentang	IN
Migas	NNP
.	Z

Dia	PRP
masih	RB
belum	RB
bangun	VB
.	Z

M	NNP
Nuh	NNP
tiba	VB
di	IN
rumah	NN
Deny	NNP
di	IN
Jl	NNP
Manggis	NNP
1	CD
,	Z
Manggarai	NNP
,	Z
Jakarta	NNP
Selatan	NNP
,	Z
pukul	NN
21.45	SYM
WIB	NNP
,	Z
Rabu	NNP
(	Z
26/09/2012	SYM
)	Z
.	Z

Sedikitnya	RB
15	CD
orang	NN
tewas	VB
dalam	IN
peristiwa	NN
itu	PRD
.	Z

''	Z
Ini	PRD
sudah	RB
disetujui	VB
Presiden	NNP
SBY	NNP
.	Z

Kira-kira	RB
pukul	NN
tiga	CD
mereka	PRP
baru	RB
datang	VB
.	Z

Guru	NN
sudah	RB
pulang	VB
kemarin	NN
.	Z

Jejak-jejak	NN
darah	NN
juga	RB
terlihat	VB
di	IN
sekitar	RB
lokasi	NN
.	Z

Tembakan	NN
ketiga	OD
dilepas	VB
ke	IN
arah	NN
motor	NN
.	Z

Sri	NNP
dipapah	VB
masuk	VB
ke	IN
ruangannya	NN
.	Z

Puluhan	ID
polisi	NN
masih	RB
siaga	VB
berjaga	VB
di	IN
sekitar	NN
lokasi	NN
.	Z

Semua	ID
biaya	NN
ini	PRD
saat	SC
ini	PRD
masih	RB
disubsidi	VB
secara	IN
penuh	RB
oleh	IN
Pemkot	NNP
Yogyakarta	NNP
.	Z

Pondasi	NN
itu	PRD
diletakkan	VB
di	IN
dekat	JJ
taman	NN
halaman	NN
DPR	NNP
.	Z

Kan	RB
semuanya	RB
sudah	RB
pergi	VB
ke	IN
Shanghai	NNP
.	Z

Ia	PRP
menduga	VB
ini	PRD
terkait	VB
pemilihan	NN
walikota	NN
mendatang	VB
.	Z

Dua	CD
orang	NN
terakhir	JJS
ini	PRD
terseret	VB
kasus	NN
suap	NN
wisma	NN
atlet	NN
.	Z

Jakarta	NNP
-	SYM
Truk	NN
Fuso	NNP
muatan	NN
kayu	NN
terguling	VB
di	IN
KM	NNP
22	CD
Tol	NNP
Jakarta	NNP
arah	NN
Cikampek	NNP
.	Z

Di	IN
samping	NN
buah-buahan	NN
ditanam	VB
juga	RB
sayur-sayuran	NN
.	Z

''	Z
Tidak	RB
mungkin	RB
saya	PRP
bawa-bawa	VB
formalin	NN
.	Z

Kami	PRP
baru	RB
mengenal	VB
pamannya	NN
.	Z

Pencopotan	VB
Baratlou	NNP
ini	PRD
diikuti	VB
oleh	IN
penggantian	NN
kepala	NN
satuan	NN
khusus	JJ
kepolisian	NN
Teheran	NNP
,	Z
Jenderal	NNP
Hassan	NNP
Arabsorkhi	NNP
.	Z

Hampir	RB
keseluruhan	NN
11	CD
jasad	NN
penumpang	NN
telah	RB
ditemukan	VB
.	Z

Ada	VB
Ganjar	NNP
Pranowo	NNP
,	Z
Trirismaharini	NNP
,	Z
Puan	NNP
Maharani	NNP
,	Z
Tjahjo	NNP
Kumolo	NNP
,	Z
Pramono	NNP
Anung	NNP
.	Z

Ketiga	CD
anak	NN
itu	PRD
baru	RB
keluar	VB
dari	IN
ruang	NN
kelasnya	NN
.	Z

Barang-barang	NN
keperluan	NN
sehari-hari	NN
semakin	RB
murah	JJ
.	Z

Mereka	PRP
lantas	RB
mengambil	VB
uang	NN
di	IN
brankas	NN
Rp	NNP
130	CD
juta	CD
.	Z

Saya	PRP
ada	VB
hadiah	NN
kecil	JJ
untuk	IN
Bapak	NN
.	Z

Ngobrolin	VB
model	NN
cantik	JJ
Manohara	NNP
Odelia	NNP
Pinot	NNP
?	Z

Soalnya	SC
rakyat	NN
kecil	JJ
mendambakan	VB
keadilan	NN
.	Z

Almarhum	NNP
seperti	IN
menangkis	VB
pukulan	NN
itu	PRD
.	Z

Teheran	NNP
,	Z
-	SYM
Konflik	NN
Suriah	NNP
belum	RB
juga	RB
berakhir	VB
.	Z

Kedatangan	NN
tim	NN
kecil	JJ
dari	IN
Komisi	NNP
Hukum	NNP
ini	PRD
dalam	IN
rangkaian	NN
fit	FW
and	FW
proper	FW
test	FW
calon	NN
Kapolri	NNP
.	Z

Total	NN
ada	VB
23	CD
gunung	NN
api	NN
di	IN
negara	NN
ini	PRD
.	Z

Sri	NNP
Mulyani	NNP
resmi	JJ
digantikan	VB
Agus	NNP
Martowardojo	NNP
pada	IN
20	CD
Mei	NNP
2010	CD
.	Z

Syukur	UH
,	Z
anakmu	NN
menjadi	VB
juara	NN
dunia	NN
.	Z

Pertandingan	NN
tinju	NN
terlalu	RB
kejam	JJ
.	Z

Nama-nama	NN
mereka	PRP
tertulis	VB
di	IN
buku	NN
oleh	IN
kalian	PRP
.	Z

Jakarta	NNP
-	SYM
Dephub	NNP
RI	NNP
akan	MD
kooperatif	JJ
terhadap	IN
KPK	NNP
dalam	IN
pengusutan	NN
kasus	NN
dugaan	NN
korupsi	NN
pengadaan	NN
kapal	NN
patroli	NN
di	IN
Ditjen	NNP
Perhubungan	NNP
Laut	NNP
.	Z

Kita	PRP
harus	MD
menghargai	VB
hak-hak	NN
sesama	NN
manusia	NN
.	Z

''	Z
Dalam	IN
transisi	NN
konflik	NN
ke	IN
post-konflik	NN
ada	VB
masalah	NN
internal	JJ
.	Z

Seorang	DT
pun	P
tidak	RB
ada	VB
di	IN
ruang	NN
kelas	NN
.	Z

Banyak	ID
lapangan	NN
olahraga	NN
terdapat	VB
di	IN
kampus	NN
kami	PRP
.	Z

Polisi	NN
juga	RB
sudah	RB
mengamankan	VB
tersangka	NNP
Bayu	NNP
di	IN
Jawa	NNP
Tengah	NNP
.	Z

Bulan	NN
Oktober	NNP
2012	CD
,	Z
sang	DT
korban	NN
melapor	VB
ke	IN
polisi	NN
soal	NN
tindakan	NN
mereka	PRP
dahulu	NN
.	Z

Lalu	NN
lintas	NN
perhubungan	NN
kota	NNP
Guangzhou	NNP
kurang	RB
memuaskan	VB
belakangan	NN
ini	PRD
.	Z

Vivek	NNP
didiagnosis	VB
mengidap	VB
limfoma	NN
.	Z

Mereka	PRP
mengenakan	VB
kerudung	NN
.	Z

Penjual	NN
itu	PRD
memilihkan	VB
saya	PRP
buah	NN
semangka	NN
.	Z

Dua	CD
juta	CD
rupiah	NN
tidak	RB
termasuk	VB
ongkos	NN
kirim	VB
.	Z

Ini	PRD
penginapan	NN
biasa	JJ
,	Z
bukan	RB
hotel	NN
.	Z

100	CD
finishers	FW
pertama	OD
akan	MD
mendapatkan	VB
medali	NN
khusus	JJ
Safari	NNP
Wild	NNP
Cycling	NNP
2015	CD
.	Z

Gubernur	NNP
DKI	NNP
Jakarta	NNP
,	Z
Basuki	NNP
T	NNP
Purnama	NNP
alias	NN
Ahok	NNP
sendiri	PRF
sudah	RB
menyiapkan	VB
landasan	NN
hukum	NN
untuk	IN
kebijakan	NN
tersebut	PRD
.	Z

Tidak	RB
ada	VB
korban	NN
jiwa	NN
dalam	IN
kejadian	NN
tersebut	PRD
.	Z
''	Z
Kejadian	NN
pukul	NN
21.30	SYM
WITA	NNP
tadi	NN
malam	NN
,	Z
di	IN
Desa	NNP
Ohoy	NNP
,	Z
Kecamatan	NNP
Ohoy	NNP
,	Z
Muna	NNP
,	Z
Sulawesi	NNP
Tenggara	NNP
.	Z

Jakarta	NNP
-	SYM
Api	NN
membakar	VB
dua	CD
rumah	NN
di	IN
Jatinegara	NNP
,	Z
Jakarta	NNP
Timur	NNP
.	Z

Li	NNP
Li	NNP
tidak	RB
suka	VB
mendengar	VB
musik	NN
.	Z

Mesti	MD
diterusin	X
nih	UH
.	Z

Dia	PRP
baru	RB
saja	RB
melahirkan	VB
2	CD
anaknya	NN
.	Z

Tidak	RB
bisa	MD
CEO	NNP
di	IN
sini	PRD
,	Z
harus	MD
di	IN
New	NNP
York	NNP
pemegang	NN
saham	NN
.	Z

Dalam	IN
buku-buku	NN
sejarah	NN
era	NN
Orde	NNP
Baru	NNP
,	Z
nama	NN
Soebandrio	NNP
kerap	RB
masuk	VB
dalam	IN
kategori	NN
sosok	NN
gelap	JJ
.	Z

Barang	NN
semacam	RB
ini	PRD
hanya	RB
dijual	VB
di	IN
toko	NN
tertentu	JJ
.	Z

Hubungan	NN
mereka	PRP
berdua	CD
tak	RB
dapat	MD
diceraikan	VB
.	Z

Di	IN
luar	NN
itu	PRD
,	Z
Komite	NNP
Etik	NNP
tak	RB
bisa	MD
menindaklanjutinya	VO
.	Z

Kami	PRP
membeli	VB
topi	NN
di	IN
toko	NN
itu	PRD
.	Z

Itu	PRD
(	Z
Sunny	NNP
)	Z
di	IN
luar	NN
.	Z

Kami	PRP
tidak	RB
mendapatkan	VB
apa-apa	NN
di	IN
sekitar	RB
rumah	NN
itu	PRD
.	Z

Mobil-mobil	NN
mewah	JJ
menjadi	VB
sasaran	NN
empuk	JJ
aksi	NN
kejahatan	NN
ini	PRD
di	IN
tengah	RB
kemacetan	NN
.	Z

Biasa	JJ
pada	IN
kumpul-kumpul	NN
terus	RB
ribut	JJ
kecil	JJ
.	Z

Di	IN
Kebayoran	NNP
Lama	NNP
,	Z
Jakarta	NNP
Selatan	NNP
,	Z
kecelakaan	NN
menimpa	VB
pemotor	NN
Yamaha	NNP
Mio	NNP
B	NNP
4025	CD
SWG	NNP
.	Z

''	Z
Dia	PRP
sudah	RB
sepuh	JJ
.	Z

Kemacetan	NN
juga	RB
terjadi	VB
di	IN
KM	NNP
111	CD
Tol	NNP
Padalarang	NNP
arah	NN
Cikampek	NNP
.	Z

Dimana	X
5	CD
diantaranya	PO
merupakan	MD
alumni	NN
Pondok	NNP
Pesantren	NNP
Ngruki	NNP
.	Z

Terakhir	RB
,	Z
5	CD
orang	NN
terdakwa	NN
yakni	RB
Sertu	NNP
Tri	NNP
Juwanto	NNP
,	Z
Sertu	NNP
Anjar	NNP
Rahmanto	NNP
,	Z
Sertu	NNP
Martinus	NNP
Roberto	NNP
Paulus	NNP
Benani	NNP
,	Z
Sertu	NNP
Suprapto	NNP
dan	CC
Sertu	NNP
Hermawan	NNP
Siswoyo	NNP
.	Z

Kuda	NN
itu	PRD
sudah	RB
terikat	VB
pada	IN
pohon	NN
.	Z

Jakarta	NNP
-	SYM
Presiden	NN
AS	NNP
Barack	NNP
Obama	NNP
mendadak	RB
menelepon	VB
Presiden	NNP
SBY	NNP
.	Z

Jakarta	NNP
-	SYM
Isu	NN
nuklir	JJ
Iran	NNP
kian	RB
memanas	VB
.	Z

AC	NNP
di	IN
kamar	NN
kok	RB
tidak	RB
bisa	MD
dinyalakan	VB
.	Z

Mereka	PRP
tidak	RB
sempat	MD
bicara	VB
.	Z

Mbak	NN
biasanya	RB
pakai	VB
ukuran	NN
apa	WH
.	Z

Penyebab	NN
kekacauan	NN
ini	PRD
ada	VB
upaya	NN
eksekusi	NN
Century	NNP
Tower	NNP
.	Z

Jakarta	NNP
-	SYM
Vonis	NN
tiga	CD
tahun	NN
terhadap	IN
terdakwa	NN
pengedar	NN
20	CD
kg	SYM
shabu-shabu	NN
Hariono	NNP
Agus	NNP
memberi	VB
kesan	NN
bobroknya	NN
peradilan	NN
Indonesia	NNP
.	Z

Saya	PRP
tidak	RB
bisa	MD
tunggu	VB
lama-lama	JJ
,	Z
Pak	NN
.	Z

Dorongan	NN
ini	PRD
diwacanakan	VB
lewat	IN
Rapat	NNP
Kerja	NNP
Nasional	NNP
(	Z
Rakernas	NNP
)	Z
I	NNP
PDIP	NNP
.	Z

Perginya	NN
tidak	RB
diketahui	VB
orang	NN
lain	JJ
.	Z

Tim	NN
ini	PRD
diperkuat	VB
oleh	IN
dua	CD
orang	NN
jenderal	NN
dari	IN
kepolisian	NN
.	Z

Tingkah	NN
lakunya	NN
sangat	RB
wajar	JJ
.	Z

Mentimun	NN
dipotong	VB
bundar-bundar	JJ
.	Z

Survei	NN
adalah	MD
potret	NN
kondisi	NN
pada	IN
satu	CD
masa	NN
.	Z

Di	IN
tempat	NN
kejadian	NN
perkara	NN
,	Z
sejumlah	ID
keganjalan	NN
ditemukan	VB
polisi	NN
.	Z

Di	IN
sekolah	NN
ini	PRD
ada	VB
seratus	CD
murid	NN
.	Z

Mereka	PRP
datang	VB
dari	IN
berbagai	ID
daerah	NN
.	Z

Delapan	CD
orang	NN
dibawa	VB
ke	IN
Mapolrestabes	NNP
Semarang	NNP
untuk	IN
dimintai	VB
keterangan	NN
.	Z

Setiap	DT
tahun	NN
di	IN
kota	NN
ini	PRD
diadakan	VB
dua	CD
kali	NN
pekan	NN
olahraga	NN
.	Z

Alhasil	SC
pernyataan	NN
Bush	NNP
menuai	VB
kecaman	NN
dari	IN
pemerintah	NN
Kuba	NNP
.	Z

Para	DT
buronan	NN
memberikan	VB
perlawanan	NN
bersenjata	VB
.	Z

Mereka	PRP
bertiga	CD
sudah	RB
pergi	VB
.	Z

Mari	UH
,	Z
Bu	NN
.	Z

Aku	PRP
duduk	VB
di	IN
samping	NN
ayahku	NN
.	Z

Jakarta	NNP
-	SYM
Penyidik	NN
Komisi	NNP
Pemberantasan	NNP
Korupsi	NNP
(	Z
KPK	NNP
)	Z
memanggil	VB
adik	NN
Anas	NNP
Urbaningrum	NNP
,	Z
Anna	NNP
Lutfie	NNP
.	Z

Di	IN
bagian	NN
deck	FW
ini	PRD
pula	RB
2	CD
kamar	NN
VIP	NNP
berada	VB
.	Z

Kepolisian	NN
juga	RB
sudah	RB
pulang	VB
.	Z

Suka	VB
masakan	NN
Indonesia	NNP
tidak	RB
.	Z

Jokowi-JK	NNP
datang	VB
sekitar	RB
pukul	NN
15.00	SYM
WIB	NNP
di	IN
arena	NN
Silatnas	NNP
,	Z
di	IN
Hotel	NNP
Kartika	NNP
Chandra	NNP
,	Z
Jl	NNP
Gatot	NNP
Subroto	NNP
,	Z
Jakpus	NNP
,	Z
Selasa	NNP
(	Z
3/6/2014	SYM
)	Z
.	Z

Selain	IN
buku	NN
,	Z
DPRD	NNP
juga	RB
menganggarkan	VB
pengadaan	NN
laboratorium	NN
di	IN
sejumlah	ID
sekolah	NN
.	Z

Di	IN
sepanjang	NN
kota	NNP
Brisbane	NNP
,	Z
polisi	NN
juga	RB
berjaga	VB
hampir	RB
di	IN
setiap	DT
perempatan	NN
.	Z

Dia	PRP
pergi	VB
pula	RB
ke	IN
tempat	NN
itu	PRD
.	Z

Kapan	WH
mulai	VB
patroli	NN
?	Z

Jangan	RB
repot-repot	JJ
,	Z
Bu	NN
.	Z

Izinkanlah	VB
saya	PRP
atas	IN
nama	NN
Guru	NN
Pembimbing	NN
olahraga	NN
menyampaikan	VB
pujian	NN
kepada	IN
mereka	PRP
.	Z

Kita	PRP
harus	MD
pandai	JJ
menyimpulkan	VB
pengalaman-pengalaman	NN
generasi	NN
tua	JJ
.	Z

Berikut	VB
catatan	NN
kejahatan	NN
Gunawan	NNP
:	Z
16	CD
Januari	NNP
2003	CD
Gunawan	NNP
Santoso	NNP
alias	NN
Acin	NNP
melarikan	VB
diri	PRF
dari	IN
LP	NNP
Kuningan	NNP
.	Z

Untuk	IN
bekerja	VB
.	Z

Dia	PRP
sudah	RB
menjadi	VB
dokter	NN
.	Z

Seseorang	PRI
akan	MD
mengganti	VB
kamu	PRP
.	Z

Kapan	WH
proses	NN
produksi	NN
bisa	MD
dimulai	VB
.	Z

Daun-daun	NN
itu	PRD
menguning	VB
pada	IN
musim	NN
rontok	VB
.	Z

Buku	NN
itu	PRD
terletak	VB
di	IN
atas	IN
meja	NN
.	Z

Untuk	IN
lolos	VB
ke	IN
seleksi	NN
DPR	NNP
,	Z
para	DT
calon	NN
harus	MD
memiliki	VB
nilai	NN
70	CD
.	Z

Bagus	JJ
amat	RB
pakaian	NN
ini	PRD
.	Z

Lima	CD
hari	NN
dalam	IN
seminggu	NN
kami	PRP
harus	MD
kuliah	VB
.	Z

Rumahnya	NN
nampak	VB
lebih	RB
sederhana	JJ
dari	IN
rumah	NN
Nur	NNP
.	Z

Detikcom	NNP
melihat	VB
kerja	NN
pasukan	NN
oranye	NN
di	IN
kawasan	NN
Jakarta	NNP
Selatan	NNP
pada	IN
Rabu	NNP
(	Z
18-Feb	SYM
)	Z
.	Z

Jakarta	NNP
-	SYM
Calon	NN
Gubernur	NNP
DKI	NNP
Jakarta	NNP
Joko	NNP
Widodo	NNP
jelas	JJ
unggul	JJ
di	IN
putaran	NN
pertama	CD
.	Z

Sore	NN
ini	PRD
tidak	RB
ada	VB
kuliah	NN
,	Z
ya	UH
.	Z

Jakarta	NNP
-	SYM
Alam	NN
memberikan	VB
segala	ID
inspirasi	NN
.	Z

Saya	PRP
masih	RB
belum	RB
menyelesaikan	VB
PR	NN
kemarin	NN
.	Z

Tahun	NN
depan	JJ
,	Z
kota	NN
di	IN
kaki	NN
Gunung	NNP
Dempo	NNP
itu	PRD
akan	MD
memiliki	VB
Bandara	NNP
Atung	NNP
Bungsu	NNP
.	Z

Heli	NNP
tersebut	PRD
jatuh	VB
tak	RB
jauh	JJ
dari	IN
Pangkalan	NNP
Angkatan	NNP
Udara	NNP
Eglin	NNP
.	Z

Jakarta	NNP
-	SYM
Banjir	NN
di	IN
Jakarta	NNP
masih	RB
luar	JJ
biasa	JJ
.	Z

Kaca-kaca	NN
gedung	NN
pun	P
hancur	VB
.	Z

Saya	PRP
ambil	VB
S	X
di	IN
Universitas	NNP
Indonesia	NNP
.	Z

Mereka	PRP
semuanya	RB
suka	VB
belajar	VB
bahasa	NN
Indonesia	NNP
,	Z
kecuali	IN
Li	NNP
Li	NNP
.	Z

Desak-desakan	NN
pun	P
terjadi	VB
.	Z

Bapak	NN
tinggal	VB
di	IN
mana	WH
.	Z

Adik	NN
terjatuh	VB
dari	IN
tangga	NN
.	Z

Kesaksian	NN
Yanto	NNP
memperkuat	VB
kecurigaan	NN
mengenai	IN
penyebab	NN
kematian	NN
Umbu	NNP
.	Z

Baju	NN
bagus-bagus	JJ
itu	PRD
diberikan	VB
oleh	IN
bibinya	NN
.	Z

''	Z
Kita	PRP
akan	MD
minta	VB
tower	FW
untuk	IN
data	NN
radarnya	NN
.	Z

China	NNP
menyapu	VB
bersih	JJ
semua	ID
medali	NN
emas	NN
dalam	IN
nomor	NN
tenis	NN
meja	NN
.	Z

Pemeriksaan	NN
terhadap	IN
Sujud	NNP
merupakan	MD
kali	NN
kelima	OD
.	Z

Jakarta	NNP
-	SYM
Kementerian	NNP
Lingkungan	NNP
Hidup	NNP
(	Z
KLH	NNP
)	Z
batal	RB
mengumumkan	VB
kategori	NN
baku	NN
mutu	NN
lingkungan	NN
251	CD
perusahaan	NN
.	Z

Etnis	NN
kami	PRP
sama	JJ
.	Z

Proyek	NN
ambisius	JJ
lain	JJ
adalah	MD
renovasi	NN
tempat	NN
parkir	VB
motor	NN
.	Z

Pelantikan	NN
direncanakan	VB
pukul	NN
13.30	SYM
WIB	NNP
di	IN
Istana	NNP
Merdeka	NNP
.	Z

Satu	CD
per	CD
satu	CD
mereka	PRP
keluar	VB
dari	IN
ruang	NN
kelas	NN
.	Z

Hasil	NN
ramp	FW
check	FW
mampu	MD
menekan	VB
angka	NN
kecelakaan	NN
bus	NN
AKAP	NNP
sebesar	JJ
35	CD
persen	NN
.	Z

Ketujuh	OD
provinsi	NN
itu	PRD
adalah	MD
DKI	NNP
Jakarta	NNP
,	Z
DI	NNP
Yogyakarta	NNP
,	Z
Jawa	NNP
Timur	NNP
,	Z
Bengkulu	NNP
,	Z
Lampung	NNP
,	Z
Sulawesi	NNP
Selatan	NNP
,	Z
dan	CC
Sulawesi	NNP
Barat	NNP
.	Z

Anda	PRP
dapat	MD
masuk	VB
.	Z

Jakarta	NNP
-	SYM
Ketua	NNP
Pengadilan	NNP
Negeri	NNP
(	Z
KPN	NNP
)	Z
Tangerang	NNP
sekaligus	RB
ketua	NN
majelis	NN
hakim	NN
kasus	NN
Gayus	NNP
Tambunan	NNP
,	Z
Muktadi	NNP
Asnun	NNP
mengaku	VB
kecipratan	NN
uang	NN
dari	IN
Gayus	NNP
Rp	NNP
50	CD
juta	CD
.	Z

Tentu	RB
keputusan	NN
ada	VB
di	IN
tangan	NN
Pak	NNP
SBY	NNP
.	Z

Personel	NN
TNI	NNP
AU	NNP
masih	RB
menjaga	VB
ketat	JJ
lokasi	NN
.	Z

Siapa	WH
yang	PRL
meninggali	VB
rumah	NN
reyot	NN
itu	PRD
.	Z

Mayat-mayat	NN
dikumpulkan	VB
antara	IN
lain	JJ
di	IN
dua	CD
tempat	NN
.	Z

Maria	NNP
Febe	NNP
Kusumastuti	NNP
membuka	VB
kemenangan	NN
Tim	NNP
Indonesia	NNP
atas	IN
Afsel	NNP
.	Z

Panglima	NNP
TNI	NNP
Agus	NNP
Suhartono	NNP
telah	RB
memasuki	VB
masa	NN
pensiun	NN
.	Z

Antrean	NN
di	IN
''	Z
terminal	NN
''	Z
koridor	NN
I-III	CD
itu	PRD
menjadi-jadi	VB
.	Z

Widi	NNP
membakar	VB
dirinya	PRF
,	Z
Rabu	NNP
(	Z
13/3	SYM
)	Z
sekitar	RB
pukul	NN
22.00	SYM
WIB	NNP
.	Z

''	Z
Saya	PRP
tidak	RB
bersalah	VB
.	Z

Keduanya	NN
sepakat	VB
memperbaiki	VB
sertifikasi	NN
di	IN
tempat	NN
penyembelihan	NN
hewan	NN
.	Z

Sekali-sekali	RB
datang	VB
juga	RB
ia	PRP
ke	IN
rumahku	NN
.	Z

Luthfi	NNP
datang	VB
ke	IN
rumah	NN
Darin	NNP
hanya	RB
untuk	IN
minta	VB
pijat	CC
.	Z

MK	NNP
mengabulkan	VB
sebagian	NN
permohonan	NN
tokoh	NN
intelektual	JJ
muslim	NN
atas	IN
gugatan	NN
UU	NNP
22/2001	SYM
tentang	IN
Migas	NNP
.	Z

Ini	PRD
semua	ID
nanti	NN
akan	MD
disalurkan	VB
ke	IN
rapimnas	NN
.	Z

Jakarta	NNP
-	SYM
Menjelang	IN
penutupan	NN
posko	NNP
'	Z
Sandal	NNP
untuk	IN
Kapolri	NNP
'	Z
,	Z
antusiasme	NN
warga	NN
terus	RB
berdatangan	VB
.	Z

Momen	NN
foto	NN
ria	JJ
pun	P
tak	RB
terhindarkan	VB
.	Z

Untuk	IN
melanjutkan	VB
perjalanan	NN
,	Z
rasanya	RB
tidak	RB
mungkin	RB
.	Z

Jangan	RB
lupa	VB
Pak	NNP
Harto	NNP
sangat	RB
berjasa	VB
.	Z

''	Z
Transaksi	NN
cepat	JJ
di	IN
pintu	NN
tol	NN
menggunakan	VB
e-money	FW
.	Z

Lokasi	NN
itu	PRD
juga	RB
disinyalir	VB
rawan	JJ
tindakan	NN
kriminalitas	NN
.	Z

Insiden	NN
ini	PRD
terjadi	VB
di	IN
KM	NNP
31	CD
dari	IN
arah	NN
Kp	NNP
Rambutan	NN
menuju	VB
Pondok	NNP
Indah	NNP
sekitar	RB
pukul	NN
00.30	SYM
WIB	NNP
.	Z

Adik	NN
tidak	RB
mau	MD
menulis	VB
lagi	RB
.	Z

Dunia	NN
olahraga	NN
di	IN
negaranya	NN
masih	RB
dihantui	VB
oleh	IN
berbagai	ID
kasus	NN
doping	NN
.	Z

Jadi	SC
kami	PRP
menunggu	VB
di	IN
sini	PRD
saja	RB
.	Z

Prajurit	NN
Mongolia	NNP
berdiri	VB
di	IN
depan	NN
patung	NN
Jenghis	NNP
Khan	NNP
di	IN
Istana	NNP
Negara	NNP
Mongolia	NNP
di	IN
Ulaanbaatar	NNP
.	Z

Siapa	WH
dapat	MD
membuat	VB
kue	NN
.	Z

Kelima	CD
pahlawan	NN
nasional	JJ
baru	JJ
tersebut	PRD
ditetapkan	VB
berdasarkan	VB
Keputusan	NN
Presiden	NNP
(	Z
Keppres	NNP
)	Z
No.	NN
116	CD
/	SYM
TK	NNP
/	SYM
Tahun	NN
2015	CD
.	Z

Ibu	NN
menderita	VB
pendarahan	NN
lambung	NN
akut	JJ
.	Z

Secara	IN
fisik	NN
,	Z
anak-anak	NN
Mongolia	NNP
menunggang	VB
kuda	NN
di	IN
usia	NN
3	CD
tahun	NN
.	Z

''	Z
Dugaan	NN
pelanggarannya	NN
di	IN
luar	NN
negeri	NN
.	Z

Bisa	MD
minta	VB
kamar	NN
di	IN
lantai	NN
satu	CD
.	Z

Ngambilnya	VO
saja	RB
nggak	RB
boleh	MD
segitu	PRD
.	Z

Sehari	NN
menjelang	VB
Hari	NNP
Merdeka	NNP
diselenggarakan	VB
malam	NN
gembira	JJ
.	Z

Serahkanlah	VB
PR	NN
kalian	PRP
kepada	IN
saya	PRP
besok	NN
pagi	NN
.	Z

Jakarta	NNP
-	SYM
5	CD
Kasus	NN
influenza	NN
A	NNP
(	Z
H1N1	NNP
)	Z
ditemukan	VB
pada	IN
jamaah	NN
haji	NN
Indonesia	NNP
.	Z

Seorang	DT
pun	P
tak	RB
ada	VB
di	IN
ruang	NN
kelas	NN
.	Z

Aceh	NNP
dianggap	VB
rawan	JJ
.	Z

''	Z
Kasusnya	NN
sudah	RB
dilimpahkan	VB
ke	IN
polres	NNP
.	Z

Kasus	NN
Otorita	NNP
Batam	NNP
ini	PRD
terjadi	VB
pada	IN
2009	CD
lalu	JJ
.	Z

Ada	VB
kursi	NN
sebelah	NN
kanan	NN
dan	CC
kiri	NN
.	Z

Kota	NN
tersebut	PRD
berjarak	VB
sekitar	RB
125	CD
kilometer	NN
sebelah	NN
utara	NN
ibukota	NN
Paris	NNP
.	Z

Pengejaran	NN
terhadap	IN
pelaku	NN
masih	RB
dilakukan	VB
.	Z

Mereka	PRP
adalah	MD
Dr	NNP
Tahir	NNP
,	Z
Jusuf	NNP
Kalla	NNP
dan	CC
Faisal	NNP
Basri	NNP
.	Z

Mereka	PRP
sudah	RB
kembali	VB
ke	IN
asrama	NN
.	Z

Dalam	IN
segala	ID
hal	NN
,	Z
ia	PRP
akan	MD
memperlihatkan	VB
kehalusan	NN
jiwanya	NN
.	Z

Jakarta	NNP
-	SYM
Zaenal	NNP
Ma'arif	NNP
sudah	RB
bersiap	VB
diri	PRF
bila	SC
jadi	VB
tersangka	NN
terkait	VB
isu	NN
SBY	NNP
.	Z

Yah	UH
,	Z
dalam	IN
cinta	NN
nggak	RB
perlu	MD
pakai	VB
gengsi	NN
segala	ID
.	Z

Mereka	PRP
akan	MD
menyewa	VB
sebuah	DT
rumah	NN
di	IN
sekolah	NN
.	Z

Pada	IN
amplop	NN
surat	NN
tertulis	VB
pengirimnya	NN
:	Z
Australian	NNP
Consul	NNP
General	NNP
,	Z
Bali	NNP
.	Z

Komisi	NNP
Yudisial	NNP
(	Z
KY	NNP
)	Z
telah	RB
meminta	VB
keterangan	NN
dari	IN
Asnun	NNP
.	Z

Aku	PRP
siap	VB
denger	VB
curhatmu	NN
jam	NN
non-stop	FW
.	Z

Jakarta	NNP
-	SYM
Menteri	NNP
ESDM	NNP
Sudirman	NNP
Said	NNP
melaporkan	VB
Ketua	NNP
DPR	NNP
Setya	NNP
Novanto	NNP
ke	IN
MKD	NNP
DPR	NNP
.	Z

Ketiga	OD
,	Z
memperbesar	VB
peluang	NN
manipulasi	VB
politik	NN
.	Z

Jendela	NN
di	IN
ruang	NN
kelas	NN
kami	PRP
terbuka	VB
semuanya	RB
.	Z

Sodokan	NN
ini	PRD
antara	IN
lain	JJ
dari	IN
anggota	NN
Komisi	NNP
III	CD
DPR	NNP
RI	NNP
dari	IN
FKB	NNP
,	Z
Nursjahbani	NNP
Katjasungkana	NNP
.	Z

Bete	JJ
Sama	IN
siapa	WH
Bukan	RB
sama	IN
aku	PRP
kan	P
.	Z

Dilarang	VB
parkir	VB
di	IN
sini	PRD
,	Z
Non	NNP
.	Z

Jakarta	NNP
-	SYM
Ketua	NNP
Komisi	NNP
Pengawas	NNP
Persaingan	NNP
Usaha	NNP
(	Z
KPPU	NNP
)	Z
Muhammad	NNP
Iqbal	NNP
akan	MD
dilaporkan	VB
ke	IN
Mabes	NNP
Polri	NNP
.	Z

''	Z
Ini	PRD
bukan	RB
ide	NN
Pak	NNP
Novanto	NNP
.	Z

Kenapa	WH
Bapak	NN
tidak	RB
langsung	RB
menelepon	VB
HPnya	NNP
.	Z

Jakarta	NNP
-	SYM
Polisi	NN
terus	RB
mengejar	VB
para	DT
pelaku	NN
penembakan	NN
Aipda	NNP
Sukardi	NNP
.	Z

Dia	PRP
kehujanan	VB
kemarin	NN
malam	NN
.	Z

Kurun	NN
2005	CD
-	SYM
2007	CD
,	Z
Hagus	NNP
menjadi	VB
nasabah	NN
kartu	NN
kredit	NN
Citibank	NNP
.	Z

Gula	NN
pantang	NN
bagi	IN
penderita	NN
kencing	NN
manis	JJ
.	Z

Kamu	PRP
harus	MD
pulang	VB
malam	NN
ini	PRD
juga	RB
.	Z

Banyak	JJ
sekali	RB
barang	NN
di	IN
kamarnya	NN
.	Z

Ya	UH
Kami	PRP
baru	RB
mulai	VB
melebarkan	VB
sayap	NN
ke	IN
Malaysia	NNP
tahun	NN
ini	PRD
.	Z

Pertama-tama	RB
si	DT
pasien	NN
harus	MD
mendaftarkan	VB
diri	PRF
.	Z

Sang	DT
ketum	NNP
,	Z
Zulkifli	NNP
Hasan	NNP
masih	RB
merahasiakan	VB
rencana	NN
perombakan	NN
Fraksi	NNP
PAN	NNP
di	IN
DPR	NNP
.	Z

Negeri	NN
ini	PRD
perlu	MD
segera	RB
memecahkan	VB
masalah	NN
ekonominya	NN
.	Z

Polresta	NNP
Depok	NNP
berhasil	VB
ungkap	VB
praktis	NN
eksploitasi	NN
anak	NN
secara	IN
seksual	JJ
untuk	IN
keuntungan	NN
ekonomi	NN
.	Z

Hentikan	VB
saja	RB
.	Z

Daun	NN
singkong	NN
sangat	RB
berkhasiat	VB
bagi	IN
kesehatan	NN
kita	PRP
.	Z

Ambillah	VB
semaumu	NN
.	Z

Kamu	PRP
memegang	VB
apa	WH
.	Z

Para	DT
penggemar	NN
mobil	NN
kuno	JJ
ini	PRD
tergabung	VB
dalam	IN
Perhimpunan	NNP
Penggemar	NN
Mobil	NNP
Kuno	NNP
Indonesia	NNP
(	Z
PPMKI	NNP
)	Z
.	Z

Indonesia	NNP
-	SYM
BBC	NNP
-	SYM
Koleksi	NN
seni	NN
Islam	NNP
di	IN
Louvre	NNP
mengatrol	VB
jumlah	NN
pengunjung	NN
di	IN
museum	NN
Paris	NNP
itu	PRD
.	Z

Malam	NN
begini	PRD
Anda	PRP
datang	VB
juga	RB
.	Z

Para	DT
jamaah	NN
haji	NN
mengukir	VB
nama	NN
mereka	PRP
di	IN
tugu	NN
itu	PRD
.	Z

Kami	PRP
tidak	RB
menilai	VB
apa-apa	NN
.	Z

Ardian	NNP
adalah	MD
putra	NN
bungsu	NN
pasangan	NN
ini	PRD
.	Z

''	Z
Polisi	NN
seharusnya	RB
sudah	RB
melakukan	VB
autopsi	NN
.	Z

Kami	PRP
siap	VB
menghadapi	VB
segala	ID
tantangan	NN
.	Z

Adiknya	NN
pelan-pelan	RB
membuka	VB
pintu	NN
lemari	NN
.	Z

Personel	NN
Polri	NNP
berjaga	VB
di	IN
depan	NN
Gedung	NNP
DPR	NNP
.	Z

Arti	NN
kata	VB
itu	PRD
tidak	RB
berubah	VB
.	Z

Dia	PRP
mengambil	VB
buku	NN
saya	PRP
.	Z

Li	NNP
Li	NNP
suka	VB
ngobrol	VB
dalam	IN
bahasa	NN
Mandarin	NNP
.	Z

Hari	NN
ini	PRD
akan	MD
datang	VB
seseorang	PRI
.	Z

Jakarta	NNP
-	SYM
Wakil	NNP
Wali	NN
Kota	NNP
Cilegon	NNP
,	Z
Edi	NNP
Hariadi	NNP
,	Z
akan	MD
diperiksa	VB
penyidik	NN
Komisi	NNP
Pemberantasan	NNP
Korupsi	NNP
(	Z
KPK	NNP
)	Z
.	Z

Setibanya	RB
di	IN
Jakarta	NNP
belum	RB
diketahui	VB
prosesi	NN
rangkaian	NN
jenazah	NN
.	Z

Si	DT
Kera	NN
memetikkan	VB
si	DT
Kura-kura	NN
pisang	NN
.	Z

Tersangka	VB
kasus	NN
korupsi	NN
PT	NNP
Asabri	NNP
Mayjen	NNP
TNI	NNP
Purn	NNP
Subarda	NNP
Midjaja	NNP
kembali	RB
menjalani	VB
pemeriksaan	NN
.	Z

Dia	PRP
menderita	VB
penyakit	NN
apa	WH
.	Z

Kelima	CD
lokasi	NN
itu	PRD
adalah	MD
Bundaran	NNP
HI	NNP
,	Z
Istana	NNP
Negara	NNP
,	Z
Istana	NNP
Wapares	NNP
,	Z
Kantor	NNP
Kementerian	NNP
BUMN	NNP
di	IN
Jl	NNP
Medan	NNP
Merdeka	NNP
Selatan	NNP
,	Z
dan	CC
Kantor	NNP
Departemen	NNP
Perhubungan	NNP
di	IN
Jl	NNP
Medan	NNP
Merdeka	NNP
Barat	NNP
.	Z

Gubernur	NN
langsung	RB
naik	VB
Heli	NNP
menuju	VB
ke	IN
lapangan	NN
kampung	NN
Daleman	NNP
,	Z
Desa	NNP
Boko	NNP
,	Z
Kecamatan	NNP
Prambanan	NNP
,	Z
Sleman	NNP
,	Z
Yogyakarta	NNP
.	Z

Evakuasi	NN
masih	RB
terus	RB
berlangsung	VB
.	Z

Kebudayaan	NN
kedua	OD
kota	NN
ini	PRD
jauh	RB
berbeda	VB
.	Z

Tiket	NN
untuk	IN
tanggal	NN
16	CD
Oktober	NNP
itu	PRD
sudah	RB
bisa	MD
dibeli	VB
pada	IN
tanggal	NN
16	CD
September	NNP
.	Z

Mereka	PRP
berempat	CD
pergi	VB
ke	IN
perpustakaan	NN
.	Z

Iya	UH
,	Z
Yulia	NNP
memang	RB
manis	JJ
anaknya	NN
terus	RB
orang	NN
tuanya	JJ
kaya	JJ
lagi	RB
.	Z

5	CD
Lampu	NN
taman	NN
hias	VB
juga	RB
hancur	VB
.	Z

Sudah	RB
nyambung	VB
Silakan	VB
bicara	VB
.	Z

4	CD
Mobil	NN
pemadam	NN
kebakaran	NN
pun	P
dikerahkan	VB
.	Z

Saya	PRP
sudah	RB
mengenal	VB
betul-betul	RB
orang	NN
itu	PRD
.	Z

Musim	NN
hujan	NN
baru	RB
akan	MD
berlangsung	VB
pada	IN
pertengahan	NN
November	NNP
.	Z

''	Z
Sekarang	NN
semua	ID
dipasarbebaskan	VB
.	Z

Saya	PRP
tidak	RB
mengejar	VB
model	NN
kok	RB
.	Z

Saya	PRP
hanya	RB
mau	MD
melihat-lihat	VB
saja	RB
.	Z

Saya	PRP
bertanggungjawab	VB
atas	IN
mereka	PRP
.	Z

Tahun	NN
lalu	JJ
,	Z
jamaah	NN
nonkuota	NN
berada	VB
di	IN
kisaran	NN
3.000	CD
orang	NN
.	Z

Ceritanya	NN
berawal	VB
pada	IN
Jumat	NNP
,	Z
3	CD
Juni	NNP
2005	CD
.	Z

Dia	PRP
siap	VB
menjadi	VB
ketua	NN
umum	JJ
PP	NNP
Muhammadiyah	NNP
untuk	IN
lima	CD
tahun	NN
ke	IN
depan	NN
.	Z

''	Z
Pada	IN
saat	NN
kejadian	NN
,	Z
tidak	RB
ada	VB
siapa-siapa	NN
kok	RB
,	Z
Mas	NN
.	Z

Kami	PRP
memperoleh	VB
banyak	ID
medali	NN
emas	NN
dalam	IN
pertandingan	NN
internasional	JJ
.	Z

Orang	NN
tua	JJ
ini	PRD
mencari	VB
uang	NN
untukmu	PO
.	Z

''	Z
Kami	PRP
menyebutnya	VO
spider	FW
net	FW
(	Z
sarang	NN
laba-laba	NN
)	Z
.	Z

Jenazah	NN
mereka	PRP
dikremasi	VB
di	IN
krematorium	NN
PS	NNP
Panca	NNP
Budhi	NNP
,	Z
Kota	NNP
Batu	NNP
,	Z
Malang	NNP
,	Z
Jawa	NNP
Timur	NNP
,	Z
Rabu	NNP
(	Z
14/3/2007	SYM
)	Z
.	Z

Mereka	PRP
sudah	RB
menjawab	VB
pertanyaan	NN
.	Z

Pengganti	NN
sudah	RB
ada	VB
namanya	NN
.	Z

Sumur	NN
minyak	NN
Sukowati	NNP
mulai	VB
dibor	VB
pada	IN
22	CD
Juni	NNP
2006	CD
.	Z

Ke	IN
mana	WH
dia	PRP
pergi	VB
.	Z

Saat	SC
itu	PRD
saya	PRP
jatuh	VB
pasrah	VB
.	Z

Di	IN
geladak	NN
ini	PRD
area	NN
santai	JJ
terpusat	JJS
.	Z

Jadwal	NN
itu	PRD
bisa	MD
dimajukan	VB
tidak	RB
.	Z

Perlindungan	NN
pada	IN
whistle	FW
blower	FW
juga	RB
sudah	RB
diatur	VB
dalam	IN
pasal	NN
10	CD
UU	NNP
No	NN
13	CD
tahun	NN
2006	CD
tentang	IN
LPSK	NNP
.	Z

Kasian	NN
si	DT
Cinta	NNP
Pasti	RB
sakit	JJ
hati	NN
,	Z
baru	RB
jadian	VB
dua	CD
minggu	NN
cowoknya	NN
udah	RB
selingkuh	VB
sama	IN
cewek	NN
lain	JJ
Tragis	JJ
banget	RB
.	Z

Kabut	NN
asap	NN
juga	RB
memenuhi	VB
basement	FW
parkir	VB
mobil	NN
.	Z

Saya	PRP
akan	MD
menulis	VB
nanti	NN
sore	NN
.	Z

Eeh	UH
kenapa	WH
berhenti	VB
?	Z

Sang	DT
wartawati	NN
akan	MD
diperiksa	VB
pada	IN
Rabu	NNP
besok	NN
.	Z

Nggak	RB
ada	VB
untungnya	NN
bagi	IN
Adjie	NNP
.	Z

Sungguh	RB
tidak	RB
menambah	VB
keindahan	NN
hotel	NN
.	Z

Kemenkum	NN
masih	RB
melakukan	VB
penelusuran	NN
.	Z

Dia	PRP
selalu	RB
bersikap	VB
sungguh-sungguh	RB
.	Z

Baharudin	NNP
berpendapat	VB
cara	NN
ini	PRD
lebih	RB
efektif	JJ
.	Z

Ketiga	CD
saham	NN
bisa	MD
dilelang	VB
bebas	JJ
.	Z

Suardi	NNP
tewas	VB
tertembak	VB
.	Z

Jakarta	NNP
-	SYM
Korban	NN
pelecehan	NN
seksual	JJ
,	Z
Tara	NNP
Pradiptha	NNP
Laksmi	NNP
(	Z
19	CD
)	Z
mendatangi	VB
Polda	NNP
Metro	NNP
Jaya	NNP
.	Z

sempat	MD
terjadi	VB
adu	VB
argumen	NN
.	Z

Mereka	PRP
tinggal	VB
di	IN
kamp-kamp	NN
di	IN
sepanjang	NN
perbatasan	NN
Turki-Suriah	NNP
.	Z

Nenek	NN
itu	PRD
menggigil	VB
kedinginan	VB
.	Z

''	Z
Warungnya	NN
rusak	JJ
cukup	RB
parah	JJ
.	Z

Jakarta	NNP
-	SYM
Wilayah	NN
Koja	NNP
,	Z
Jakarta	NNP
Utara	NNP
,	Z
adalah	MD
daerah	NN
langganan	NN
banjir	NN
.	Z

Daya	NN
tarik	VB
itu	PRD
tak	RB
lain	JJ
adalah	MD
si	DT
Belang	NNP
.	Z

Mereka	PRP
adalah	MD
Wiwi	NNP
,	Z
Indah	NNP
,	Z
Olan	NNP
Olivia	NNP
,	Z
dan	CC
Andi	NNP
Hadijah	NNP
.	Z

''	Z
Kecelakaan	NN
,	Z
mempertahankan	VB
zero	FW
accident	FW
.	Z

Kamar	NN
itu	PRD
diatur	VB
oleh	IN
Li	NNP
Li	NNP
.	Z

Di	IN
toko	NN
ini	PRD
ada	VB
banyak	RB
sepeda	NN
.	Z

Delapan	CD
wilayah	NN
itu	PRD
antara	IN
lain	JJ
Pelabuhan	NNP
Klang	NNP
,	Z
Banting	NNP
Selangor	NNP
,	Z
Kuala	NNP
Selangor	NNP
,	Z
Pantai	NNP
Putra	NNP
,	Z
Putrajaya	NNP
,	Z
Nilai	NNP
,	Z
Seremban	NNP
,	Z
dan	CC
Malaka	NNP
.	Z

Minta	VB
sendok	NN
dan	CC
garpu	NN
,	Z
Mas	NN
.	Z

Juga	RB
ada	VB
sedikit	RB
benjolan	NN
.	Z

Cucilah	VB
baju	NN
ini	PRD
.	Z

Brakkk	NNP
,	Z
4	CD
kendaraan	NN
menghajar	VB
truk	NN
trailer	NN
itu	PRD
.	Z

''	Z
Dunia	NN
melihat	VB
konferensi	NN
ini	PRD
.	Z

Saya	PRP
yang	PRL
masakin	VB
.	Z

Si	DT
Rangga	NNP
selingkuh	VB
sama	IN
cewek	NN
lain	JJ
.	Z

*	Z
)	Z
Afit	NNP
Rufiadi	NNP
adalah	MD
praktisi	NN
hukum	NN
di	IN
Lampung	NNP
Selatan	NNP
.	Z

Wah	UH
,	Z
kamu	PRP
kok	RB
pakai	VB
dolar	NN
Australia	NNP
segala	ID
.	Z

Kiai	NNP
Subadar	NNP
meninggal	VB
di	IN
usia	NN
74	CD
tahun	NN
.	Z

''	Z
Ini	PRD
sangat	RB
menarik	VB
sekali	RB
.	Z

Keduanya	NN
adalah	MD
sekutu	NN
Iran	NNP
.	Z

Felix	NNP
pun	P
girang	JJ
.	Z

Dia	PRP
tak	RB
dapat	MD
mengerjakan	VB
PR	NN
hari	NN
ini	PRD
.	Z

Kami	PRP
sesat	JJ
jalan	VB
dalam	IN
menjalankan	VB
tugas	NN
.	Z

Perkataan	NN
Henry	NNP
memang	RB
benar	JJ
.	Z

Ini	PRD
sudah	RB
merupakan	MD
etika	NN
.	Z

Petugas	NN
menangkapnya	VO
pada	IN
Kamis	NNP
(	Z
26-Feb	SYM
)	Z
.	Z

Gubernur	NN
propinsi	NN
Guangdong	NNP
telah	RB
mengunjungi	VB
beberapa	ID
negara	NN
ASEAN	NNP
tahun	NN
ini	PRD
.	Z

Yohanes	NNP
bersaksi	VB
untuk	IN
mantan	JJ
Kepala	NNP
SKK	NNP
Migas	NNP
Rudi	NNP
Rubiandini	NNP
.	Z

Ada	VB
buku	NN
di	IN
kamar	NN
saya	PRP
.	Z

Menurutnya	PO
itu	PRD
hanyalah	P
risiko	NN
di	IN
dalam	IN
dunia	NN
politik	NN
.	Z

Kalian	PRP
datang	VB
ke	IN
sini	PRD
untuk	IN
apa	WH
.	Z

Dasar	UH
anak	NN
cerewet	JJ
Nanya	VB
melulu	RB
Terserah	VB
.	Z

Anggaran	NN
UPS	NNP
untuk	IN
masing-masing	JJ
sekolah	NN
mencapai	VB
Rp	NNP
6	CD
miliar	CD
.	Z

Eggi	NNP
mengacu	VB
pada	IN
UU	NNP
Nomor	NN
15	CD
Tahun	NN
2011	CD
tentang	IN
kewenangan	NN
KPU	NNP
.	Z

Agenda	NN
ini	PRD
direncanakan	VB
digelar	VB
rutin	NN
tahunan	NN
.	Z

Atas	IN
pembangunan	NN
itu	PRD
,	Z
Dinas	NNP
P2B	NNP
telah	RB
memberikan	VB
SP4	NNP
(	Z
Surat	NN
Peringatan	NNP
Penghentian	NN
Pekerjaan	NN
Proyek	NN
)	Z
No.34	SYM
SP4	NNP
Pusat	NNP
/	SYM
2005	CD
tanggal	NN
20	CD
Januari	NNP
2005	CD
.	Z

Saya	PRP
sangat	RB
rindu	VB
pada	IN
orang	NN
tuaku	JJ
.	Z

Bambang	NNP
juga	RB
sudah	RB
berkomitmen	VB
untuk	IN
pensiun	NN
dini	NN
.	Z

Tak	RB
berhasil	VB
.	Z

Ada	VB
bir	NN
nggak	RB
.	Z

Akibat	SC
pembangunan	NN
ini	PRD
,	Z
kemacetan	NN
arah	NN
ke	IN
Pluit	NNP
gila-gilaan	VB
hingga	IN
ke	IN
Gedung	NNP
DPR	NNP
,	Z
Senayan	NNP
.	Z

Penyerbuan	NN
itu	PRD
disebut-sebut	VB
direstui	NN
oleh	IN
Kabareskrim	NNP
Komjen	NNP
Sutarman	NNP
.	Z

Hal	NN
senada	JJ
dikatakan	VB
kader	NN
Golkar	NNP
lain	JJ
Mahyudin	NNP
.	Z

